[INFO] Scanning for projects...
[INFO] 
[INFO] --------------------< com.institute:institute-api >---------------------
[INFO] Building Institute Management API 1.0.0
[INFO]   from pom.xml
[INFO] --------------------------------[ jar ]---------------------------------
[INFO] 
[INFO] >>> spring-boot:3.2.5:run (default-cli) > test-compile @ institute-api >>>
[INFO] 
[INFO] --- resources:3.3.1:resources (default-resources) @ institute-api ---
[INFO] Copying 1 resource from src\main\resources to target\classes
[INFO] Copying 0 resource from src\main\resources to target\classes
[INFO] 
[INFO] --- compiler:3.11.0:compile (default-compile) @ institute-api ---
[INFO] Nothing to compile - all classes are up to date
[INFO] 
[INFO] --- resources:3.3.1:testResources (default-testResources) @ institute-api ---
[INFO] skip non existing resourceDirectory C:\Users\ammug\OneDrive\AMMU CLOUD\LANGUAGE PROGRAMMES\ANTIGRAVITY\upgraded_project\backend\springboot-app\src\test\resources
[INFO] 
[INFO] --- compiler:3.11.0:testCompile (default-testCompile) @ institute-api ---
[INFO] No sources to compile
[INFO] 
[INFO] <<< spring-boot:3.2.5:run (default-cli) < test-compile @ institute-api <<<
[INFO] 
[INFO] 
[INFO] --- spring-boot:3.2.5:run (default-cli) @ institute-api ---
[INFO] Attaching agents: []

  .   ____          _            __ _ _
 /\\ / ___'_ __ _ _(_)_ __  __ _ \ \ \ \
( ( )\___ | '_ | '_| | '_ \/ _` | \ \ \ \
 \\/  ___)| |_)| | | | | || (_| |  ) ) ) )
  '  |____| .__|_| |_|_| |_\__, | / / / /
 =========|_|==============|___/=/_/_/_/
 :: Spring Boot ::                (v3.2.5)

2026-03-22T21:46:55.610+05:30  INFO 23636 --- [institute-api] [           main] com.institute.InstituteApplication       : Starting InstituteApplication using Java 25.0.2 with PID 23636 (C:\Users\ammug\OneDrive\AMMU CLOUD\LANGUAGE PROGRAMMES\ANTIGRAVITY\upgraded_project\backend\springboot-app\target\classes started by ammug in C:\Users\ammug\OneDrive\AMMU CLOUD\LANGUAGE PROGRAMMES\ANTIGRAVITY\upgraded_project\backend\springboot-app)
2026-03-22T21:46:55.612+05:30  INFO 23636 --- [institute-api] [           main] com.institute.InstituteApplication       : No active profile set, falling back to 1 default profile: "default"
2026-03-22T21:46:56.223+05:30  INFO 23636 --- [institute-api] [           main] .s.d.r.c.RepositoryConfigurationDelegate : Bootstrapping Spring Data JPA repositories in DEFAULT mode.
2026-03-22T21:46:56.390+05:30  INFO 23636 --- [institute-api] [           main] .s.d.r.c.RepositoryConfigurationDelegate : Finished Spring Data repository scanning in 161 ms. Found 33 JPA repository interfaces.
WARNING: A restricted method in java.lang.System has been called
WARNING: java.lang.System::load has been called by org.apache.tomcat.jni.Library in an unnamed module (file:/C:/Users/ammug/.m2/repository/org/apache/tomcat/embed/tomcat-embed-core/10.1.20/tomcat-embed-core-10.1.20.jar)
WARNING: Use --enable-native-access=ALL-UNNAMED to avoid a warning for callers in this module
WARNING: Restricted methods will be blocked in a future release unless native access is enabled

2026-03-22T21:46:56.856+05:30  INFO 23636 --- [institute-api] [           main] o.s.b.w.embedded.tomcat.TomcatWebServer  : Tomcat initialized with port 8080 (http)
2026-03-22T21:46:56.866+05:30  INFO 23636 --- [institute-api] [           main] o.apache.catalina.core.StandardService   : Starting service [Tomcat]
2026-03-22T21:46:56.866+05:30  INFO 23636 --- [institute-api] [           main] o.apache.catalina.core.StandardEngine    : Starting Servlet engine: [Apache Tomcat/10.1.20]
2026-03-22T21:46:56.912+05:30  INFO 23636 --- [institute-api] [           main] o.a.c.c.C.[Tomcat].[localhost].[/]       : Initializing Spring embedded WebApplicationContext
2026-03-22T21:46:56.912+05:30  INFO 23636 --- [institute-api] [           main] w.s.c.ServletWebServerApplicationContext : Root WebApplicationContext: initialization completed in 1256 ms
2026-03-22T21:46:56.997+05:30  INFO 23636 --- [institute-api] [           main] o.hibernate.jpa.internal.util.LogHelper  : HHH000204: Processing PersistenceUnitInfo [name: default]
2026-03-22T21:46:57.040+05:30  INFO 23636 --- [institute-api] [           main] org.hibernate.Version                    : HHH000412: Hibernate ORM core version 6.4.4.Final
2026-03-22T21:46:57.071+05:30  INFO 23636 --- [institute-api] [           main] o.h.c.internal.RegionFactoryInitiator    : HHH000026: Second-level cache disabled
2026-03-22T21:46:57.259+05:30  INFO 23636 --- [institute-api] [           main] o.s.o.j.p.SpringPersistenceUnitInfo      : No LoadTimeWeaver setup: ignoring JPA class transformer
2026-03-22T21:46:57.277+05:30  WARN 23636 --- [institute-api] [           main] com.zaxxer.hikari.HikariConfig           : Hikari-Pool-default - idleTimeout has been set but has no effect because the pool is operating as a fixed size pool.
2026-03-22T21:46:57.277+05:30  INFO 23636 --- [institute-api] [           main] com.zaxxer.hikari.HikariDataSource       : Hikari-Pool-default - Starting...
2026-03-22T21:46:57.415+05:30  INFO 23636 --- [institute-api] [           main] com.zaxxer.hikari.pool.HikariPool        : Hikari-Pool-default - Added connection com.mysql.cj.jdbc.ConnectionImpl@701c223a
2026-03-22T21:46:57.416+05:30  INFO 23636 --- [institute-api] [           main] com.zaxxer.hikari.HikariDataSource       : Hikari-Pool-default - Start completed.
2026-03-22T21:46:57.432+05:30  WARN 23636 --- [institute-api] [           main] org.hibernate.orm.deprecation            : HHH90000025: MySQL8Dialect does not need to be specified explicitly using 'hibernate.dialect' (remove the property setting and it will be selected by default)
2026-03-22T21:46:57.433+05:30  WARN 23636 --- [institute-api] [           main] org.hibernate.orm.deprecation            : HHH90000026: MySQL8Dialect has been deprecated; use org.hibernate.dialect.MySQLDialect instead
2026-03-22T21:46:58.495+05:30  INFO 23636 --- [institute-api] [           main] o.h.e.t.j.p.i.JtaPlatformInitiator       : HHH000489: No JTA platform available (set 'hibernate.transaction.jta.platform' to enable JTA platform integration)
Hibernate: 
    alter table batches 
       modify column id bigint not null auto_increment
2026-03-22T21:46:58.750+05:30  WARN 23636 --- [institute-api] [           main] o.h.t.s.i.ExceptionHandlerLoggedImpl     : GenerationTarget encountered exception accepting command : Error executing DDL "
    alter table batches 
       modify column id bigint not null auto_increment" via JDBC [Incorrect table definition; there can be only one auto column and it must be defined as a key]

org.hibernate.tool.schema.spi.CommandAcceptanceException: Error executing DDL "
    alter table batches 
       modify column id bigint not null auto_increment" via JDBC [Incorrect table definition; there can be only one auto column and it must be defined as a key]
	at org.hibernate.tool.schema.internal.exec.GenerationTargetToDatabase.accept(GenerationTargetToDatabase.java:94) ~[hibernate-core-6.4.4.Final.jar:6.4.4.Final]
	at org.hibernate.tool.schema.internal.AbstractSchemaMigrator.applySqlString(AbstractSchemaMigrator.java:574) ~[hibernate-core-6.4.4.Final.jar:6.4.4.Final]
	at org.hibernate.tool.schema.internal.AbstractSchemaMigrator.applySqlStrings(AbstractSchemaMigrator.java:514) ~[hibernate-core-6.4.4.Final.jar:6.4.4.Final]
	at org.hibernate.tool.schema.internal.AbstractSchemaMigrator.migrateTable(AbstractSchemaMigrator.java:333) ~[hibernate-core-6.4.4.Final.jar:6.4.4.Final]
	at org.hibernate.tool.schema.internal.GroupedSchemaMigratorImpl.performTablesMigration(GroupedSchemaMigratorImpl.java:84) ~[hibernate-core-6.4.4.Final.jar:6.4.4.Final]
	at org.hibernate.tool.schema.internal.AbstractSchemaMigrator.performMigration(AbstractSchemaMigrator.java:232) ~[hibernate-core-6.4.4.Final.jar:6.4.4.Final]
	at org.hibernate.tool.schema.internal.AbstractSchemaMigrator.doMigration(AbstractSchemaMigrator.java:117) ~[hibernate-core-6.4.4.Final.jar:6.4.4.Final]
	at org.hibernate.tool.schema.spi.SchemaManagementToolCoordinator.performDatabaseAction(SchemaManagementToolCoordinator.java:286) ~[hibernate-core-6.4.4.Final.jar:6.4.4.Final]
	at org.hibernate.tool.schema.spi.SchemaManagementToolCoordinator.lambda$process$5(SchemaManagementToolCoordinator.java:145) ~[hibernate-core-6.4.4.Final.jar:6.4.4.Final]
	at java.base/java.util.HashMap.forEach(HashMap.java:1430) ~[na:na]
	at org.hibernate.tool.schema.spi.SchemaManagementToolCoordinator.process(SchemaManagementToolCoordinator.java:142) ~[hibernate-core-6.4.4.Final.jar:6.4.4.Final]
	at org.hibernate.boot.internal.SessionFactoryObserverForSchemaExport.sessionFactoryCreated(SessionFactoryObserverForSchemaExport.java:37) ~[hibernate-core-6.4.4.Final.jar:6.4.4.Final]
	at org.hibernate.internal.SessionFactoryObserverChain.sessionFactoryCreated(SessionFactoryObserverChain.java:35) ~[hibernate-core-6.4.4.Final.jar:6.4.4.Final]
	at org.hibernate.internal.SessionFactoryImpl.<init>(SessionFactoryImpl.java:315) ~[hibernate-core-6.4.4.Final.jar:6.4.4.Final]
	at org.hibernate.boot.internal.SessionFactoryBuilderImpl.build(SessionFactoryBuilderImpl.java:450) ~[hibernate-core-6.4.4.Final.jar:6.4.4.Final]
	at org.hibernate.jpa.boot.internal.EntityManagerFactoryBuilderImpl.build(EntityManagerFactoryBuilderImpl.java:1507) ~[hibernate-core-6.4.4.Final.jar:6.4.4.Final]
	at org.springframework.orm.jpa.vendor.SpringHibernateJpaPersistenceProvider.createContainerEntityManagerFactory(SpringHibernateJpaPersistenceProvider.java:75) ~[spring-orm-6.1.6.jar:6.1.6]
	at org.springframework.orm.jpa.LocalContainerEntityManagerFactoryBean.createNativeEntityManagerFactory(LocalContainerEntityManagerFactoryBean.java:390) ~[spring-orm-6.1.6.jar:6.1.6]
	at org.springframework.orm.jpa.AbstractEntityManagerFactoryBean.buildNativeEntityManagerFactory(AbstractEntityManagerFactoryBean.java:409) ~[spring-orm-6.1.6.jar:6.1.6]
	at org.springframework.orm.jpa.AbstractEntityManagerFactoryBean.afterPropertiesSet(AbstractEntityManagerFactoryBean.java:396) ~[spring-orm-6.1.6.jar:6.1.6]
	at org.springframework.orm.jpa.LocalContainerEntityManagerFactoryBean.afterPropertiesSet(LocalContainerEntityManagerFactoryBean.java:366) ~[spring-orm-6.1.6.jar:6.1.6]
	at org.springframework.beans.factory.support.AbstractAutowireCapableBeanFactory.invokeInitMethods(AbstractAutowireCapableBeanFactory.java:1833) ~[spring-beans-6.1.6.jar:6.1.6]
	at org.springframework.beans.factory.support.AbstractAutowireCapableBeanFactory.initializeBean(AbstractAutowireCapableBeanFactory.java:1782) ~[spring-beans-6.1.6.jar:6.1.6]
	at org.springframework.beans.factory.support.AbstractAutowireCapableBeanFactory.doCreateBean(AbstractAutowireCapableBeanFactory.java:600) ~[spring-beans-6.1.6.jar:6.1.6]
	at org.springframework.beans.factory.support.AbstractAutowireCapableBeanFactory.createBean(AbstractAutowireCapableBeanFactory.java:522) ~[spring-beans-6.1.6.jar:6.1.6]
	at org.springframework.beans.factory.support.AbstractBeanFactory.lambda$doGetBean$0(AbstractBeanFactory.java:326) ~[spring-beans-6.1.6.jar:6.1.6]
	at org.springframework.beans.factory.support.DefaultSingletonBeanRegistry.getSingleton(DefaultSingletonBeanRegistry.java:234) ~[spring-beans-6.1.6.jar:6.1.6]
	at org.springframework.beans.factory.support.AbstractBeanFactory.doGetBean(AbstractBeanFactory.java:324) ~[spring-beans-6.1.6.jar:6.1.6]
	at org.springframework.beans.factory.support.AbstractBeanFactory.getBean(AbstractBeanFactory.java:200) ~[spring-beans-6.1.6.jar:6.1.6]
	at org.springframework.beans.factory.support.BeanDefinitionValueResolver.resolveReference(BeanDefinitionValueResolver.java:365) ~[spring-beans-6.1.6.jar:6.1.6]
	at org.springframework.beans.factory.support.BeanDefinitionValueResolver.resolveValueIfNecessary(BeanDefinitionValueResolver.java:135) ~[spring-beans-6.1.6.jar:6.1.6]
	at org.springframework.beans.factory.support.ConstructorResolver.resolveConstructorArguments(ConstructorResolver.java:682) ~[spring-beans-6.1.6.jar:6.1.6]
	at org.springframework.beans.factory.support.ConstructorResolver.instantiateUsingFactoryMethod(ConstructorResolver.java:509) ~[spring-beans-6.1.6.jar:6.1.6]
	at org.springframework.beans.factory.support.AbstractAutowireCapableBeanFactory.instantiateUsingFactoryMethod(AbstractAutowireCapableBeanFactory.java:1335) ~[spring-beans-6.1.6.jar:6.1.6]
	at org.springframework.beans.factory.support.AbstractAutowireCapableBeanFactory.createBeanInstance(AbstractAutowireCapableBeanFactory.java:1165) ~[spring-beans-6.1.6.jar:6.1.6]
	at org.springframework.beans.factory.support.AbstractAutowireCapableBeanFactory.doCreateBean(AbstractAutowireCapableBeanFactory.java:562) ~[spring-beans-6.1.6.jar:6.1.6]
	at org.springframework.beans.factory.support.AbstractAutowireCapableBeanFactory.createBean(AbstractAutowireCapableBeanFactory.java:522) ~[spring-beans-6.1.6.jar:6.1.6]
	at org.springframework.beans.factory.support.AbstractBeanFactory.lambda$doGetBean$0(AbstractBeanFactory.java:326) ~[spring-beans-6.1.6.jar:6.1.6]
	at org.springframework.beans.factory.support.DefaultSingletonBeanRegistry.getSingleton(DefaultSingletonBeanRegistry.java:234) ~[spring-beans-6.1.6.jar:6.1.6]
	at org.springframework.beans.factory.support.AbstractBeanFactory.doGetBean(AbstractBeanFactory.java:324) ~[spring-beans-6.1.6.jar:6.1.6]
	at org.springframework.beans.factory.support.AbstractBeanFactory.getBean(AbstractBeanFactory.java:200) ~[spring-beans-6.1.6.jar:6.1.6]
	at org.springframework.beans.factory.support.BeanDefinitionValueResolver.resolveReference(BeanDefinitionValueResolver.java:365) ~[spring-beans-6.1.6.jar:6.1.6]
	at org.springframework.beans.factory.support.BeanDefinitionValueResolver.resolveValueIfNecessary(BeanDefinitionValueResolver.java:135) ~[spring-beans-6.1.6.jar:6.1.6]
	at org.springframework.beans.factory.support.AbstractAutowireCapableBeanFactory.applyPropertyValues(AbstractAutowireCapableBeanFactory.java:1685) ~[spring-beans-6.1.6.jar:6.1.6]
	at org.springframework.beans.factory.support.AbstractAutowireCapableBeanFactory.populateBean(AbstractAutowireCapableBeanFactory.java:1434) ~[spring-beans-6.1.6.jar:6.1.6]
	at org.springframework.beans.factory.support.AbstractAutowireCapableBeanFactory.doCreateBean(AbstractAutowireCapableBeanFactory.java:599) ~[spring-beans-6.1.6.jar:6.1.6]
	at org.springframework.beans.factory.support.AbstractAutowireCapableBeanFactory.createBean(AbstractAutowireCapableBeanFactory.java:522) ~[spring-beans-6.1.6.jar:6.1.6]
	at org.springframework.beans.factory.support.AbstractBeanFactory.lambda$doGetBean$0(AbstractBeanFactory.java:326) ~[spring-beans-6.1.6.jar:6.1.6]
	at org.springframework.beans.factory.support.DefaultSingletonBeanRegistry.getSingleton(DefaultSingletonBeanRegistry.java:234) ~[spring-beans-6.1.6.jar:6.1.6]
	at org.springframework.beans.factory.support.AbstractBeanFactory.doGetBean(AbstractBeanFactory.java:324) ~[spring-beans-6.1.6.jar:6.1.6]
	at org.springframework.beans.factory.support.AbstractBeanFactory.getBean(AbstractBeanFactory.java:200) ~[spring-beans-6.1.6.jar:6.1.6]
	at org.springframework.beans.factory.config.DependencyDescriptor.resolveCandidate(DependencyDescriptor.java:254) ~[spring-beans-6.1.6.jar:6.1.6]
	at org.springframework.beans.factory.support.DefaultListableBeanFactory.doResolveDependency(DefaultListableBeanFactory.java:1443) ~[spring-beans-6.1.6.jar:6.1.6]
	at org.springframework.beans.factory.support.DefaultListableBeanFactory.resolveDependency(DefaultListableBeanFactory.java:1353) ~[spring-beans-6.1.6.jar:6.1.6]
	at org.springframework.beans.factory.support.ConstructorResolver.resolveAutowiredArgument(ConstructorResolver.java:904) ~[spring-beans-6.1.6.jar:6.1.6]
	at org.springframework.beans.factory.support.ConstructorResolver.createArgumentArray(ConstructorResolver.java:782) ~[spring-beans-6.1.6.jar:6.1.6]
	at org.springframework.beans.factory.support.ConstructorResolver.autowireConstructor(ConstructorResolver.java:237) ~[spring-beans-6.1.6.jar:6.1.6]
	at org.springframework.beans.factory.support.AbstractAutowireCapableBeanFactory.autowireConstructor(AbstractAutowireCapableBeanFactory.java:1355) ~[spring-beans-6.1.6.jar:6.1.6]
	at org.springframework.beans.factory.support.AbstractAutowireCapableBeanFactory.createBeanInstance(AbstractAutowireCapableBeanFactory.java:1192) ~[spring-beans-6.1.6.jar:6.1.6]
	at org.springframework.beans.factory.support.AbstractAutowireCapableBeanFactory.doCreateBean(AbstractAutowireCapableBeanFactory.java:562) ~[spring-beans-6.1.6.jar:6.1.6]
	at org.springframework.beans.factory.support.AbstractAutowireCapableBeanFactory.createBean(AbstractAutowireCapableBeanFactory.java:522) ~[spring-beans-6.1.6.jar:6.1.6]
	at org.springframework.beans.factory.support.AbstractBeanFactory.lambda$doGetBean$0(AbstractBeanFactory.java:326) ~[spring-beans-6.1.6.jar:6.1.6]
	at org.springframework.beans.factory.support.DefaultSingletonBeanRegistry.getSingleton(DefaultSingletonBeanRegistry.java:234) ~[spring-beans-6.1.6.jar:6.1.6]
	at org.springframework.beans.factory.support.AbstractBeanFactory.doGetBean(AbstractBeanFactory.java:324) ~[spring-beans-6.1.6.jar:6.1.6]
	at org.springframework.beans.factory.support.AbstractBeanFactory.getBean(AbstractBeanFactory.java:205) ~[spring-beans-6.1.6.jar:6.1.6]
	at org.springframework.boot.web.servlet.ServletContextInitializerBeans.getOrderedBeansOfType(ServletContextInitializerBeans.java:210) ~[spring-boot-3.2.5.jar:3.2.5]
	at org.springframework.boot.web.servlet.ServletContextInitializerBeans.addAsRegistrationBean(ServletContextInitializerBeans.java:173) ~[spring-boot-3.2.5.jar:3.2.5]
	at org.springframework.boot.web.servlet.ServletContextInitializerBeans.addAsRegistrationBean(ServletContextInitializerBeans.java:168) ~[spring-boot-3.2.5.jar:3.2.5]
	at org.springframework.boot.web.servlet.ServletContextInitializerBeans.addAdaptableBeans(ServletContextInitializerBeans.java:153) ~[spring-boot-3.2.5.jar:3.2.5]
	at org.springframework.boot.web.servlet.ServletContextInitializerBeans.<init>(ServletContextInitializerBeans.java:86) ~[spring-boot-3.2.5.jar:3.2.5]
	at org.springframework.boot.web.servlet.context.ServletWebServerApplicationContext.getServletContextInitializerBeans(ServletWebServerApplicationContext.java:266) ~[spring-boot-3.2.5.jar:3.2.5]
	at org.springframework.boot.web.servlet.context.ServletWebServerApplicationContext.selfInitialize(ServletWebServerApplicationContext.java:240) ~[spring-boot-3.2.5.jar:3.2.5]
	at org.springframework.boot.web.embedded.tomcat.TomcatStarter.onStartup(TomcatStarter.java:52) ~[spring-boot-3.2.5.jar:3.2.5]
	at org.apache.catalina.core.StandardContext.startInternal(StandardContext.java:4880) ~[tomcat-embed-core-10.1.20.jar:10.1.20]
	at org.apache.catalina.util.LifecycleBase.start(LifecycleBase.java:171) ~[tomcat-embed-core-10.1.20.jar:10.1.20]
	at org.apache.catalina.core.ContainerBase$StartChild.call(ContainerBase.java:1332) ~[tomcat-embed-core-10.1.20.jar:10.1.20]
	at org.apache.catalina.core.ContainerBase$StartChild.call(ContainerBase.java:1322) ~[tomcat-embed-core-10.1.20.jar:10.1.20]
	at java.base/java.util.concurrent.FutureTask.run(FutureTask.java:328) ~[na:na]
	at org.apache.tomcat.util.threads.InlineExecutorService.execute(InlineExecutorService.java:75) ~[tomcat-embed-core-10.1.20.jar:10.1.20]
	at java.base/java.util.concurrent.AbstractExecutorService.submit(AbstractExecutorService.java:149) ~[na:na]
	at org.apache.catalina.core.ContainerBase.startInternal(ContainerBase.java:866) ~[tomcat-embed-core-10.1.20.jar:10.1.20]
	at org.apache.catalina.core.StandardHost.startInternal(StandardHost.java:845) ~[tomcat-embed-core-10.1.20.jar:10.1.20]
	at org.apache.catalina.util.LifecycleBase.start(LifecycleBase.java:171) ~[tomcat-embed-core-10.1.20.jar:10.1.20]
	at org.apache.catalina.core.ContainerBase$StartChild.call(ContainerBase.java:1332) ~[tomcat-embed-core-10.1.20.jar:10.1.20]
	at org.apache.catalina.core.ContainerBase$StartChild.call(ContainerBase.java:1322) ~[tomcat-embed-core-10.1.20.jar:10.1.20]
	at java.base/java.util.concurrent.FutureTask.run(FutureTask.java:328) ~[na:na]
	at org.apache.tomcat.util.threads.InlineExecutorService.execute(InlineExecutorService.java:75) ~[tomcat-embed-core-10.1.20.jar:10.1.20]
	at java.base/java.util.concurrent.AbstractExecutorService.submit(AbstractExecutorService.java:149) ~[na:na]
	at org.apache.catalina.core.ContainerBase.startInternal(ContainerBase.java:866) ~[tomcat-embed-core-10.1.20.jar:10.1.20]
	at org.apache.catalina.core.StandardEngine.startInternal(StandardEngine.java:240) ~[tomcat-embed-core-10.1.20.jar:10.1.20]
	at org.apache.catalina.util.LifecycleBase.start(LifecycleBase.java:171) ~[tomcat-embed-core-10.1.20.jar:10.1.20]
	at org.apache.catalina.core.StandardService.startInternal(StandardService.java:433) ~[tomcat-embed-core-10.1.20.jar:10.1.20]
	at org.apache.catalina.util.LifecycleBase.start(LifecycleBase.java:171) ~[tomcat-embed-core-10.1.20.jar:10.1.20]
	at org.apache.catalina.core.StandardServer.startInternal(StandardServer.java:921) ~[tomcat-embed-core-10.1.20.jar:10.1.20]
	at org.apache.catalina.util.LifecycleBase.start(LifecycleBase.java:171) ~[tomcat-embed-core-10.1.20.jar:10.1.20]
	at org.apache.catalina.startup.Tomcat.start(Tomcat.java:437) ~[tomcat-embed-core-10.1.20.jar:10.1.20]
	at org.springframework.boot.web.embedded.tomcat.TomcatWebServer.initialize(TomcatWebServer.java:126) ~[spring-boot-3.2.5.jar:3.2.5]
	at org.springframework.boot.web.embedded.tomcat.TomcatWebServer.<init>(TomcatWebServer.java:105) ~[spring-boot-3.2.5.jar:3.2.5]
	at org.springframework.boot.web.embedded.tomcat.TomcatServletWebServerFactory.getTomcatWebServer(TomcatServletWebServerFactory.java:499) ~[spring-boot-3.2.5.jar:3.2.5]
	at org.springframework.boot.web.embedded.tomcat.TomcatServletWebServerFactory.getWebServer(TomcatServletWebServerFactory.java:218) ~[spring-boot-3.2.5.jar:3.2.5]
	at org.springframework.boot.web.servlet.context.ServletWebServerApplicationContext.createWebServer(ServletWebServerApplicationContext.java:188) ~[spring-boot-3.2.5.jar:3.2.5]
	at org.springframework.boot.web.servlet.context.ServletWebServerApplicationContext.onRefresh(ServletWebServerApplicationContext.java:162) ~[spring-boot-3.2.5.jar:3.2.5]
	at org.springframework.context.support.AbstractApplicationContext.refresh(AbstractApplicationContext.java:618) ~[spring-context-6.1.6.jar:6.1.6]
	at org.springframework.boot.web.servlet.context.ServletWebServerApplicationContext.refresh(ServletWebServerApplicationContext.java:146) ~[spring-boot-3.2.5.jar:3.2.5]
	at org.springframework.boot.SpringApplication.refresh(SpringApplication.java:754) ~[spring-boot-3.2.5.jar:3.2.5]
	at org.springframework.boot.SpringApplication.refreshContext(SpringApplication.java:456) ~[spring-boot-3.2.5.jar:3.2.5]
	at org.springframework.boot.SpringApplication.run(SpringApplication.java:334) ~[spring-boot-3.2.5.jar:3.2.5]
	at org.springframework.boot.SpringApplication.run(SpringApplication.java:1354) ~[spring-boot-3.2.5.jar:3.2.5]
	at org.springframework.boot.SpringApplication.run(SpringApplication.java:1343) ~[spring-boot-3.2.5.jar:3.2.5]
	at com.institute.InstituteApplication.main(InstituteApplication.java:9) ~[classes/:na]
Caused by: java.sql.SQLSyntaxErrorException: Incorrect table definition; there can be only one auto column and it must be defined as a key
	at com.mysql.cj.jdbc.exceptions.SQLError.createSQLException(SQLError.java:121) ~[mysql-connector-j-8.3.0.jar:8.3.0]
	at com.mysql.cj.jdbc.exceptions.SQLExceptionsMapping.translateException(SQLExceptionsMapping.java:122) ~[mysql-connector-j-8.3.0.jar:8.3.0]
	at com.mysql.cj.jdbc.StatementImpl.executeInternal(StatementImpl.java:770) ~[mysql-connector-j-8.3.0.jar:8.3.0]
	at com.mysql.cj.jdbc.StatementImpl.execute(StatementImpl.java:653) ~[mysql-connector-j-8.3.0.jar:8.3.0]
	at com.zaxxer.hikari.pool.ProxyStatement.execute(ProxyStatement.java:94) ~[HikariCP-5.0.1.jar:na]
	at com.zaxxer.hikari.pool.HikariProxyStatement.execute(HikariProxyStatement.java) ~[HikariCP-5.0.1.jar:na]
	at org.hibernate.tool.schema.internal.exec.GenerationTargetToDatabase.accept(GenerationTargetToDatabase.java:80) ~[hibernate-core-6.4.4.Final.jar:6.4.4.Final]
	... 109 common frames omitted

Hibernate: 
    alter table courses 
       modify column id bigint not null auto_increment
2026-03-22T21:46:58.754+05:30  WARN 23636 --- [institute-api] [           main] o.h.t.s.i.ExceptionHandlerLoggedImpl     : GenerationTarget encountered exception accepting command : Error executing DDL "
    alter table courses 
       modify column id bigint not null auto_increment" via JDBC [Incorrect table definition; there can be only one auto column and it must be defined as a key]

org.hibernate.tool.schema.spi.CommandAcceptanceException: Error executing DDL "
    alter table courses 
       modify column id bigint not null auto_increment" via JDBC [Incorrect table definition; there can be only one auto column and it must be defined as a key]
	at org.hibernate.tool.schema.internal.exec.GenerationTargetToDatabase.accept(GenerationTargetToDatabase.java:94) ~[hibernate-core-6.4.4.Final.jar:6.4.4.Final]
	at org.hibernate.tool.schema.internal.AbstractSchemaMigrator.applySqlString(AbstractSchemaMigrator.java:574) ~[hibernate-core-6.4.4.Final.jar:6.4.4.Final]
	at org.hibernate.tool.schema.internal.AbstractSchemaMigrator.applySqlStrings(AbstractSchemaMigrator.java:514) ~[hibernate-core-6.4.4.Final.jar:6.4.4.Final]
	at org.hibernate.tool.schema.internal.AbstractSchemaMigrator.migrateTable(AbstractSchemaMigrator.java:333) ~[hibernate-core-6.4.4.Final.jar:6.4.4.Final]
	at org.hibernate.tool.schema.internal.GroupedSchemaMigratorImpl.performTablesMigration(GroupedSchemaMigratorImpl.java:84) ~[hibernate-core-6.4.4.Final.jar:6.4.4.Final]
	at org.hibernate.tool.schema.internal.AbstractSchemaMigrator.performMigration(AbstractSchemaMigrator.java:232) ~[hibernate-core-6.4.4.Final.jar:6.4.4.Final]
	at org.hibernate.tool.schema.internal.AbstractSchemaMigrator.doMigration(AbstractSchemaMigrator.java:117) ~[hibernate-core-6.4.4.Final.jar:6.4.4.Final]
	at org.hibernate.tool.schema.spi.SchemaManagementToolCoordinator.performDatabaseAction(SchemaManagementToolCoordinator.java:286) ~[hibernate-core-6.4.4.Final.jar:6.4.4.Final]
	at org.hibernate.tool.schema.spi.SchemaManagementToolCoordinator.lambda$process$5(SchemaManagementToolCoordinator.java:145) ~[hibernate-core-6.4.4.Final.jar:6.4.4.Final]
	at java.base/java.util.HashMap.forEach(HashMap.java:1430) ~[na:na]
	at org.hibernate.tool.schema.spi.SchemaManagementToolCoordinator.process(SchemaManagementToolCoordinator.java:142) ~[hibernate-core-6.4.4.Final.jar:6.4.4.Final]
	at org.hibernate.boot.internal.SessionFactoryObserverForSchemaExport.sessionFactoryCreated(SessionFactoryObserverForSchemaExport.java:37) ~[hibernate-core-6.4.4.Final.jar:6.4.4.Final]
	at org.hibernate.internal.SessionFactoryObserverChain.sessionFactoryCreated(SessionFactoryObserverChain.java:35) ~[hibernate-core-6.4.4.Final.jar:6.4.4.Final]
	at org.hibernate.internal.SessionFactoryImpl.<init>(SessionFactoryImpl.java:315) ~[hibernate-core-6.4.4.Final.jar:6.4.4.Final]
	at org.hibernate.boot.internal.SessionFactoryBuilderImpl.build(SessionFactoryBuilderImpl.java:450) ~[hibernate-core-6.4.4.Final.jar:6.4.4.Final]
	at org.hibernate.jpa.boot.internal.EntityManagerFactoryBuilderImpl.build(EntityManagerFactoryBuilderImpl.java:1507) ~[hibernate-core-6.4.4.Final.jar:6.4.4.Final]
	at org.springframework.orm.jpa.vendor.SpringHibernateJpaPersistenceProvider.createContainerEntityManagerFactory(SpringHibernateJpaPersistenceProvider.java:75) ~[spring-orm-6.1.6.jar:6.1.6]
	at org.springframework.orm.jpa.LocalContainerEntityManagerFactoryBean.createNativeEntityManagerFactory(LocalContainerEntityManagerFactoryBean.java:390) ~[spring-orm-6.1.6.jar:6.1.6]
	at org.springframework.orm.jpa.AbstractEntityManagerFactoryBean.buildNativeEntityManagerFactory(AbstractEntityManagerFactoryBean.java:409) ~[spring-orm-6.1.6.jar:6.1.6]
	at org.springframework.orm.jpa.AbstractEntityManagerFactoryBean.afterPropertiesSet(AbstractEntityManagerFactoryBean.java:396) ~[spring-orm-6.1.6.jar:6.1.6]
	at org.springframework.orm.jpa.LocalContainerEntityManagerFactoryBean.afterPropertiesSet(LocalContainerEntityManagerFactoryBean.java:366) ~[spring-orm-6.1.6.jar:6.1.6]
	at org.springframework.beans.factory.support.AbstractAutowireCapableBeanFactory.invokeInitMethods(AbstractAutowireCapableBeanFactory.java:1833) ~[spring-beans-6.1.6.jar:6.1.6]
	at org.springframework.beans.factory.support.AbstractAutowireCapableBeanFactory.initializeBean(AbstractAutowireCapableBeanFactory.java:1782) ~[spring-beans-6.1.6.jar:6.1.6]
	at org.springframework.beans.factory.support.AbstractAutowireCapableBeanFactory.doCreateBean(AbstractAutowireCapableBeanFactory.java:600) ~[spring-beans-6.1.6.jar:6.1.6]
	at org.springframework.beans.factory.support.AbstractAutowireCapableBeanFactory.createBean(AbstractAutowireCapableBeanFactory.java:522) ~[spring-beans-6.1.6.jar:6.1.6]
	at org.springframework.beans.factory.support.AbstractBeanFactory.lambda$doGetBean$0(AbstractBeanFactory.java:326) ~[spring-beans-6.1.6.jar:6.1.6]
	at org.springframework.beans.factory.support.DefaultSingletonBeanRegistry.getSingleton(DefaultSingletonBeanRegistry.java:234) ~[spring-beans-6.1.6.jar:6.1.6]
	at org.springframework.beans.factory.support.AbstractBeanFactory.doGetBean(AbstractBeanFactory.java:324) ~[spring-beans-6.1.6.jar:6.1.6]
	at org.springframework.beans.factory.support.AbstractBeanFactory.getBean(AbstractBeanFactory.java:200) ~[spring-beans-6.1.6.jar:6.1.6]
	at org.springframework.beans.factory.support.BeanDefinitionValueResolver.resolveReference(BeanDefinitionValueResolver.java:365) ~[spring-beans-6.1.6.jar:6.1.6]
	at org.springframework.beans.factory.support.BeanDefinitionValueResolver.resolveValueIfNecessary(BeanDefinitionValueResolver.java:135) ~[spring-beans-6.1.6.jar:6.1.6]
	at org.springframework.beans.factory.support.ConstructorResolver.resolveConstructorArguments(ConstructorResolver.java:682) ~[spring-beans-6.1.6.jar:6.1.6]
	at org.springframework.beans.factory.support.ConstructorResolver.instantiateUsingFactoryMethod(ConstructorResolver.java:509) ~[spring-beans-6.1.6.jar:6.1.6]
	at org.springframework.beans.factory.support.AbstractAutowireCapableBeanFactory.instantiateUsingFactoryMethod(AbstractAutowireCapableBeanFactory.java:1335) ~[spring-beans-6.1.6.jar:6.1.6]
	at org.springframework.beans.factory.support.AbstractAutowireCapableBeanFactory.createBeanInstance(AbstractAutowireCapableBeanFactory.java:1165) ~[spring-beans-6.1.6.jar:6.1.6]
	at org.springframework.beans.factory.support.AbstractAutowireCapableBeanFactory.doCreateBean(AbstractAutowireCapableBeanFactory.java:562) ~[spring-beans-6.1.6.jar:6.1.6]
	at org.springframework.beans.factory.support.AbstractAutowireCapableBeanFactory.createBean(AbstractAutowireCapableBeanFactory.java:522) ~[spring-beans-6.1.6.jar:6.1.6]
	at org.springframework.beans.factory.support.AbstractBeanFactory.lambda$doGetBean$0(AbstractBeanFactory.java:326) ~[spring-beans-6.1.6.jar:6.1.6]
	at org.springframework.beans.factory.support.DefaultSingletonBeanRegistry.getSingleton(DefaultSingletonBeanRegistry.java:234) ~[spring-beans-6.1.6.jar:6.1.6]
	at org.springframework.beans.factory.support.AbstractBeanFactory.doGetBean(AbstractBeanFactory.java:324) ~[spring-beans-6.1.6.jar:6.1.6]
	at org.springframework.beans.factory.support.AbstractBeanFactory.getBean(AbstractBeanFactory.java:200) ~[spring-beans-6.1.6.jar:6.1.6]
	at org.springframework.beans.factory.support.BeanDefinitionValueResolver.resolveReference(BeanDefinitionValueResolver.java:365) ~[spring-beans-6.1.6.jar:6.1.6]
	at org.springframework.beans.factory.support.BeanDefinitionValueResolver.resolveValueIfNecessary(BeanDefinitionValueResolver.java:135) ~[spring-beans-6.1.6.jar:6.1.6]
	at org.springframework.beans.factory.support.AbstractAutowireCapableBeanFactory.applyPropertyValues(AbstractAutowireCapableBeanFactory.java:1685) ~[spring-beans-6.1.6.jar:6.1.6]
	at org.springframework.beans.factory.support.AbstractAutowireCapableBeanFactory.populateBean(AbstractAutowireCapableBeanFactory.java:1434) ~[spring-beans-6.1.6.jar:6.1.6]
	at org.springframework.beans.factory.support.AbstractAutowireCapableBeanFactory.doCreateBean(AbstractAutowireCapableBeanFactory.java:599) ~[spring-beans-6.1.6.jar:6.1.6]
	at org.springframework.beans.factory.support.AbstractAutowireCapableBeanFactory.createBean(AbstractAutowireCapableBeanFactory.java:522) ~[spring-beans-6.1.6.jar:6.1.6]
	at org.springframework.beans.factory.support.AbstractBeanFactory.lambda$doGetBean$0(AbstractBeanFactory.java:326) ~[spring-beans-6.1.6.jar:6.1.6]
	at org.springframework.beans.factory.support.DefaultSingletonBeanRegistry.getSingleton(DefaultSingletonBeanRegistry.java:234) ~[spring-beans-6.1.6.jar:6.1.6]
	at org.springframework.beans.factory.support.AbstractBeanFactory.doGetBean(AbstractBeanFactory.java:324) ~[spring-beans-6.1.6.jar:6.1.6]
	at org.springframework.beans.factory.support.AbstractBeanFactory.getBean(AbstractBeanFactory.java:200) ~[spring-beans-6.1.6.jar:6.1.6]
	at org.springframework.beans.factory.config.DependencyDescriptor.resolveCandidate(DependencyDescriptor.java:254) ~[spring-beans-6.1.6.jar:6.1.6]
	at org.springframework.beans.factory.support.DefaultListableBeanFactory.doResolveDependency(DefaultListableBeanFactory.java:1443) ~[spring-beans-6.1.6.jar:6.1.6]
	at org.springframework.beans.factory.support.DefaultListableBeanFactory.resolveDependency(DefaultListableBeanFactory.java:1353) ~[spring-beans-6.1.6.jar:6.1.6]
	at org.springframework.beans.factory.support.ConstructorResolver.resolveAutowiredArgument(ConstructorResolver.java:904) ~[spring-beans-6.1.6.jar:6.1.6]
	at org.springframework.beans.factory.support.ConstructorResolver.createArgumentArray(ConstructorResolver.java:782) ~[spring-beans-6.1.6.jar:6.1.6]
	at org.springframework.beans.factory.support.ConstructorResolver.autowireConstructor(ConstructorResolver.java:237) ~[spring-beans-6.1.6.jar:6.1.6]
	at org.springframework.beans.factory.support.AbstractAutowireCapableBeanFactory.autowireConstructor(AbstractAutowireCapableBeanFactory.java:1355) ~[spring-beans-6.1.6.jar:6.1.6]
	at org.springframework.beans.factory.support.AbstractAutowireCapableBeanFactory.createBeanInstance(AbstractAutowireCapableBeanFactory.java:1192) ~[spring-beans-6.1.6.jar:6.1.6]
	at org.springframework.beans.factory.support.AbstractAutowireCapableBeanFactory.doCreateBean(AbstractAutowireCapableBeanFactory.java:562) ~[spring-beans-6.1.6.jar:6.1.6]
	at org.springframework.beans.factory.support.AbstractAutowireCapableBeanFactory.createBean(AbstractAutowireCapableBeanFactory.java:522) ~[spring-beans-6.1.6.jar:6.1.6]
	at org.springframework.beans.factory.support.AbstractBeanFactory.lambda$doGetBean$0(AbstractBeanFactory.java:326) ~[spring-beans-6.1.6.jar:6.1.6]
	at org.springframework.beans.factory.support.DefaultSingletonBeanRegistry.getSingleton(DefaultSingletonBeanRegistry.java:234) ~[spring-beans-6.1.6.jar:6.1.6]
	at org.springframework.beans.factory.support.AbstractBeanFactory.doGetBean(AbstractBeanFactory.java:324) ~[spring-beans-6.1.6.jar:6.1.6]
	at org.springframework.beans.factory.support.AbstractBeanFactory.getBean(AbstractBeanFactory.java:205) ~[spring-beans-6.1.6.jar:6.1.6]
	at org.springframework.boot.web.servlet.ServletContextInitializerBeans.getOrderedBeansOfType(ServletContextInitializerBeans.java:210) ~[spring-boot-3.2.5.jar:3.2.5]
	at org.springframework.boot.web.servlet.ServletContextInitializerBeans.addAsRegistrationBean(ServletContextInitializerBeans.java:173) ~[spring-boot-3.2.5.jar:3.2.5]
	at org.springframework.boot.web.servlet.ServletContextInitializerBeans.addAsRegistrationBean(ServletContextInitializerBeans.java:168) ~[spring-boot-3.2.5.jar:3.2.5]
	at org.springframework.boot.web.servlet.ServletContextInitializerBeans.addAdaptableBeans(ServletContextInitializerBeans.java:153) ~[spring-boot-3.2.5.jar:3.2.5]
	at org.springframework.boot.web.servlet.ServletContextInitializerBeans.<init>(ServletContextInitializerBeans.java:86) ~[spring-boot-3.2.5.jar:3.2.5]
	at org.springframework.boot.web.servlet.context.ServletWebServerApplicationContext.getServletContextInitializerBeans(ServletWebServerApplicationContext.java:266) ~[spring-boot-3.2.5.jar:3.2.5]
	at org.springframework.boot.web.servlet.context.ServletWebServerApplicationContext.selfInitialize(ServletWebServerApplicationContext.java:240) ~[spring-boot-3.2.5.jar:3.2.5]
	at org.springframework.boot.web.embedded.tomcat.TomcatStarter.onStartup(TomcatStarter.java:52) ~[spring-boot-3.2.5.jar:3.2.5]
	at org.apache.catalina.core.StandardContext.startInternal(StandardContext.java:4880) ~[tomcat-embed-core-10.1.20.jar:10.1.20]
	at org.apache.catalina.util.LifecycleBase.start(LifecycleBase.java:171) ~[tomcat-embed-core-10.1.20.jar:10.1.20]
	at org.apache.catalina.core.ContainerBase$StartChild.call(ContainerBase.java:1332) ~[tomcat-embed-core-10.1.20.jar:10.1.20]
	at org.apache.catalina.core.ContainerBase$StartChild.call(ContainerBase.java:1322) ~[tomcat-embed-core-10.1.20.jar:10.1.20]
	at java.base/java.util.concurrent.FutureTask.run(FutureTask.java:328) ~[na:na]
	at org.apache.tomcat.util.threads.InlineExecutorService.execute(InlineExecutorService.java:75) ~[tomcat-embed-core-10.1.20.jar:10.1.20]
	at java.base/java.util.concurrent.AbstractExecutorService.submit(AbstractExecutorService.java:149) ~[na:na]
	at org.apache.catalina.core.ContainerBase.startInternal(ContainerBase.java:866) ~[tomcat-embed-core-10.1.20.jar:10.1.20]
	at org.apache.catalina.core.StandardHost.startInternal(StandardHost.java:845) ~[tomcat-embed-core-10.1.20.jar:10.1.20]
	at org.apache.catalina.util.LifecycleBase.start(LifecycleBase.java:171) ~[tomcat-embed-core-10.1.20.jar:10.1.20]
	at org.apache.catalina.core.ContainerBase$StartChild.call(ContainerBase.java:1332) ~[tomcat-embed-core-10.1.20.jar:10.1.20]
	at org.apache.catalina.core.ContainerBase$StartChild.call(ContainerBase.java:1322) ~[tomcat-embed-core-10.1.20.jar:10.1.20]
	at java.base/java.util.concurrent.FutureTask.run(FutureTask.java:328) ~[na:na]
	at org.apache.tomcat.util.threads.InlineExecutorService.execute(InlineExecutorService.java:75) ~[tomcat-embed-core-10.1.20.jar:10.1.20]
	at java.base/java.util.concurrent.AbstractExecutorService.submit(AbstractExecutorService.java:149) ~[na:na]
	at org.apache.catalina.core.ContainerBase.startInternal(ContainerBase.java:866) ~[tomcat-embed-core-10.1.20.jar:10.1.20]
	at org.apache.catalina.core.StandardEngine.startInternal(StandardEngine.java:240) ~[tomcat-embed-core-10.1.20.jar:10.1.20]
	at org.apache.catalina.util.LifecycleBase.start(LifecycleBase.java:171) ~[tomcat-embed-core-10.1.20.jar:10.1.20]
	at org.apache.catalina.core.StandardService.startInternal(StandardService.java:433) ~[tomcat-embed-core-10.1.20.jar:10.1.20]
	at org.apache.catalina.util.LifecycleBase.start(LifecycleBase.java:171) ~[tomcat-embed-core-10.1.20.jar:10.1.20]
	at org.apache.catalina.core.StandardServer.startInternal(StandardServer.java:921) ~[tomcat-embed-core-10.1.20.jar:10.1.20]
	at org.apache.catalina.util.LifecycleBase.start(LifecycleBase.java:171) ~[tomcat-embed-core-10.1.20.jar:10.1.20]
	at org.apache.catalina.startup.Tomcat.start(Tomcat.java:437) ~[tomcat-embed-core-10.1.20.jar:10.1.20]
	at org.springframework.boot.web.embedded.tomcat.TomcatWebServer.initialize(TomcatWebServer.java:126) ~[spring-boot-3.2.5.jar:3.2.5]
	at org.springframework.boot.web.embedded.tomcat.TomcatWebServer.<init>(TomcatWebServer.java:105) ~[spring-boot-3.2.5.jar:3.2.5]
	at org.springframework.boot.web.embedded.tomcat.TomcatServletWebServerFactory.getTomcatWebServer(TomcatServletWebServerFactory.java:499) ~[spring-boot-3.2.5.jar:3.2.5]
	at org.springframework.boot.web.embedded.tomcat.TomcatServletWebServerFactory.getWebServer(TomcatServletWebServerFactory.java:218) ~[spring-boot-3.2.5.jar:3.2.5]
	at org.springframework.boot.web.servlet.context.ServletWebServerApplicationContext.createWebServer(ServletWebServerApplicationContext.java:188) ~[spring-boot-3.2.5.jar:3.2.5]
	at org.springframework.boot.web.servlet.context.ServletWebServerApplicationContext.onRefresh(ServletWebServerApplicationContext.java:162) ~[spring-boot-3.2.5.jar:3.2.5]
	at org.springframework.context.support.AbstractApplicationContext.refresh(AbstractApplicationContext.java:618) ~[spring-context-6.1.6.jar:6.1.6]
	at org.springframework.boot.web.servlet.context.ServletWebServerApplicationContext.refresh(ServletWebServerApplicationContext.java:146) ~[spring-boot-3.2.5.jar:3.2.5]
	at org.springframework.boot.SpringApplication.refresh(SpringApplication.java:754) ~[spring-boot-3.2.5.jar:3.2.5]
	at org.springframework.boot.SpringApplication.refreshContext(SpringApplication.java:456) ~[spring-boot-3.2.5.jar:3.2.5]
	at org.springframework.boot.SpringApplication.run(SpringApplication.java:334) ~[spring-boot-3.2.5.jar:3.2.5]
	at org.springframework.boot.SpringApplication.run(SpringApplication.java:1354) ~[spring-boot-3.2.5.jar:3.2.5]
	at org.springframework.boot.SpringApplication.run(SpringApplication.java:1343) ~[spring-boot-3.2.5.jar:3.2.5]
	at com.institute.InstituteApplication.main(InstituteApplication.java:9) ~[classes/:na]
Caused by: java.sql.SQLSyntaxErrorException: Incorrect table definition; there can be only one auto column and it must be defined as a key
	at com.mysql.cj.jdbc.exceptions.SQLError.createSQLException(SQLError.java:121) ~[mysql-connector-j-8.3.0.jar:8.3.0]
	at com.mysql.cj.jdbc.exceptions.SQLExceptionsMapping.translateException(SQLExceptionsMapping.java:122) ~[mysql-connector-j-8.3.0.jar:8.3.0]
	at com.mysql.cj.jdbc.StatementImpl.executeInternal(StatementImpl.java:770) ~[mysql-connector-j-8.3.0.jar:8.3.0]
	at com.mysql.cj.jdbc.StatementImpl.execute(StatementImpl.java:653) ~[mysql-connector-j-8.3.0.jar:8.3.0]
	at com.zaxxer.hikari.pool.ProxyStatement.execute(ProxyStatement.java:94) ~[HikariCP-5.0.1.jar:na]
	at com.zaxxer.hikari.pool.HikariProxyStatement.execute(HikariProxyStatement.java) ~[HikariCP-5.0.1.jar:na]
	at org.hibernate.tool.schema.internal.exec.GenerationTargetToDatabase.accept(GenerationTargetToDatabase.java:80) ~[hibernate-core-6.4.4.Final.jar:6.4.4.Final]
	... 109 common frames omitted

Hibernate: 
    alter table fees 
       modify column id bigint not null auto_increment
2026-03-22T21:46:58.757+05:30  WARN 23636 --- [institute-api] [           main] o.h.t.s.i.ExceptionHandlerLoggedImpl     : GenerationTarget encountered exception accepting command : Error executing DDL "
    alter table fees 
       modify column id bigint not null auto_increment" via JDBC [Incorrect table definition; there can be only one auto column and it must be defined as a key]

org.hibernate.tool.schema.spi.CommandAcceptanceException: Error executing DDL "
    alter table fees 
       modify column id bigint not null auto_increment" via JDBC [Incorrect table definition; there can be only one auto column and it must be defined as a key]
	at org.hibernate.tool.schema.internal.exec.GenerationTargetToDatabase.accept(GenerationTargetToDatabase.java:94) ~[hibernate-core-6.4.4.Final.jar:6.4.4.Final]
	at org.hibernate.tool.schema.internal.AbstractSchemaMigrator.applySqlString(AbstractSchemaMigrator.java:574) ~[hibernate-core-6.4.4.Final.jar:6.4.4.Final]
	at org.hibernate.tool.schema.internal.AbstractSchemaMigrator.applySqlStrings(AbstractSchemaMigrator.java:514) ~[hibernate-core-6.4.4.Final.jar:6.4.4.Final]
	at org.hibernate.tool.schema.internal.AbstractSchemaMigrator.migrateTable(AbstractSchemaMigrator.java:333) ~[hibernate-core-6.4.4.Final.jar:6.4.4.Final]
	at org.hibernate.tool.schema.internal.GroupedSchemaMigratorImpl.performTablesMigration(GroupedSchemaMigratorImpl.java:84) ~[hibernate-core-6.4.4.Final.jar:6.4.4.Final]
	at org.hibernate.tool.schema.internal.AbstractSchemaMigrator.performMigration(AbstractSchemaMigrator.java:232) ~[hibernate-core-6.4.4.Final.jar:6.4.4.Final]
	at org.hibernate.tool.schema.internal.AbstractSchemaMigrator.doMigration(AbstractSchemaMigrator.java:117) ~[hibernate-core-6.4.4.Final.jar:6.4.4.Final]
	at org.hibernate.tool.schema.spi.SchemaManagementToolCoordinator.performDatabaseAction(SchemaManagementToolCoordinator.java:286) ~[hibernate-core-6.4.4.Final.jar:6.4.4.Final]
	at org.hibernate.tool.schema.spi.SchemaManagementToolCoordinator.lambda$process$5(SchemaManagementToolCoordinator.java:145) ~[hibernate-core-6.4.4.Final.jar:6.4.4.Final]
	at java.base/java.util.HashMap.forEach(HashMap.java:1430) ~[na:na]
	at org.hibernate.tool.schema.spi.SchemaManagementToolCoordinator.process(SchemaManagementToolCoordinator.java:142) ~[hibernate-core-6.4.4.Final.jar:6.4.4.Final]
	at org.hibernate.boot.internal.SessionFactoryObserverForSchemaExport.sessionFactoryCreated(SessionFactoryObserverForSchemaExport.java:37) ~[hibernate-core-6.4.4.Final.jar:6.4.4.Final]
	at org.hibernate.internal.SessionFactoryObserverChain.sessionFactoryCreated(SessionFactoryObserverChain.java:35) ~[hibernate-core-6.4.4.Final.jar:6.4.4.Final]
	at org.hibernate.internal.SessionFactoryImpl.<init>(SessionFactoryImpl.java:315) ~[hibernate-core-6.4.4.Final.jar:6.4.4.Final]
	at org.hibernate.boot.internal.SessionFactoryBuilderImpl.build(SessionFactoryBuilderImpl.java:450) ~[hibernate-core-6.4.4.Final.jar:6.4.4.Final]
	at org.hibernate.jpa.boot.internal.EntityManagerFactoryBuilderImpl.build(EntityManagerFactoryBuilderImpl.java:1507) ~[hibernate-core-6.4.4.Final.jar:6.4.4.Final]
	at org.springframework.orm.jpa.vendor.SpringHibernateJpaPersistenceProvider.createContainerEntityManagerFactory(SpringHibernateJpaPersistenceProvider.java:75) ~[spring-orm-6.1.6.jar:6.1.6]
	at org.springframework.orm.jpa.LocalContainerEntityManagerFactoryBean.createNativeEntityManagerFactory(LocalContainerEntityManagerFactoryBean.java:390) ~[spring-orm-6.1.6.jar:6.1.6]
	at org.springframework.orm.jpa.AbstractEntityManagerFactoryBean.buildNativeEntityManagerFactory(AbstractEntityManagerFactoryBean.java:409) ~[spring-orm-6.1.6.jar:6.1.6]
	at org.springframework.orm.jpa.AbstractEntityManagerFactoryBean.afterPropertiesSet(AbstractEntityManagerFactoryBean.java:396) ~[spring-orm-6.1.6.jar:6.1.6]
	at org.springframework.orm.jpa.LocalContainerEntityManagerFactoryBean.afterPropertiesSet(LocalContainerEntityManagerFactoryBean.java:366) ~[spring-orm-6.1.6.jar:6.1.6]
	at org.springframework.beans.factory.support.AbstractAutowireCapableBeanFactory.invokeInitMethods(AbstractAutowireCapableBeanFactory.java:1833) ~[spring-beans-6.1.6.jar:6.1.6]
	at org.springframework.beans.factory.support.AbstractAutowireCapableBeanFactory.initializeBean(AbstractAutowireCapableBeanFactory.java:1782) ~[spring-beans-6.1.6.jar:6.1.6]
	at org.springframework.beans.factory.support.AbstractAutowireCapableBeanFactory.doCreateBean(AbstractAutowireCapableBeanFactory.java:600) ~[spring-beans-6.1.6.jar:6.1.6]
	at org.springframework.beans.factory.support.AbstractAutowireCapableBeanFactory.createBean(AbstractAutowireCapableBeanFactory.java:522) ~[spring-beans-6.1.6.jar:6.1.6]
	at org.springframework.beans.factory.support.AbstractBeanFactory.lambda$doGetBean$0(AbstractBeanFactory.java:326) ~[spring-beans-6.1.6.jar:6.1.6]
	at org.springframework.beans.factory.support.DefaultSingletonBeanRegistry.getSingleton(DefaultSingletonBeanRegistry.java:234) ~[spring-beans-6.1.6.jar:6.1.6]
	at org.springframework.beans.factory.support.AbstractBeanFactory.doGetBean(AbstractBeanFactory.java:324) ~[spring-beans-6.1.6.jar:6.1.6]
	at org.springframework.beans.factory.support.AbstractBeanFactory.getBean(AbstractBeanFactory.java:200) ~[spring-beans-6.1.6.jar:6.1.6]
	at org.springframework.beans.factory.support.BeanDefinitionValueResolver.resolveReference(BeanDefinitionValueResolver.java:365) ~[spring-beans-6.1.6.jar:6.1.6]
	at org.springframework.beans.factory.support.BeanDefinitionValueResolver.resolveValueIfNecessary(BeanDefinitionValueResolver.java:135) ~[spring-beans-6.1.6.jar:6.1.6]
	at org.springframework.beans.factory.support.ConstructorResolver.resolveConstructorArguments(ConstructorResolver.java:682) ~[spring-beans-6.1.6.jar:6.1.6]
	at org.springframework.beans.factory.support.ConstructorResolver.instantiateUsingFactoryMethod(ConstructorResolver.java:509) ~[spring-beans-6.1.6.jar:6.1.6]
	at org.springframework.beans.factory.support.AbstractAutowireCapableBeanFactory.instantiateUsingFactoryMethod(AbstractAutowireCapableBeanFactory.java:1335) ~[spring-beans-6.1.6.jar:6.1.6]
	at org.springframework.beans.factory.support.AbstractAutowireCapableBeanFactory.createBeanInstance(AbstractAutowireCapableBeanFactory.java:1165) ~[spring-beans-6.1.6.jar:6.1.6]
	at org.springframework.beans.factory.support.AbstractAutowireCapableBeanFactory.doCreateBean(AbstractAutowireCapableBeanFactory.java:562) ~[spring-beans-6.1.6.jar:6.1.6]
	at org.springframework.beans.factory.support.AbstractAutowireCapableBeanFactory.createBean(AbstractAutowireCapableBeanFactory.java:522) ~[spring-beans-6.1.6.jar:6.1.6]
	at org.springframework.beans.factory.support.AbstractBeanFactory.lambda$doGetBean$0(AbstractBeanFactory.java:326) ~[spring-beans-6.1.6.jar:6.1.6]
	at org.springframework.beans.factory.support.DefaultSingletonBeanRegistry.getSingleton(DefaultSingletonBeanRegistry.java:234) ~[spring-beans-6.1.6.jar:6.1.6]
	at org.springframework.beans.factory.support.AbstractBeanFactory.doGetBean(AbstractBeanFactory.java:324) ~[spring-beans-6.1.6.jar:6.1.6]
	at org.springframework.beans.factory.support.AbstractBeanFactory.getBean(AbstractBeanFactory.java:200) ~[spring-beans-6.1.6.jar:6.1.6]
	at org.springframework.beans.factory.support.BeanDefinitionValueResolver.resolveReference(BeanDefinitionValueResolver.java:365) ~[spring-beans-6.1.6.jar:6.1.6]
	at org.springframework.beans.factory.support.BeanDefinitionValueResolver.resolveValueIfNecessary(BeanDefinitionValueResolver.java:135) ~[spring-beans-6.1.6.jar:6.1.6]
	at org.springframework.beans.factory.support.AbstractAutowireCapableBeanFactory.applyPropertyValues(AbstractAutowireCapableBeanFactory.java:1685) ~[spring-beans-6.1.6.jar:6.1.6]
	at org.springframework.beans.factory.support.AbstractAutowireCapableBeanFactory.populateBean(AbstractAutowireCapableBeanFactory.java:1434) ~[spring-beans-6.1.6.jar:6.1.6]
	at org.springframework.beans.factory.support.AbstractAutowireCapableBeanFactory.doCreateBean(AbstractAutowireCapableBeanFactory.java:599) ~[spring-beans-6.1.6.jar:6.1.6]
	at org.springframework.beans.factory.support.AbstractAutowireCapableBeanFactory.createBean(AbstractAutowireCapableBeanFactory.java:522) ~[spring-beans-6.1.6.jar:6.1.6]
	at org.springframework.beans.factory.support.AbstractBeanFactory.lambda$doGetBean$0(AbstractBeanFactory.java:326) ~[spring-beans-6.1.6.jar:6.1.6]
	at org.springframework.beans.factory.support.DefaultSingletonBeanRegistry.getSingleton(DefaultSingletonBeanRegistry.java:234) ~[spring-beans-6.1.6.jar:6.1.6]
	at org.springframework.beans.factory.support.AbstractBeanFactory.doGetBean(AbstractBeanFactory.java:324) ~[spring-beans-6.1.6.jar:6.1.6]
	at org.springframework.beans.factory.support.AbstractBeanFactory.getBean(AbstractBeanFactory.java:200) ~[spring-beans-6.1.6.jar:6.1.6]
	at org.springframework.beans.factory.config.DependencyDescriptor.resolveCandidate(DependencyDescriptor.java:254) ~[spring-beans-6.1.6.jar:6.1.6]
	at org.springframework.beans.factory.support.DefaultListableBeanFactory.doResolveDependency(DefaultListableBeanFactory.java:1443) ~[spring-beans-6.1.6.jar:6.1.6]
	at org.springframework.beans.factory.support.DefaultListableBeanFactory.resolveDependency(DefaultListableBeanFactory.java:1353) ~[spring-beans-6.1.6.jar:6.1.6]
	at org.springframework.beans.factory.support.ConstructorResolver.resolveAutowiredArgument(ConstructorResolver.java:904) ~[spring-beans-6.1.6.jar:6.1.6]
	at org.springframework.beans.factory.support.ConstructorResolver.createArgumentArray(ConstructorResolver.java:782) ~[spring-beans-6.1.6.jar:6.1.6]
	at org.springframework.beans.factory.support.ConstructorResolver.autowireConstructor(ConstructorResolver.java:237) ~[spring-beans-6.1.6.jar:6.1.6]
	at org.springframework.beans.factory.support.AbstractAutowireCapableBeanFactory.autowireConstructor(AbstractAutowireCapableBeanFactory.java:1355) ~[spring-beans-6.1.6.jar:6.1.6]
	at org.springframework.beans.factory.support.AbstractAutowireCapableBeanFactory.createBeanInstance(AbstractAutowireCapableBeanFactory.java:1192) ~[spring-beans-6.1.6.jar:6.1.6]
	at org.springframework.beans.factory.support.AbstractAutowireCapableBeanFactory.doCreateBean(AbstractAutowireCapableBeanFactory.java:562) ~[spring-beans-6.1.6.jar:6.1.6]
	at org.springframework.beans.factory.support.AbstractAutowireCapableBeanFactory.createBean(AbstractAutowireCapableBeanFactory.java:522) ~[spring-beans-6.1.6.jar:6.1.6]
	at org.springframework.beans.factory.support.AbstractBeanFactory.lambda$doGetBean$0(AbstractBeanFactory.java:326) ~[spring-beans-6.1.6.jar:6.1.6]
	at org.springframework.beans.factory.support.DefaultSingletonBeanRegistry.getSingleton(DefaultSingletonBeanRegistry.java:234) ~[spring-beans-6.1.6.jar:6.1.6]
	at org.springframework.beans.factory.support.AbstractBeanFactory.doGetBean(AbstractBeanFactory.java:324) ~[spring-beans-6.1.6.jar:6.1.6]
	at org.springframework.beans.factory.support.AbstractBeanFactory.getBean(AbstractBeanFactory.java:205) ~[spring-beans-6.1.6.jar:6.1.6]
	at org.springframework.boot.web.servlet.ServletContextInitializerBeans.getOrderedBeansOfType(ServletContextInitializerBeans.java:210) ~[spring-boot-3.2.5.jar:3.2.5]
	at org.springframework.boot.web.servlet.ServletContextInitializerBeans.addAsRegistrationBean(ServletContextInitializerBeans.java:173) ~[spring-boot-3.2.5.jar:3.2.5]
	at org.springframework.boot.web.servlet.ServletContextInitializerBeans.addAsRegistrationBean(ServletContextInitializerBeans.java:168) ~[spring-boot-3.2.5.jar:3.2.5]
	at org.springframework.boot.web.servlet.ServletContextInitializerBeans.addAdaptableBeans(ServletContextInitializerBeans.java:153) ~[spring-boot-3.2.5.jar:3.2.5]
	at org.springframework.boot.web.servlet.ServletContextInitializerBeans.<init>(ServletContextInitializerBeans.java:86) ~[spring-boot-3.2.5.jar:3.2.5]
	at org.springframework.boot.web.servlet.context.ServletWebServerApplicationContext.getServletContextInitializerBeans(ServletWebServerApplicationContext.java:266) ~[spring-boot-3.2.5.jar:3.2.5]
	at org.springframework.boot.web.servlet.context.ServletWebServerApplicationContext.selfInitialize(ServletWebServerApplicationContext.java:240) ~[spring-boot-3.2.5.jar:3.2.5]
	at org.springframework.boot.web.embedded.tomcat.TomcatStarter.onStartup(TomcatStarter.java:52) ~[spring-boot-3.2.5.jar:3.2.5]
	at org.apache.catalina.core.StandardContext.startInternal(StandardContext.java:4880) ~[tomcat-embed-core-10.1.20.jar:10.1.20]
	at org.apache.catalina.util.LifecycleBase.start(LifecycleBase.java:171) ~[tomcat-embed-core-10.1.20.jar:10.1.20]
	at org.apache.catalina.core.ContainerBase$StartChild.call(ContainerBase.java:1332) ~[tomcat-embed-core-10.1.20.jar:10.1.20]
	at org.apache.catalina.core.ContainerBase$StartChild.call(ContainerBase.java:1322) ~[tomcat-embed-core-10.1.20.jar:10.1.20]
	at java.base/java.util.concurrent.FutureTask.run(FutureTask.java:328) ~[na:na]
	at org.apache.tomcat.util.threads.InlineExecutorService.execute(InlineExecutorService.java:75) ~[tomcat-embed-core-10.1.20.jar:10.1.20]
	at java.base/java.util.concurrent.AbstractExecutorService.submit(AbstractExecutorService.java:149) ~[na:na]
	at org.apache.catalina.core.ContainerBase.startInternal(ContainerBase.java:866) ~[tomcat-embed-core-10.1.20.jar:10.1.20]
	at org.apache.catalina.core.StandardHost.startInternal(StandardHost.java:845) ~[tomcat-embed-core-10.1.20.jar:10.1.20]
	at org.apache.catalina.util.LifecycleBase.start(LifecycleBase.java:171) ~[tomcat-embed-core-10.1.20.jar:10.1.20]
	at org.apache.catalina.core.ContainerBase$StartChild.call(ContainerBase.java:1332) ~[tomcat-embed-core-10.1.20.jar:10.1.20]
	at org.apache.catalina.core.ContainerBase$StartChild.call(ContainerBase.java:1322) ~[tomcat-embed-core-10.1.20.jar:10.1.20]
	at java.base/java.util.concurrent.FutureTask.run(FutureTask.java:328) ~[na:na]
	at org.apache.tomcat.util.threads.InlineExecutorService.execute(InlineExecutorService.java:75) ~[tomcat-embed-core-10.1.20.jar:10.1.20]
	at java.base/java.util.concurrent.AbstractExecutorService.submit(AbstractExecutorService.java:149) ~[na:na]
	at org.apache.catalina.core.ContainerBase.startInternal(ContainerBase.java:866) ~[tomcat-embed-core-10.1.20.jar:10.1.20]
	at org.apache.catalina.core.StandardEngine.startInternal(StandardEngine.java:240) ~[tomcat-embed-core-10.1.20.jar:10.1.20]
	at org.apache.catalina.util.LifecycleBase.start(LifecycleBase.java:171) ~[tomcat-embed-core-10.1.20.jar:10.1.20]
	at org.apache.catalina.core.StandardService.startInternal(StandardService.java:433) ~[tomcat-embed-core-10.1.20.jar:10.1.20]
	at org.apache.catalina.util.LifecycleBase.start(LifecycleBase.java:171) ~[tomcat-embed-core-10.1.20.jar:10.1.20]
	at org.apache.catalina.core.StandardServer.startInternal(StandardServer.java:921) ~[tomcat-embed-core-10.1.20.jar:10.1.20]
	at org.apache.catalina.util.LifecycleBase.start(LifecycleBase.java:171) ~[tomcat-embed-core-10.1.20.jar:10.1.20]
	at org.apache.catalina.startup.Tomcat.start(Tomcat.java:437) ~[tomcat-embed-core-10.1.20.jar:10.1.20]
	at org.springframework.boot.web.embedded.tomcat.TomcatWebServer.initialize(TomcatWebServer.java:126) ~[spring-boot-3.2.5.jar:3.2.5]
	at org.springframework.boot.web.embedded.tomcat.TomcatWebServer.<init>(TomcatWebServer.java:105) ~[spring-boot-3.2.5.jar:3.2.5]
	at org.springframework.boot.web.embedded.tomcat.TomcatServletWebServerFactory.getTomcatWebServer(TomcatServletWebServerFactory.java:499) ~[spring-boot-3.2.5.jar:3.2.5]
	at org.springframework.boot.web.embedded.tomcat.TomcatServletWebServerFactory.getWebServer(TomcatServletWebServerFactory.java:218) ~[spring-boot-3.2.5.jar:3.2.5]
	at org.springframework.boot.web.servlet.context.ServletWebServerApplicationContext.createWebServer(ServletWebServerApplicationContext.java:188) ~[spring-boot-3.2.5.jar:3.2.5]
	at org.springframework.boot.web.servlet.context.ServletWebServerApplicationContext.onRefresh(ServletWebServerApplicationContext.java:162) ~[spring-boot-3.2.5.jar:3.2.5]
	at org.springframework.context.support.AbstractApplicationContext.refresh(AbstractApplicationContext.java:618) ~[spring-context-6.1.6.jar:6.1.6]
	at org.springframework.boot.web.servlet.context.ServletWebServerApplicationContext.refresh(ServletWebServerApplicationContext.java:146) ~[spring-boot-3.2.5.jar:3.2.5]
	at org.springframework.boot.SpringApplication.refresh(SpringApplication.java:754) ~[spring-boot-3.2.5.jar:3.2.5]
	at org.springframework.boot.SpringApplication.refreshContext(SpringApplication.java:456) ~[spring-boot-3.2.5.jar:3.2.5]
	at org.springframework.boot.SpringApplication.run(SpringApplication.java:334) ~[spring-boot-3.2.5.jar:3.2.5]
	at org.springframework.boot.SpringApplication.run(SpringApplication.java:1354) ~[spring-boot-3.2.5.jar:3.2.5]
	at org.springframework.boot.SpringApplication.run(SpringApplication.java:1343) ~[spring-boot-3.2.5.jar:3.2.5]
	at com.institute.InstituteApplication.main(InstituteApplication.java:9) ~[classes/:na]
Caused by: java.sql.SQLSyntaxErrorException: Incorrect table definition; there can be only one auto column and it must be defined as a key
	at com.mysql.cj.jdbc.exceptions.SQLError.createSQLException(SQLError.java:121) ~[mysql-connector-j-8.3.0.jar:8.3.0]
	at com.mysql.cj.jdbc.exceptions.SQLExceptionsMapping.translateException(SQLExceptionsMapping.java:122) ~[mysql-connector-j-8.3.0.jar:8.3.0]
	at com.mysql.cj.jdbc.StatementImpl.executeInternal(StatementImpl.java:770) ~[mysql-connector-j-8.3.0.jar:8.3.0]
	at com.mysql.cj.jdbc.StatementImpl.execute(StatementImpl.java:653) ~[mysql-connector-j-8.3.0.jar:8.3.0]
	at com.zaxxer.hikari.pool.ProxyStatement.execute(ProxyStatement.java:94) ~[HikariCP-5.0.1.jar:na]
	at com.zaxxer.hikari.pool.HikariProxyStatement.execute(HikariProxyStatement.java) ~[HikariCP-5.0.1.jar:na]
	at org.hibernate.tool.schema.internal.exec.GenerationTargetToDatabase.accept(GenerationTargetToDatabase.java:80) ~[hibernate-core-6.4.4.Final.jar:6.4.4.Final]
	... 109 common frames omitted

Hibernate: 
    alter table roles 
       modify column id bigint not null auto_increment
2026-03-22T21:46:58.758+05:30  WARN 23636 --- [institute-api] [           main] o.h.t.s.i.ExceptionHandlerLoggedImpl     : GenerationTarget encountered exception accepting command : Error executing DDL "
    alter table roles 
       modify column id bigint not null auto_increment" via JDBC [Incorrect table definition; there can be only one auto column and it must be defined as a key]

org.hibernate.tool.schema.spi.CommandAcceptanceException: Error executing DDL "
    alter table roles 
       modify column id bigint not null auto_increment" via JDBC [Incorrect table definition; there can be only one auto column and it must be defined as a key]
	at org.hibernate.tool.schema.internal.exec.GenerationTargetToDatabase.accept(GenerationTargetToDatabase.java:94) ~[hibernate-core-6.4.4.Final.jar:6.4.4.Final]
	at org.hibernate.tool.schema.internal.AbstractSchemaMigrator.applySqlString(AbstractSchemaMigrator.java:574) ~[hibernate-core-6.4.4.Final.jar:6.4.4.Final]
	at org.hibernate.tool.schema.internal.AbstractSchemaMigrator.applySqlStrings(AbstractSchemaMigrator.java:514) ~[hibernate-core-6.4.4.Final.jar:6.4.4.Final]
	at org.hibernate.tool.schema.internal.AbstractSchemaMigrator.migrateTable(AbstractSchemaMigrator.java:333) ~[hibernate-core-6.4.4.Final.jar:6.4.4.Final]
	at org.hibernate.tool.schema.internal.GroupedSchemaMigratorImpl.performTablesMigration(GroupedSchemaMigratorImpl.java:84) ~[hibernate-core-6.4.4.Final.jar:6.4.4.Final]
	at org.hibernate.tool.schema.internal.AbstractSchemaMigrator.performMigration(AbstractSchemaMigrator.java:232) ~[hibernate-core-6.4.4.Final.jar:6.4.4.Final]
	at org.hibernate.tool.schema.internal.AbstractSchemaMigrator.doMigration(AbstractSchemaMigrator.java:117) ~[hibernate-core-6.4.4.Final.jar:6.4.4.Final]
	at org.hibernate.tool.schema.spi.SchemaManagementToolCoordinator.performDatabaseAction(SchemaManagementToolCoordinator.java:286) ~[hibernate-core-6.4.4.Final.jar:6.4.4.Final]
	at org.hibernate.tool.schema.spi.SchemaManagementToolCoordinator.lambda$process$5(SchemaManagementToolCoordinator.java:145) ~[hibernate-core-6.4.4.Final.jar:6.4.4.Final]
	at java.base/java.util.HashMap.forEach(HashMap.java:1430) ~[na:na]
	at org.hibernate.tool.schema.spi.SchemaManagementToolCoordinator.process(SchemaManagementToolCoordinator.java:142) ~[hibernate-core-6.4.4.Final.jar:6.4.4.Final]
	at org.hibernate.boot.internal.SessionFactoryObserverForSchemaExport.sessionFactoryCreated(SessionFactoryObserverForSchemaExport.java:37) ~[hibernate-core-6.4.4.Final.jar:6.4.4.Final]
	at org.hibernate.internal.SessionFactoryObserverChain.sessionFactoryCreated(SessionFactoryObserverChain.java:35) ~[hibernate-core-6.4.4.Final.jar:6.4.4.Final]
	at org.hibernate.internal.SessionFactoryImpl.<init>(SessionFactoryImpl.java:315) ~[hibernate-core-6.4.4.Final.jar:6.4.4.Final]
	at org.hibernate.boot.internal.SessionFactoryBuilderImpl.build(SessionFactoryBuilderImpl.java:450) ~[hibernate-core-6.4.4.Final.jar:6.4.4.Final]
	at org.hibernate.jpa.boot.internal.EntityManagerFactoryBuilderImpl.build(EntityManagerFactoryBuilderImpl.java:1507) ~[hibernate-core-6.4.4.Final.jar:6.4.4.Final]
	at org.springframework.orm.jpa.vendor.SpringHibernateJpaPersistenceProvider.createContainerEntityManagerFactory(SpringHibernateJpaPersistenceProvider.java:75) ~[spring-orm-6.1.6.jar:6.1.6]
	at org.springframework.orm.jpa.LocalContainerEntityManagerFactoryBean.createNativeEntityManagerFactory(LocalContainerEntityManagerFactoryBean.java:390) ~[spring-orm-6.1.6.jar:6.1.6]
	at org.springframework.orm.jpa.AbstractEntityManagerFactoryBean.buildNativeEntityManagerFactory(AbstractEntityManagerFactoryBean.java:409) ~[spring-orm-6.1.6.jar:6.1.6]
	at org.springframework.orm.jpa.AbstractEntityManagerFactoryBean.afterPropertiesSet(AbstractEntityManagerFactoryBean.java:396) ~[spring-orm-6.1.6.jar:6.1.6]
	at org.springframework.orm.jpa.LocalContainerEntityManagerFactoryBean.afterPropertiesSet(LocalContainerEntityManagerFactoryBean.java:366) ~[spring-orm-6.1.6.jar:6.1.6]
	at org.springframework.beans.factory.support.AbstractAutowireCapableBeanFactory.invokeInitMethods(AbstractAutowireCapableBeanFactory.java:1833) ~[spring-beans-6.1.6.jar:6.1.6]
	at org.springframework.beans.factory.support.AbstractAutowireCapableBeanFactory.initializeBean(AbstractAutowireCapableBeanFactory.java:1782) ~[spring-beans-6.1.6.jar:6.1.6]
	at org.springframework.beans.factory.support.AbstractAutowireCapableBeanFactory.doCreateBean(AbstractAutowireCapableBeanFactory.java:600) ~[spring-beans-6.1.6.jar:6.1.6]
	at org.springframework.beans.factory.support.AbstractAutowireCapableBeanFactory.createBean(AbstractAutowireCapableBeanFactory.java:522) ~[spring-beans-6.1.6.jar:6.1.6]
	at org.springframework.beans.factory.support.AbstractBeanFactory.lambda$doGetBean$0(AbstractBeanFactory.java:326) ~[spring-beans-6.1.6.jar:6.1.6]
	at org.springframework.beans.factory.support.DefaultSingletonBeanRegistry.getSingleton(DefaultSingletonBeanRegistry.java:234) ~[spring-beans-6.1.6.jar:6.1.6]
	at org.springframework.beans.factory.support.AbstractBeanFactory.doGetBean(AbstractBeanFactory.java:324) ~[spring-beans-6.1.6.jar:6.1.6]
	at org.springframework.beans.factory.support.AbstractBeanFactory.getBean(AbstractBeanFactory.java:200) ~[spring-beans-6.1.6.jar:6.1.6]
	at org.springframework.beans.factory.support.BeanDefinitionValueResolver.resolveReference(BeanDefinitionValueResolver.java:365) ~[spring-beans-6.1.6.jar:6.1.6]
	at org.springframework.beans.factory.support.BeanDefinitionValueResolver.resolveValueIfNecessary(BeanDefinitionValueResolver.java:135) ~[spring-beans-6.1.6.jar:6.1.6]
	at org.springframework.beans.factory.support.ConstructorResolver.resolveConstructorArguments(ConstructorResolver.java:682) ~[spring-beans-6.1.6.jar:6.1.6]
	at org.springframework.beans.factory.support.ConstructorResolver.instantiateUsingFactoryMethod(ConstructorResolver.java:509) ~[spring-beans-6.1.6.jar:6.1.6]
	at org.springframework.beans.factory.support.AbstractAutowireCapableBeanFactory.instantiateUsingFactoryMethod(AbstractAutowireCapableBeanFactory.java:1335) ~[spring-beans-6.1.6.jar:6.1.6]
	at org.springframework.beans.factory.support.AbstractAutowireCapableBeanFactory.createBeanInstance(AbstractAutowireCapableBeanFactory.java:1165) ~[spring-beans-6.1.6.jar:6.1.6]
	at org.springframework.beans.factory.support.AbstractAutowireCapableBeanFactory.doCreateBean(AbstractAutowireCapableBeanFactory.java:562) ~[spring-beans-6.1.6.jar:6.1.6]
	at org.springframework.beans.factory.support.AbstractAutowireCapableBeanFactory.createBean(AbstractAutowireCapableBeanFactory.java:522) ~[spring-beans-6.1.6.jar:6.1.6]
	at org.springframework.beans.factory.support.AbstractBeanFactory.lambda$doGetBean$0(AbstractBeanFactory.java:326) ~[spring-beans-6.1.6.jar:6.1.6]
	at org.springframework.beans.factory.support.DefaultSingletonBeanRegistry.getSingleton(DefaultSingletonBeanRegistry.java:234) ~[spring-beans-6.1.6.jar:6.1.6]
	at org.springframework.beans.factory.support.AbstractBeanFactory.doGetBean(AbstractBeanFactory.java:324) ~[spring-beans-6.1.6.jar:6.1.6]
	at org.springframework.beans.factory.support.AbstractBeanFactory.getBean(AbstractBeanFactory.java:200) ~[spring-beans-6.1.6.jar:6.1.6]
	at org.springframework.beans.factory.support.BeanDefinitionValueResolver.resolveReference(BeanDefinitionValueResolver.java:365) ~[spring-beans-6.1.6.jar:6.1.6]
	at org.springframework.beans.factory.support.BeanDefinitionValueResolver.resolveValueIfNecessary(BeanDefinitionValueResolver.java:135) ~[spring-beans-6.1.6.jar:6.1.6]
	at org.springframework.beans.factory.support.AbstractAutowireCapableBeanFactory.applyPropertyValues(AbstractAutowireCapableBeanFactory.java:1685) ~[spring-beans-6.1.6.jar:6.1.6]
	at org.springframework.beans.factory.support.AbstractAutowireCapableBeanFactory.populateBean(AbstractAutowireCapableBeanFactory.java:1434) ~[spring-beans-6.1.6.jar:6.1.6]
	at org.springframework.beans.factory.support.AbstractAutowireCapableBeanFactory.doCreateBean(AbstractAutowireCapableBeanFactory.java:599) ~[spring-beans-6.1.6.jar:6.1.6]
	at org.springframework.beans.factory.support.AbstractAutowireCapableBeanFactory.createBean(AbstractAutowireCapableBeanFactory.java:522) ~[spring-beans-6.1.6.jar:6.1.6]
	at org.springframework.beans.factory.support.AbstractBeanFactory.lambda$doGetBean$0(AbstractBeanFactory.java:326) ~[spring-beans-6.1.6.jar:6.1.6]
	at org.springframework.beans.factory.support.DefaultSingletonBeanRegistry.getSingleton(DefaultSingletonBeanRegistry.java:234) ~[spring-beans-6.1.6.jar:6.1.6]
	at org.springframework.beans.factory.support.AbstractBeanFactory.doGetBean(AbstractBeanFactory.java:324) ~[spring-beans-6.1.6.jar:6.1.6]
	at org.springframework.beans.factory.support.AbstractBeanFactory.getBean(AbstractBeanFactory.java:200) ~[spring-beans-6.1.6.jar:6.1.6]
	at org.springframework.beans.factory.config.DependencyDescriptor.resolveCandidate(DependencyDescriptor.java:254) ~[spring-beans-6.1.6.jar:6.1.6]
	at org.springframework.beans.factory.support.DefaultListableBeanFactory.doResolveDependency(DefaultListableBeanFactory.java:1443) ~[spring-beans-6.1.6.jar:6.1.6]
	at org.springframework.beans.factory.support.DefaultListableBeanFactory.resolveDependency(DefaultListableBeanFactory.java:1353) ~[spring-beans-6.1.6.jar:6.1.6]
	at org.springframework.beans.factory.support.ConstructorResolver.resolveAutowiredArgument(ConstructorResolver.java:904) ~[spring-beans-6.1.6.jar:6.1.6]
	at org.springframework.beans.factory.support.ConstructorResolver.createArgumentArray(ConstructorResolver.java:782) ~[spring-beans-6.1.6.jar:6.1.6]
	at org.springframework.beans.factory.support.ConstructorResolver.autowireConstructor(ConstructorResolver.java:237) ~[spring-beans-6.1.6.jar:6.1.6]
	at org.springframework.beans.factory.support.AbstractAutowireCapableBeanFactory.autowireConstructor(AbstractAutowireCapableBeanFactory.java:1355) ~[spring-beans-6.1.6.jar:6.1.6]
	at org.springframework.beans.factory.support.AbstractAutowireCapableBeanFactory.createBeanInstance(AbstractAutowireCapableBeanFactory.java:1192) ~[spring-beans-6.1.6.jar:6.1.6]
	at org.springframework.beans.factory.support.AbstractAutowireCapableBeanFactory.doCreateBean(AbstractAutowireCapableBeanFactory.java:562) ~[spring-beans-6.1.6.jar:6.1.6]
	at org.springframework.beans.factory.support.AbstractAutowireCapableBeanFactory.createBean(AbstractAutowireCapableBeanFactory.java:522) ~[spring-beans-6.1.6.jar:6.1.6]
	at org.springframework.beans.factory.support.AbstractBeanFactory.lambda$doGetBean$0(AbstractBeanFactory.java:326) ~[spring-beans-6.1.6.jar:6.1.6]
	at org.springframework.beans.factory.support.DefaultSingletonBeanRegistry.getSingleton(DefaultSingletonBeanRegistry.java:234) ~[spring-beans-6.1.6.jar:6.1.6]
	at org.springframework.beans.factory.support.AbstractBeanFactory.doGetBean(AbstractBeanFactory.java:324) ~[spring-beans-6.1.6.jar:6.1.6]
	at org.springframework.beans.factory.support.AbstractBeanFactory.getBean(AbstractBeanFactory.java:205) ~[spring-beans-6.1.6.jar:6.1.6]
	at org.springframework.boot.web.servlet.ServletContextInitializerBeans.getOrderedBeansOfType(ServletContextInitializerBeans.java:210) ~[spring-boot-3.2.5.jar:3.2.5]
	at org.springframework.boot.web.servlet.ServletContextInitializerBeans.addAsRegistrationBean(ServletContextInitializerBeans.java:173) ~[spring-boot-3.2.5.jar:3.2.5]
	at org.springframework.boot.web.servlet.ServletContextInitializerBeans.addAsRegistrationBean(ServletContextInitializerBeans.java:168) ~[spring-boot-3.2.5.jar:3.2.5]
	at org.springframework.boot.web.servlet.ServletContextInitializerBeans.addAdaptableBeans(ServletContextInitializerBeans.java:153) ~[spring-boot-3.2.5.jar:3.2.5]
	at org.springframework.boot.web.servlet.ServletContextInitializerBeans.<init>(ServletContextInitializerBeans.java:86) ~[spring-boot-3.2.5.jar:3.2.5]
	at org.springframework.boot.web.servlet.context.ServletWebServerApplicationContext.getServletContextInitializerBeans(ServletWebServerApplicationContext.java:266) ~[spring-boot-3.2.5.jar:3.2.5]
	at org.springframework.boot.web.servlet.context.ServletWebServerApplicationContext.selfInitialize(ServletWebServerApplicationContext.java:240) ~[spring-boot-3.2.5.jar:3.2.5]
	at org.springframework.boot.web.embedded.tomcat.TomcatStarter.onStartup(TomcatStarter.java:52) ~[spring-boot-3.2.5.jar:3.2.5]
	at org.apache.catalina.core.StandardContext.startInternal(StandardContext.java:4880) ~[tomcat-embed-core-10.1.20.jar:10.1.20]
	at org.apache.catalina.util.LifecycleBase.start(LifecycleBase.java:171) ~[tomcat-embed-core-10.1.20.jar:10.1.20]
	at org.apache.catalina.core.ContainerBase$StartChild.call(ContainerBase.java:1332) ~[tomcat-embed-core-10.1.20.jar:10.1.20]
	at org.apache.catalina.core.ContainerBase$StartChild.call(ContainerBase.java:1322) ~[tomcat-embed-core-10.1.20.jar:10.1.20]
	at java.base/java.util.concurrent.FutureTask.run(FutureTask.java:328) ~[na:na]
	at org.apache.tomcat.util.threads.InlineExecutorService.execute(InlineExecutorService.java:75) ~[tomcat-embed-core-10.1.20.jar:10.1.20]
	at java.base/java.util.concurrent.AbstractExecutorService.submit(AbstractExecutorService.java:149) ~[na:na]
	at org.apache.catalina.core.ContainerBase.startInternal(ContainerBase.java:866) ~[tomcat-embed-core-10.1.20.jar:10.1.20]
	at org.apache.catalina.core.StandardHost.startInternal(StandardHost.java:845) ~[tomcat-embed-core-10.1.20.jar:10.1.20]
	at org.apache.catalina.util.LifecycleBase.start(LifecycleBase.java:171) ~[tomcat-embed-core-10.1.20.jar:10.1.20]
	at org.apache.catalina.core.ContainerBase$StartChild.call(ContainerBase.java:1332) ~[tomcat-embed-core-10.1.20.jar:10.1.20]
	at org.apache.catalina.core.ContainerBase$StartChild.call(ContainerBase.java:1322) ~[tomcat-embed-core-10.1.20.jar:10.1.20]
	at java.base/java.util.concurrent.FutureTask.run(FutureTask.java:328) ~[na:na]
	at org.apache.tomcat.util.threads.InlineExecutorService.execute(InlineExecutorService.java:75) ~[tomcat-embed-core-10.1.20.jar:10.1.20]
	at java.base/java.util.concurrent.AbstractExecutorService.submit(AbstractExecutorService.java:149) ~[na:na]
	at org.apache.catalina.core.ContainerBase.startInternal(ContainerBase.java:866) ~[tomcat-embed-core-10.1.20.jar:10.1.20]
	at org.apache.catalina.core.StandardEngine.startInternal(StandardEngine.java:240) ~[tomcat-embed-core-10.1.20.jar:10.1.20]
	at org.apache.catalina.util.LifecycleBase.start(LifecycleBase.java:171) ~[tomcat-embed-core-10.1.20.jar:10.1.20]
	at org.apache.catalina.core.StandardService.startInternal(StandardService.java:433) ~[tomcat-embed-core-10.1.20.jar:10.1.20]
	at org.apache.catalina.util.LifecycleBase.start(LifecycleBase.java:171) ~[tomcat-embed-core-10.1.20.jar:10.1.20]
	at org.apache.catalina.core.StandardServer.startInternal(StandardServer.java:921) ~[tomcat-embed-core-10.1.20.jar:10.1.20]
	at org.apache.catalina.util.LifecycleBase.start(LifecycleBase.java:171) ~[tomcat-embed-core-10.1.20.jar:10.1.20]
	at org.apache.catalina.startup.Tomcat.start(Tomcat.java:437) ~[tomcat-embed-core-10.1.20.jar:10.1.20]
	at org.springframework.boot.web.embedded.tomcat.TomcatWebServer.initialize(TomcatWebServer.java:126) ~[spring-boot-3.2.5.jar:3.2.5]
	at org.springframework.boot.web.embedded.tomcat.TomcatWebServer.<init>(TomcatWebServer.java:105) ~[spring-boot-3.2.5.jar:3.2.5]
	at org.springframework.boot.web.embedded.tomcat.TomcatServletWebServerFactory.getTomcatWebServer(TomcatServletWebServerFactory.java:499) ~[spring-boot-3.2.5.jar:3.2.5]
	at org.springframework.boot.web.embedded.tomcat.TomcatServletWebServerFactory.getWebServer(TomcatServletWebServerFactory.java:218) ~[spring-boot-3.2.5.jar:3.2.5]
	at org.springframework.boot.web.servlet.context.ServletWebServerApplicationContext.createWebServer(ServletWebServerApplicationContext.java:188) ~[spring-boot-3.2.5.jar:3.2.5]
	at org.springframework.boot.web.servlet.context.ServletWebServerApplicationContext.onRefresh(ServletWebServerApplicationContext.java:162) ~[spring-boot-3.2.5.jar:3.2.5]
	at org.springframework.context.support.AbstractApplicationContext.refresh(AbstractApplicationContext.java:618) ~[spring-context-6.1.6.jar:6.1.6]
	at org.springframework.boot.web.servlet.context.ServletWebServerApplicationContext.refresh(ServletWebServerApplicationContext.java:146) ~[spring-boot-3.2.5.jar:3.2.5]
	at org.springframework.boot.SpringApplication.refresh(SpringApplication.java:754) ~[spring-boot-3.2.5.jar:3.2.5]
	at org.springframework.boot.SpringApplication.refreshContext(SpringApplication.java:456) ~[spring-boot-3.2.5.jar:3.2.5]
	at org.springframework.boot.SpringApplication.run(SpringApplication.java:334) ~[spring-boot-3.2.5.jar:3.2.5]
	at org.springframework.boot.SpringApplication.run(SpringApplication.java:1354) ~[spring-boot-3.2.5.jar:3.2.5]
	at org.springframework.boot.SpringApplication.run(SpringApplication.java:1343) ~[spring-boot-3.2.5.jar:3.2.5]
	at com.institute.InstituteApplication.main(InstituteApplication.java:9) ~[classes/:na]
Caused by: java.sql.SQLSyntaxErrorException: Incorrect table definition; there can be only one auto column and it must be defined as a key
	at com.mysql.cj.jdbc.exceptions.SQLError.createSQLException(SQLError.java:121) ~[mysql-connector-j-8.3.0.jar:8.3.0]
	at com.mysql.cj.jdbc.exceptions.SQLExceptionsMapping.translateException(SQLExceptionsMapping.java:122) ~[mysql-connector-j-8.3.0.jar:8.3.0]
	at com.mysql.cj.jdbc.StatementImpl.executeInternal(StatementImpl.java:770) ~[mysql-connector-j-8.3.0.jar:8.3.0]
	at com.mysql.cj.jdbc.StatementImpl.execute(StatementImpl.java:653) ~[mysql-connector-j-8.3.0.jar:8.3.0]
	at com.zaxxer.hikari.pool.ProxyStatement.execute(ProxyStatement.java:94) ~[HikariCP-5.0.1.jar:na]
	at com.zaxxer.hikari.pool.HikariProxyStatement.execute(HikariProxyStatement.java) ~[HikariCP-5.0.1.jar:na]
	at org.hibernate.tool.schema.internal.exec.GenerationTargetToDatabase.accept(GenerationTargetToDatabase.java:80) ~[hibernate-core-6.4.4.Final.jar:6.4.4.Final]
	... 109 common frames omitted

Hibernate: 
    alter table students 
       modify column id bigint not null auto_increment
2026-03-22T21:46:58.760+05:30  WARN 23636 --- [institute-api] [           main] o.h.t.s.i.ExceptionHandlerLoggedImpl     : GenerationTarget encountered exception accepting command : Error executing DDL "
    alter table students 
       modify column id bigint not null auto_increment" via JDBC [Incorrect table definition; there can be only one auto column and it must be defined as a key]

org.hibernate.tool.schema.spi.CommandAcceptanceException: Error executing DDL "
    alter table students 
       modify column id bigint not null auto_increment" via JDBC [Incorrect table definition; there can be only one auto column and it must be defined as a key]
	at org.hibernate.tool.schema.internal.exec.GenerationTargetToDatabase.accept(GenerationTargetToDatabase.java:94) ~[hibernate-core-6.4.4.Final.jar:6.4.4.Final]
	at org.hibernate.tool.schema.internal.AbstractSchemaMigrator.applySqlString(AbstractSchemaMigrator.java:574) ~[hibernate-core-6.4.4.Final.jar:6.4.4.Final]
	at org.hibernate.tool.schema.internal.AbstractSchemaMigrator.applySqlStrings(AbstractSchemaMigrator.java:514) ~[hibernate-core-6.4.4.Final.jar:6.4.4.Final]
	at org.hibernate.tool.schema.internal.AbstractSchemaMigrator.migrateTable(AbstractSchemaMigrator.java:333) ~[hibernate-core-6.4.4.Final.jar:6.4.4.Final]
	at org.hibernate.tool.schema.internal.GroupedSchemaMigratorImpl.performTablesMigration(GroupedSchemaMigratorImpl.java:84) ~[hibernate-core-6.4.4.Final.jar:6.4.4.Final]
	at org.hibernate.tool.schema.internal.AbstractSchemaMigrator.performMigration(AbstractSchemaMigrator.java:232) ~[hibernate-core-6.4.4.Final.jar:6.4.4.Final]
	at org.hibernate.tool.schema.internal.AbstractSchemaMigrator.doMigration(AbstractSchemaMigrator.java:117) ~[hibernate-core-6.4.4.Final.jar:6.4.4.Final]
	at org.hibernate.tool.schema.spi.SchemaManagementToolCoordinator.performDatabaseAction(SchemaManagementToolCoordinator.java:286) ~[hibernate-core-6.4.4.Final.jar:6.4.4.Final]
	at org.hibernate.tool.schema.spi.SchemaManagementToolCoordinator.lambda$process$5(SchemaManagementToolCoordinator.java:145) ~[hibernate-core-6.4.4.Final.jar:6.4.4.Final]
	at java.base/java.util.HashMap.forEach(HashMap.java:1430) ~[na:na]
	at org.hibernate.tool.schema.spi.SchemaManagementToolCoordinator.process(SchemaManagementToolCoordinator.java:142) ~[hibernate-core-6.4.4.Final.jar:6.4.4.Final]
	at org.hibernate.boot.internal.SessionFactoryObserverForSchemaExport.sessionFactoryCreated(SessionFactoryObserverForSchemaExport.java:37) ~[hibernate-core-6.4.4.Final.jar:6.4.4.Final]
	at org.hibernate.internal.SessionFactoryObserverChain.sessionFactoryCreated(SessionFactoryObserverChain.java:35) ~[hibernate-core-6.4.4.Final.jar:6.4.4.Final]
	at org.hibernate.internal.SessionFactoryImpl.<init>(SessionFactoryImpl.java:315) ~[hibernate-core-6.4.4.Final.jar:6.4.4.Final]
	at org.hibernate.boot.internal.SessionFactoryBuilderImpl.build(SessionFactoryBuilderImpl.java:450) ~[hibernate-core-6.4.4.Final.jar:6.4.4.Final]
	at org.hibernate.jpa.boot.internal.EntityManagerFactoryBuilderImpl.build(EntityManagerFactoryBuilderImpl.java:1507) ~[hibernate-core-6.4.4.Final.jar:6.4.4.Final]
	at org.springframework.orm.jpa.vendor.SpringHibernateJpaPersistenceProvider.createContainerEntityManagerFactory(SpringHibernateJpaPersistenceProvider.java:75) ~[spring-orm-6.1.6.jar:6.1.6]
	at org.springframework.orm.jpa.LocalContainerEntityManagerFactoryBean.createNativeEntityManagerFactory(LocalContainerEntityManagerFactoryBean.java:390) ~[spring-orm-6.1.6.jar:6.1.6]
	at org.springframework.orm.jpa.AbstractEntityManagerFactoryBean.buildNativeEntityManagerFactory(AbstractEntityManagerFactoryBean.java:409) ~[spring-orm-6.1.6.jar:6.1.6]
	at org.springframework.orm.jpa.AbstractEntityManagerFactoryBean.afterPropertiesSet(AbstractEntityManagerFactoryBean.java:396) ~[spring-orm-6.1.6.jar:6.1.6]
	at org.springframework.orm.jpa.LocalContainerEntityManagerFactoryBean.afterPropertiesSet(LocalContainerEntityManagerFactoryBean.java:366) ~[spring-orm-6.1.6.jar:6.1.6]
	at org.springframework.beans.factory.support.AbstractAutowireCapableBeanFactory.invokeInitMethods(AbstractAutowireCapableBeanFactory.java:1833) ~[spring-beans-6.1.6.jar:6.1.6]
	at org.springframework.beans.factory.support.AbstractAutowireCapableBeanFactory.initializeBean(AbstractAutowireCapableBeanFactory.java:1782) ~[spring-beans-6.1.6.jar:6.1.6]
	at org.springframework.beans.factory.support.AbstractAutowireCapableBeanFactory.doCreateBean(AbstractAutowireCapableBeanFactory.java:600) ~[spring-beans-6.1.6.jar:6.1.6]
	at org.springframework.beans.factory.support.AbstractAutowireCapableBeanFactory.createBean(AbstractAutowireCapableBeanFactory.java:522) ~[spring-beans-6.1.6.jar:6.1.6]
	at org.springframework.beans.factory.support.AbstractBeanFactory.lambda$doGetBean$0(AbstractBeanFactory.java:326) ~[spring-beans-6.1.6.jar:6.1.6]
	at org.springframework.beans.factory.support.DefaultSingletonBeanRegistry.getSingleton(DefaultSingletonBeanRegistry.java:234) ~[spring-beans-6.1.6.jar:6.1.6]
	at org.springframework.beans.factory.support.AbstractBeanFactory.doGetBean(AbstractBeanFactory.java:324) ~[spring-beans-6.1.6.jar:6.1.6]
	at org.springframework.beans.factory.support.AbstractBeanFactory.getBean(AbstractBeanFactory.java:200) ~[spring-beans-6.1.6.jar:6.1.6]
	at org.springframework.beans.factory.support.BeanDefinitionValueResolver.resolveReference(BeanDefinitionValueResolver.java:365) ~[spring-beans-6.1.6.jar:6.1.6]
	at org.springframework.beans.factory.support.BeanDefinitionValueResolver.resolveValueIfNecessary(BeanDefinitionValueResolver.java:135) ~[spring-beans-6.1.6.jar:6.1.6]
	at org.springframework.beans.factory.support.ConstructorResolver.resolveConstructorArguments(ConstructorResolver.java:682) ~[spring-beans-6.1.6.jar:6.1.6]
	at org.springframework.beans.factory.support.ConstructorResolver.instantiateUsingFactoryMethod(ConstructorResolver.java:509) ~[spring-beans-6.1.6.jar:6.1.6]
	at org.springframework.beans.factory.support.AbstractAutowireCapableBeanFactory.instantiateUsingFactoryMethod(AbstractAutowireCapableBeanFactory.java:1335) ~[spring-beans-6.1.6.jar:6.1.6]
	at org.springframework.beans.factory.support.AbstractAutowireCapableBeanFactory.createBeanInstance(AbstractAutowireCapableBeanFactory.java:1165) ~[spring-beans-6.1.6.jar:6.1.6]
	at org.springframework.beans.factory.support.AbstractAutowireCapableBeanFactory.doCreateBean(AbstractAutowireCapableBeanFactory.java:562) ~[spring-beans-6.1.6.jar:6.1.6]
	at org.springframework.beans.factory.support.AbstractAutowireCapableBeanFactory.createBean(AbstractAutowireCapableBeanFactory.java:522) ~[spring-beans-6.1.6.jar:6.1.6]
	at org.springframework.beans.factory.support.AbstractBeanFactory.lambda$doGetBean$0(AbstractBeanFactory.java:326) ~[spring-beans-6.1.6.jar:6.1.6]
	at org.springframework.beans.factory.support.DefaultSingletonBeanRegistry.getSingleton(DefaultSingletonBeanRegistry.java:234) ~[spring-beans-6.1.6.jar:6.1.6]
	at org.springframework.beans.factory.support.AbstractBeanFactory.doGetBean(AbstractBeanFactory.java:324) ~[spring-beans-6.1.6.jar:6.1.6]
	at org.springframework.beans.factory.support.AbstractBeanFactory.getBean(AbstractBeanFactory.java:200) ~[spring-beans-6.1.6.jar:6.1.6]
	at org.springframework.beans.factory.support.BeanDefinitionValueResolver.resolveReference(BeanDefinitionValueResolver.java:365) ~[spring-beans-6.1.6.jar:6.1.6]
	at org.springframework.beans.factory.support.BeanDefinitionValueResolver.resolveValueIfNecessary(BeanDefinitionValueResolver.java:135) ~[spring-beans-6.1.6.jar:6.1.6]
	at org.springframework.beans.factory.support.AbstractAutowireCapableBeanFactory.applyPropertyValues(AbstractAutowireCapableBeanFactory.java:1685) ~[spring-beans-6.1.6.jar:6.1.6]
	at org.springframework.beans.factory.support.AbstractAutowireCapableBeanFactory.populateBean(AbstractAutowireCapableBeanFactory.java:1434) ~[spring-beans-6.1.6.jar:6.1.6]
	at org.springframework.beans.factory.support.AbstractAutowireCapableBeanFactory.doCreateBean(AbstractAutowireCapableBeanFactory.java:599) ~[spring-beans-6.1.6.jar:6.1.6]
	at org.springframework.beans.factory.support.AbstractAutowireCapableBeanFactory.createBean(AbstractAutowireCapableBeanFactory.java:522) ~[spring-beans-6.1.6.jar:6.1.6]
	at org.springframework.beans.factory.support.AbstractBeanFactory.lambda$doGetBean$0(AbstractBeanFactory.java:326) ~[spring-beans-6.1.6.jar:6.1.6]
	at org.springframework.beans.factory.support.DefaultSingletonBeanRegistry.getSingleton(DefaultSingletonBeanRegistry.java:234) ~[spring-beans-6.1.6.jar:6.1.6]
	at org.springframework.beans.factory.support.AbstractBeanFactory.doGetBean(AbstractBeanFactory.java:324) ~[spring-beans-6.1.6.jar:6.1.6]
	at org.springframework.beans.factory.support.AbstractBeanFactory.getBean(AbstractBeanFactory.java:200) ~[spring-beans-6.1.6.jar:6.1.6]
	at org.springframework.beans.factory.config.DependencyDescriptor.resolveCandidate(DependencyDescriptor.java:254) ~[spring-beans-6.1.6.jar:6.1.6]
	at org.springframework.beans.factory.support.DefaultListableBeanFactory.doResolveDependency(DefaultListableBeanFactory.java:1443) ~[spring-beans-6.1.6.jar:6.1.6]
	at org.springframework.beans.factory.support.DefaultListableBeanFactory.resolveDependency(DefaultListableBeanFactory.java:1353) ~[spring-beans-6.1.6.jar:6.1.6]
	at org.springframework.beans.factory.support.ConstructorResolver.resolveAutowiredArgument(ConstructorResolver.java:904) ~[spring-beans-6.1.6.jar:6.1.6]
	at org.springframework.beans.factory.support.ConstructorResolver.createArgumentArray(ConstructorResolver.java:782) ~[spring-beans-6.1.6.jar:6.1.6]
	at org.springframework.beans.factory.support.ConstructorResolver.autowireConstructor(ConstructorResolver.java:237) ~[spring-beans-6.1.6.jar:6.1.6]
	at org.springframework.beans.factory.support.AbstractAutowireCapableBeanFactory.autowireConstructor(AbstractAutowireCapableBeanFactory.java:1355) ~[spring-beans-6.1.6.jar:6.1.6]
	at org.springframework.beans.factory.support.AbstractAutowireCapableBeanFactory.createBeanInstance(AbstractAutowireCapableBeanFactory.java:1192) ~[spring-beans-6.1.6.jar:6.1.6]
	at org.springframework.beans.factory.support.AbstractAutowireCapableBeanFactory.doCreateBean(AbstractAutowireCapableBeanFactory.java:562) ~[spring-beans-6.1.6.jar:6.1.6]
	at org.springframework.beans.factory.support.AbstractAutowireCapableBeanFactory.createBean(AbstractAutowireCapableBeanFactory.java:522) ~[spring-beans-6.1.6.jar:6.1.6]
	at org.springframework.beans.factory.support.AbstractBeanFactory.lambda$doGetBean$0(AbstractBeanFactory.java:326) ~[spring-beans-6.1.6.jar:6.1.6]
	at org.springframework.beans.factory.support.DefaultSingletonBeanRegistry.getSingleton(DefaultSingletonBeanRegistry.java:234) ~[spring-beans-6.1.6.jar:6.1.6]
	at org.springframework.beans.factory.support.AbstractBeanFactory.doGetBean(AbstractBeanFactory.java:324) ~[spring-beans-6.1.6.jar:6.1.6]
	at org.springframework.beans.factory.support.AbstractBeanFactory.getBean(AbstractBeanFactory.java:205) ~[spring-beans-6.1.6.jar:6.1.6]
	at org.springframework.boot.web.servlet.ServletContextInitializerBeans.getOrderedBeansOfType(ServletContextInitializerBeans.java:210) ~[spring-boot-3.2.5.jar:3.2.5]
	at org.springframework.boot.web.servlet.ServletContextInitializerBeans.addAsRegistrationBean(ServletContextInitializerBeans.java:173) ~[spring-boot-3.2.5.jar:3.2.5]
	at org.springframework.boot.web.servlet.ServletContextInitializerBeans.addAsRegistrationBean(ServletContextInitializerBeans.java:168) ~[spring-boot-3.2.5.jar:3.2.5]
	at org.springframework.boot.web.servlet.ServletContextInitializerBeans.addAdaptableBeans(ServletContextInitializerBeans.java:153) ~[spring-boot-3.2.5.jar:3.2.5]
	at org.springframework.boot.web.servlet.ServletContextInitializerBeans.<init>(ServletContextInitializerBeans.java:86) ~[spring-boot-3.2.5.jar:3.2.5]
	at org.springframework.boot.web.servlet.context.ServletWebServerApplicationContext.getServletContextInitializerBeans(ServletWebServerApplicationContext.java:266) ~[spring-boot-3.2.5.jar:3.2.5]
	at org.springframework.boot.web.servlet.context.ServletWebServerApplicationContext.selfInitialize(ServletWebServerApplicationContext.java:240) ~[spring-boot-3.2.5.jar:3.2.5]
	at org.springframework.boot.web.embedded.tomcat.TomcatStarter.onStartup(TomcatStarter.java:52) ~[spring-boot-3.2.5.jar:3.2.5]
	at org.apache.catalina.core.StandardContext.startInternal(StandardContext.java:4880) ~[tomcat-embed-core-10.1.20.jar:10.1.20]
	at org.apache.catalina.util.LifecycleBase.start(LifecycleBase.java:171) ~[tomcat-embed-core-10.1.20.jar:10.1.20]
	at org.apache.catalina.core.ContainerBase$StartChild.call(ContainerBase.java:1332) ~[tomcat-embed-core-10.1.20.jar:10.1.20]
	at org.apache.catalina.core.ContainerBase$StartChild.call(ContainerBase.java:1322) ~[tomcat-embed-core-10.1.20.jar:10.1.20]
	at java.base/java.util.concurrent.FutureTask.run(FutureTask.java:328) ~[na:na]
	at org.apache.tomcat.util.threads.InlineExecutorService.execute(InlineExecutorService.java:75) ~[tomcat-embed-core-10.1.20.jar:10.1.20]
	at java.base/java.util.concurrent.AbstractExecutorService.submit(AbstractExecutorService.java:149) ~[na:na]
	at org.apache.catalina.core.ContainerBase.startInternal(ContainerBase.java:866) ~[tomcat-embed-core-10.1.20.jar:10.1.20]
	at org.apache.catalina.core.StandardHost.startInternal(StandardHost.java:845) ~[tomcat-embed-core-10.1.20.jar:10.1.20]
	at org.apache.catalina.util.LifecycleBase.start(LifecycleBase.java:171) ~[tomcat-embed-core-10.1.20.jar:10.1.20]
	at org.apache.catalina.core.ContainerBase$StartChild.call(ContainerBase.java:1332) ~[tomcat-embed-core-10.1.20.jar:10.1.20]
	at org.apache.catalina.core.ContainerBase$StartChild.call(ContainerBase.java:1322) ~[tomcat-embed-core-10.1.20.jar:10.1.20]
	at java.base/java.util.concurrent.FutureTask.run(FutureTask.java:328) ~[na:na]
	at org.apache.tomcat.util.threads.InlineExecutorService.execute(InlineExecutorService.java:75) ~[tomcat-embed-core-10.1.20.jar:10.1.20]
	at java.base/java.util.concurrent.AbstractExecutorService.submit(AbstractExecutorService.java:149) ~[na:na]
	at org.apache.catalina.core.ContainerBase.startInternal(ContainerBase.java:866) ~[tomcat-embed-core-10.1.20.jar:10.1.20]
	at org.apache.catalina.core.StandardEngine.startInternal(StandardEngine.java:240) ~[tomcat-embed-core-10.1.20.jar:10.1.20]
	at org.apache.catalina.util.LifecycleBase.start(LifecycleBase.java:171) ~[tomcat-embed-core-10.1.20.jar:10.1.20]
	at org.apache.catalina.core.StandardService.startInternal(StandardService.java:433) ~[tomcat-embed-core-10.1.20.jar:10.1.20]
	at org.apache.catalina.util.LifecycleBase.start(LifecycleBase.java:171) ~[tomcat-embed-core-10.1.20.jar:10.1.20]
	at org.apache.catalina.core.StandardServer.startInternal(StandardServer.java:921) ~[tomcat-embed-core-10.1.20.jar:10.1.20]
	at org.apache.catalina.util.LifecycleBase.start(LifecycleBase.java:171) ~[tomcat-embed-core-10.1.20.jar:10.1.20]
	at org.apache.catalina.startup.Tomcat.start(Tomcat.java:437) ~[tomcat-embed-core-10.1.20.jar:10.1.20]
	at org.springframework.boot.web.embedded.tomcat.TomcatWebServer.initialize(TomcatWebServer.java:126) ~[spring-boot-3.2.5.jar:3.2.5]
	at org.springframework.boot.web.embedded.tomcat.TomcatWebServer.<init>(TomcatWebServer.java:105) ~[spring-boot-3.2.5.jar:3.2.5]
	at org.springframework.boot.web.embedded.tomcat.TomcatServletWebServerFactory.getTomcatWebServer(TomcatServletWebServerFactory.java:499) ~[spring-boot-3.2.5.jar:3.2.5]
	at org.springframework.boot.web.embedded.tomcat.TomcatServletWebServerFactory.getWebServer(TomcatServletWebServerFactory.java:218) ~[spring-boot-3.2.5.jar:3.2.5]
	at org.springframework.boot.web.servlet.context.ServletWebServerApplicationContext.createWebServer(ServletWebServerApplicationContext.java:188) ~[spring-boot-3.2.5.jar:3.2.5]
	at org.springframework.boot.web.servlet.context.ServletWebServerApplicationContext.onRefresh(ServletWebServerApplicationContext.java:162) ~[spring-boot-3.2.5.jar:3.2.5]
	at org.springframework.context.support.AbstractApplicationContext.refresh(AbstractApplicationContext.java:618) ~[spring-context-6.1.6.jar:6.1.6]
	at org.springframework.boot.web.servlet.context.ServletWebServerApplicationContext.refresh(ServletWebServerApplicationContext.java:146) ~[spring-boot-3.2.5.jar:3.2.5]
	at org.springframework.boot.SpringApplication.refresh(SpringApplication.java:754) ~[spring-boot-3.2.5.jar:3.2.5]
	at org.springframework.boot.SpringApplication.refreshContext(SpringApplication.java:456) ~[spring-boot-3.2.5.jar:3.2.5]
	at org.springframework.boot.SpringApplication.run(SpringApplication.java:334) ~[spring-boot-3.2.5.jar:3.2.5]
	at org.springframework.boot.SpringApplication.run(SpringApplication.java:1354) ~[spring-boot-3.2.5.jar:3.2.5]
	at org.springframework.boot.SpringApplication.run(SpringApplication.java:1343) ~[spring-boot-3.2.5.jar:3.2.5]
	at com.institute.InstituteApplication.main(InstituteApplication.java:9) ~[classes/:na]
Caused by: java.sql.SQLSyntaxErrorException: Incorrect table definition; there can be only one auto column and it must be defined as a key
	at com.mysql.cj.jdbc.exceptions.SQLError.createSQLException(SQLError.java:121) ~[mysql-connector-j-8.3.0.jar:8.3.0]
	at com.mysql.cj.jdbc.exceptions.SQLExceptionsMapping.translateException(SQLExceptionsMapping.java:122) ~[mysql-connector-j-8.3.0.jar:8.3.0]
	at com.mysql.cj.jdbc.StatementImpl.executeInternal(StatementImpl.java:770) ~[mysql-connector-j-8.3.0.jar:8.3.0]
	at com.mysql.cj.jdbc.StatementImpl.execute(StatementImpl.java:653) ~[mysql-connector-j-8.3.0.jar:8.3.0]
	at com.zaxxer.hikari.pool.ProxyStatement.execute(ProxyStatement.java:94) ~[HikariCP-5.0.1.jar:na]
	at com.zaxxer.hikari.pool.HikariProxyStatement.execute(HikariProxyStatement.java) ~[HikariCP-5.0.1.jar:na]
	at org.hibernate.tool.schema.internal.exec.GenerationTargetToDatabase.accept(GenerationTargetToDatabase.java:80) ~[hibernate-core-6.4.4.Final.jar:6.4.4.Final]
	... 109 common frames omitted

Hibernate: 
    alter table students 
       modify column batch_id bigint
2026-03-22T21:46:58.772+05:30  WARN 23636 --- [institute-api] [           main] o.h.t.s.i.ExceptionHandlerLoggedImpl     : GenerationTarget encountered exception accepting command : Error executing DDL "
    alter table students 
       modify column batch_id bigint" via JDBC [Data truncation: Incorrect date value: '0000-00-00' for column `institute_db`.`students`.`dob` at row 12]

org.hibernate.tool.schema.spi.CommandAcceptanceException: Error executing DDL "
    alter table students 
       modify column batch_id bigint" via JDBC [Data truncation: Incorrect date value: '0000-00-00' for column `institute_db`.`students`.`dob` at row 12]
	at org.hibernate.tool.schema.internal.exec.GenerationTargetToDatabase.accept(GenerationTargetToDatabase.java:94) ~[hibernate-core-6.4.4.Final.jar:6.4.4.Final]
	at org.hibernate.tool.schema.internal.AbstractSchemaMigrator.applySqlString(AbstractSchemaMigrator.java:574) ~[hibernate-core-6.4.4.Final.jar:6.4.4.Final]
	at org.hibernate.tool.schema.internal.AbstractSchemaMigrator.applySqlStrings(AbstractSchemaMigrator.java:514) ~[hibernate-core-6.4.4.Final.jar:6.4.4.Final]
	at org.hibernate.tool.schema.internal.AbstractSchemaMigrator.migrateTable(AbstractSchemaMigrator.java:333) ~[hibernate-core-6.4.4.Final.jar:6.4.4.Final]
	at org.hibernate.tool.schema.internal.GroupedSchemaMigratorImpl.performTablesMigration(GroupedSchemaMigratorImpl.java:84) ~[hibernate-core-6.4.4.Final.jar:6.4.4.Final]
	at org.hibernate.tool.schema.internal.AbstractSchemaMigrator.performMigration(AbstractSchemaMigrator.java:232) ~[hibernate-core-6.4.4.Final.jar:6.4.4.Final]
	at org.hibernate.tool.schema.internal.AbstractSchemaMigrator.doMigration(AbstractSchemaMigrator.java:117) ~[hibernate-core-6.4.4.Final.jar:6.4.4.Final]
	at org.hibernate.tool.schema.spi.SchemaManagementToolCoordinator.performDatabaseAction(SchemaManagementToolCoordinator.java:286) ~[hibernate-core-6.4.4.Final.jar:6.4.4.Final]
	at org.hibernate.tool.schema.spi.SchemaManagementToolCoordinator.lambda$process$5(SchemaManagementToolCoordinator.java:145) ~[hibernate-core-6.4.4.Final.jar:6.4.4.Final]
	at java.base/java.util.HashMap.forEach(HashMap.java:1430) ~[na:na]
	at org.hibernate.tool.schema.spi.SchemaManagementToolCoordinator.process(SchemaManagementToolCoordinator.java:142) ~[hibernate-core-6.4.4.Final.jar:6.4.4.Final]
	at org.hibernate.boot.internal.SessionFactoryObserverForSchemaExport.sessionFactoryCreated(SessionFactoryObserverForSchemaExport.java:37) ~[hibernate-core-6.4.4.Final.jar:6.4.4.Final]
	at org.hibernate.internal.SessionFactoryObserverChain.sessionFactoryCreated(SessionFactoryObserverChain.java:35) ~[hibernate-core-6.4.4.Final.jar:6.4.4.Final]
	at org.hibernate.internal.SessionFactoryImpl.<init>(SessionFactoryImpl.java:315) ~[hibernate-core-6.4.4.Final.jar:6.4.4.Final]
	at org.hibernate.boot.internal.SessionFactoryBuilderImpl.build(SessionFactoryBuilderImpl.java:450) ~[hibernate-core-6.4.4.Final.jar:6.4.4.Final]
	at org.hibernate.jpa.boot.internal.EntityManagerFactoryBuilderImpl.build(EntityManagerFactoryBuilderImpl.java:1507) ~[hibernate-core-6.4.4.Final.jar:6.4.4.Final]
	at org.springframework.orm.jpa.vendor.SpringHibernateJpaPersistenceProvider.createContainerEntityManagerFactory(SpringHibernateJpaPersistenceProvider.java:75) ~[spring-orm-6.1.6.jar:6.1.6]
	at org.springframework.orm.jpa.LocalContainerEntityManagerFactoryBean.createNativeEntityManagerFactory(LocalContainerEntityManagerFactoryBean.java:390) ~[spring-orm-6.1.6.jar:6.1.6]
	at org.springframework.orm.jpa.AbstractEntityManagerFactoryBean.buildNativeEntityManagerFactory(AbstractEntityManagerFactoryBean.java:409) ~[spring-orm-6.1.6.jar:6.1.6]
	at org.springframework.orm.jpa.AbstractEntityManagerFactoryBean.afterPropertiesSet(AbstractEntityManagerFactoryBean.java:396) ~[spring-orm-6.1.6.jar:6.1.6]
	at org.springframework.orm.jpa.LocalContainerEntityManagerFactoryBean.afterPropertiesSet(LocalContainerEntityManagerFactoryBean.java:366) ~[spring-orm-6.1.6.jar:6.1.6]
	at org.springframework.beans.factory.support.AbstractAutowireCapableBeanFactory.invokeInitMethods(AbstractAutowireCapableBeanFactory.java:1833) ~[spring-beans-6.1.6.jar:6.1.6]
	at org.springframework.beans.factory.support.AbstractAutowireCapableBeanFactory.initializeBean(AbstractAutowireCapableBeanFactory.java:1782) ~[spring-beans-6.1.6.jar:6.1.6]
	at org.springframework.beans.factory.support.AbstractAutowireCapableBeanFactory.doCreateBean(AbstractAutowireCapableBeanFactory.java:600) ~[spring-beans-6.1.6.jar:6.1.6]
	at org.springframework.beans.factory.support.AbstractAutowireCapableBeanFactory.createBean(AbstractAutowireCapableBeanFactory.java:522) ~[spring-beans-6.1.6.jar:6.1.6]
	at org.springframework.beans.factory.support.AbstractBeanFactory.lambda$doGetBean$0(AbstractBeanFactory.java:326) ~[spring-beans-6.1.6.jar:6.1.6]
	at org.springframework.beans.factory.support.DefaultSingletonBeanRegistry.getSingleton(DefaultSingletonBeanRegistry.java:234) ~[spring-beans-6.1.6.jar:6.1.6]
	at org.springframework.beans.factory.support.AbstractBeanFactory.doGetBean(AbstractBeanFactory.java:324) ~[spring-beans-6.1.6.jar:6.1.6]
	at org.springframework.beans.factory.support.AbstractBeanFactory.getBean(AbstractBeanFactory.java:200) ~[spring-beans-6.1.6.jar:6.1.6]
	at org.springframework.beans.factory.support.BeanDefinitionValueResolver.resolveReference(BeanDefinitionValueResolver.java:365) ~[spring-beans-6.1.6.jar:6.1.6]
	at org.springframework.beans.factory.support.BeanDefinitionValueResolver.resolveValueIfNecessary(BeanDefinitionValueResolver.java:135) ~[spring-beans-6.1.6.jar:6.1.6]
	at org.springframework.beans.factory.support.ConstructorResolver.resolveConstructorArguments(ConstructorResolver.java:682) ~[spring-beans-6.1.6.jar:6.1.6]
	at org.springframework.beans.factory.support.ConstructorResolver.instantiateUsingFactoryMethod(ConstructorResolver.java:509) ~[spring-beans-6.1.6.jar:6.1.6]
	at org.springframework.beans.factory.support.AbstractAutowireCapableBeanFactory.instantiateUsingFactoryMethod(AbstractAutowireCapableBeanFactory.java:1335) ~[spring-beans-6.1.6.jar:6.1.6]
	at org.springframework.beans.factory.support.AbstractAutowireCapableBeanFactory.createBeanInstance(AbstractAutowireCapableBeanFactory.java:1165) ~[spring-beans-6.1.6.jar:6.1.6]
	at org.springframework.beans.factory.support.AbstractAutowireCapableBeanFactory.doCreateBean(AbstractAutowireCapableBeanFactory.java:562) ~[spring-beans-6.1.6.jar:6.1.6]
	at org.springframework.beans.factory.support.AbstractAutowireCapableBeanFactory.createBean(AbstractAutowireCapableBeanFactory.java:522) ~[spring-beans-6.1.6.jar:6.1.6]
	at org.springframework.beans.factory.support.AbstractBeanFactory.lambda$doGetBean$0(AbstractBeanFactory.java:326) ~[spring-beans-6.1.6.jar:6.1.6]
	at org.springframework.beans.factory.support.DefaultSingletonBeanRegistry.getSingleton(DefaultSingletonBeanRegistry.java:234) ~[spring-beans-6.1.6.jar:6.1.6]
	at org.springframework.beans.factory.support.AbstractBeanFactory.doGetBean(AbstractBeanFactory.java:324) ~[spring-beans-6.1.6.jar:6.1.6]
	at org.springframework.beans.factory.support.AbstractBeanFactory.getBean(AbstractBeanFactory.java:200) ~[spring-beans-6.1.6.jar:6.1.6]
	at org.springframework.beans.factory.support.BeanDefinitionValueResolver.resolveReference(BeanDefinitionValueResolver.java:365) ~[spring-beans-6.1.6.jar:6.1.6]
	at org.springframework.beans.factory.support.BeanDefinitionValueResolver.resolveValueIfNecessary(BeanDefinitionValueResolver.java:135) ~[spring-beans-6.1.6.jar:6.1.6]
	at org.springframework.beans.factory.support.AbstractAutowireCapableBeanFactory.applyPropertyValues(AbstractAutowireCapableBeanFactory.java:1685) ~[spring-beans-6.1.6.jar:6.1.6]
	at org.springframework.beans.factory.support.AbstractAutowireCapableBeanFactory.populateBean(AbstractAutowireCapableBeanFactory.java:1434) ~[spring-beans-6.1.6.jar:6.1.6]
	at org.springframework.beans.factory.support.AbstractAutowireCapableBeanFactory.doCreateBean(AbstractAutowireCapableBeanFactory.java:599) ~[spring-beans-6.1.6.jar:6.1.6]
	at org.springframework.beans.factory.support.AbstractAutowireCapableBeanFactory.createBean(AbstractAutowireCapableBeanFactory.java:522) ~[spring-beans-6.1.6.jar:6.1.6]
	at org.springframework.beans.factory.support.AbstractBeanFactory.lambda$doGetBean$0(AbstractBeanFactory.java:326) ~[spring-beans-6.1.6.jar:6.1.6]
	at org.springframework.beans.factory.support.DefaultSingletonBeanRegistry.getSingleton(DefaultSingletonBeanRegistry.java:234) ~[spring-beans-6.1.6.jar:6.1.6]
	at org.springframework.beans.factory.support.AbstractBeanFactory.doGetBean(AbstractBeanFactory.java:324) ~[spring-beans-6.1.6.jar:6.1.6]
	at org.springframework.beans.factory.support.AbstractBeanFactory.getBean(AbstractBeanFactory.java:200) ~[spring-beans-6.1.6.jar:6.1.6]
	at org.springframework.beans.factory.config.DependencyDescriptor.resolveCandidate(DependencyDescriptor.java:254) ~[spring-beans-6.1.6.jar:6.1.6]
	at org.springframework.beans.factory.support.DefaultListableBeanFactory.doResolveDependency(DefaultListableBeanFactory.java:1443) ~[spring-beans-6.1.6.jar:6.1.6]
	at org.springframework.beans.factory.support.DefaultListableBeanFactory.resolveDependency(DefaultListableBeanFactory.java:1353) ~[spring-beans-6.1.6.jar:6.1.6]
	at org.springframework.beans.factory.support.ConstructorResolver.resolveAutowiredArgument(ConstructorResolver.java:904) ~[spring-beans-6.1.6.jar:6.1.6]
	at org.springframework.beans.factory.support.ConstructorResolver.createArgumentArray(ConstructorResolver.java:782) ~[spring-beans-6.1.6.jar:6.1.6]
	at org.springframework.beans.factory.support.ConstructorResolver.autowireConstructor(ConstructorResolver.java:237) ~[spring-beans-6.1.6.jar:6.1.6]
	at org.springframework.beans.factory.support.AbstractAutowireCapableBeanFactory.autowireConstructor(AbstractAutowireCapableBeanFactory.java:1355) ~[spring-beans-6.1.6.jar:6.1.6]
	at org.springframework.beans.factory.support.AbstractAutowireCapableBeanFactory.createBeanInstance(AbstractAutowireCapableBeanFactory.java:1192) ~[spring-beans-6.1.6.jar:6.1.6]
	at org.springframework.beans.factory.support.AbstractAutowireCapableBeanFactory.doCreateBean(AbstractAutowireCapableBeanFactory.java:562) ~[spring-beans-6.1.6.jar:6.1.6]
	at org.springframework.beans.factory.support.AbstractAutowireCapableBeanFactory.createBean(AbstractAutowireCapableBeanFactory.java:522) ~[spring-beans-6.1.6.jar:6.1.6]
	at org.springframework.beans.factory.support.AbstractBeanFactory.lambda$doGetBean$0(AbstractBeanFactory.java:326) ~[spring-beans-6.1.6.jar:6.1.6]
	at org.springframework.beans.factory.support.DefaultSingletonBeanRegistry.getSingleton(DefaultSingletonBeanRegistry.java:234) ~[spring-beans-6.1.6.jar:6.1.6]
	at org.springframework.beans.factory.support.AbstractBeanFactory.doGetBean(AbstractBeanFactory.java:324) ~[spring-beans-6.1.6.jar:6.1.6]
	at org.springframework.beans.factory.support.AbstractBeanFactory.getBean(AbstractBeanFactory.java:205) ~[spring-beans-6.1.6.jar:6.1.6]
	at org.springframework.boot.web.servlet.ServletContextInitializerBeans.getOrderedBeansOfType(ServletContextInitializerBeans.java:210) ~[spring-boot-3.2.5.jar:3.2.5]
	at org.springframework.boot.web.servlet.ServletContextInitializerBeans.addAsRegistrationBean(ServletContextInitializerBeans.java:173) ~[spring-boot-3.2.5.jar:3.2.5]
	at org.springframework.boot.web.servlet.ServletContextInitializerBeans.addAsRegistrationBean(ServletContextInitializerBeans.java:168) ~[spring-boot-3.2.5.jar:3.2.5]
	at org.springframework.boot.web.servlet.ServletContextInitializerBeans.addAdaptableBeans(ServletContextInitializerBeans.java:153) ~[spring-boot-3.2.5.jar:3.2.5]
	at org.springframework.boot.web.servlet.ServletContextInitializerBeans.<init>(ServletContextInitializerBeans.java:86) ~[spring-boot-3.2.5.jar:3.2.5]
	at org.springframework.boot.web.servlet.context.ServletWebServerApplicationContext.getServletContextInitializerBeans(ServletWebServerApplicationContext.java:266) ~[spring-boot-3.2.5.jar:3.2.5]
	at org.springframework.boot.web.servlet.context.ServletWebServerApplicationContext.selfInitialize(ServletWebServerApplicationContext.java:240) ~[spring-boot-3.2.5.jar:3.2.5]
	at org.springframework.boot.web.embedded.tomcat.TomcatStarter.onStartup(TomcatStarter.java:52) ~[spring-boot-3.2.5.jar:3.2.5]
	at org.apache.catalina.core.StandardContext.startInternal(StandardContext.java:4880) ~[tomcat-embed-core-10.1.20.jar:10.1.20]
	at org.apache.catalina.util.LifecycleBase.start(LifecycleBase.java:171) ~[tomcat-embed-core-10.1.20.jar:10.1.20]
	at org.apache.catalina.core.ContainerBase$StartChild.call(ContainerBase.java:1332) ~[tomcat-embed-core-10.1.20.jar:10.1.20]
	at org.apache.catalina.core.ContainerBase$StartChild.call(ContainerBase.java:1322) ~[tomcat-embed-core-10.1.20.jar:10.1.20]
	at java.base/java.util.concurrent.FutureTask.run(FutureTask.java:328) ~[na:na]
	at org.apache.tomcat.util.threads.InlineExecutorService.execute(InlineExecutorService.java:75) ~[tomcat-embed-core-10.1.20.jar:10.1.20]
	at java.base/java.util.concurrent.AbstractExecutorService.submit(AbstractExecutorService.java:149) ~[na:na]
	at org.apache.catalina.core.ContainerBase.startInternal(ContainerBase.java:866) ~[tomcat-embed-core-10.1.20.jar:10.1.20]
	at org.apache.catalina.core.StandardHost.startInternal(StandardHost.java:845) ~[tomcat-embed-core-10.1.20.jar:10.1.20]
	at org.apache.catalina.util.LifecycleBase.start(LifecycleBase.java:171) ~[tomcat-embed-core-10.1.20.jar:10.1.20]
	at org.apache.catalina.core.ContainerBase$StartChild.call(ContainerBase.java:1332) ~[tomcat-embed-core-10.1.20.jar:10.1.20]
	at org.apache.catalina.core.ContainerBase$StartChild.call(ContainerBase.java:1322) ~[tomcat-embed-core-10.1.20.jar:10.1.20]
	at java.base/java.util.concurrent.FutureTask.run(FutureTask.java:328) ~[na:na]
	at org.apache.tomcat.util.threads.InlineExecutorService.execute(InlineExecutorService.java:75) ~[tomcat-embed-core-10.1.20.jar:10.1.20]
	at java.base/java.util.concurrent.AbstractExecutorService.submit(AbstractExecutorService.java:149) ~[na:na]
	at org.apache.catalina.core.ContainerBase.startInternal(ContainerBase.java:866) ~[tomcat-embed-core-10.1.20.jar:10.1.20]
	at org.apache.catalina.core.StandardEngine.startInternal(StandardEngine.java:240) ~[tomcat-embed-core-10.1.20.jar:10.1.20]
	at org.apache.catalina.util.LifecycleBase.start(LifecycleBase.java:171) ~[tomcat-embed-core-10.1.20.jar:10.1.20]
	at org.apache.catalina.core.StandardService.startInternal(StandardService.java:433) ~[tomcat-embed-core-10.1.20.jar:10.1.20]
	at org.apache.catalina.util.LifecycleBase.start(LifecycleBase.java:171) ~[tomcat-embed-core-10.1.20.jar:10.1.20]
	at org.apache.catalina.core.StandardServer.startInternal(StandardServer.java:921) ~[tomcat-embed-core-10.1.20.jar:10.1.20]
	at org.apache.catalina.util.LifecycleBase.start(LifecycleBase.java:171) ~[tomcat-embed-core-10.1.20.jar:10.1.20]
	at org.apache.catalina.startup.Tomcat.start(Tomcat.java:437) ~[tomcat-embed-core-10.1.20.jar:10.1.20]
	at org.springframework.boot.web.embedded.tomcat.TomcatWebServer.initialize(TomcatWebServer.java:126) ~[spring-boot-3.2.5.jar:3.2.5]
	at org.springframework.boot.web.embedded.tomcat.TomcatWebServer.<init>(TomcatWebServer.java:105) ~[spring-boot-3.2.5.jar:3.2.5]
	at org.springframework.boot.web.embedded.tomcat.TomcatServletWebServerFactory.getTomcatWebServer(TomcatServletWebServerFactory.java:499) ~[spring-boot-3.2.5.jar:3.2.5]
	at org.springframework.boot.web.embedded.tomcat.TomcatServletWebServerFactory.getWebServer(TomcatServletWebServerFactory.java:218) ~[spring-boot-3.2.5.jar:3.2.5]
	at org.springframework.boot.web.servlet.context.ServletWebServerApplicationContext.createWebServer(ServletWebServerApplicationContext.java:188) ~[spring-boot-3.2.5.jar:3.2.5]
	at org.springframework.boot.web.servlet.context.ServletWebServerApplicationContext.onRefresh(ServletWebServerApplicationContext.java:162) ~[spring-boot-3.2.5.jar:3.2.5]
	at org.springframework.context.support.AbstractApplicationContext.refresh(AbstractApplicationContext.java:618) ~[spring-context-6.1.6.jar:6.1.6]
	at org.springframework.boot.web.servlet.context.ServletWebServerApplicationContext.refresh(ServletWebServerApplicationContext.java:146) ~[spring-boot-3.2.5.jar:3.2.5]
	at org.springframework.boot.SpringApplication.refresh(SpringApplication.java:754) ~[spring-boot-3.2.5.jar:3.2.5]
	at org.springframework.boot.SpringApplication.refreshContext(SpringApplication.java:456) ~[spring-boot-3.2.5.jar:3.2.5]
	at org.springframework.boot.SpringApplication.run(SpringApplication.java:334) ~[spring-boot-3.2.5.jar:3.2.5]
	at org.springframework.boot.SpringApplication.run(SpringApplication.java:1354) ~[spring-boot-3.2.5.jar:3.2.5]
	at org.springframework.boot.SpringApplication.run(SpringApplication.java:1343) ~[spring-boot-3.2.5.jar:3.2.5]
	at com.institute.InstituteApplication.main(InstituteApplication.java:9) ~[classes/:na]
Caused by: com.mysql.cj.jdbc.exceptions.MysqlDataTruncation: Data truncation: Incorrect date value: '0000-00-00' for column `institute_db`.`students`.`dob` at row 12
	at com.mysql.cj.jdbc.exceptions.SQLExceptionsMapping.translateException(SQLExceptionsMapping.java:104) ~[mysql-connector-j-8.3.0.jar:8.3.0]
	at com.mysql.cj.jdbc.StatementImpl.executeInternal(StatementImpl.java:770) ~[mysql-connector-j-8.3.0.jar:8.3.0]
	at com.mysql.cj.jdbc.StatementImpl.execute(StatementImpl.java:653) ~[mysql-connector-j-8.3.0.jar:8.3.0]
	at com.zaxxer.hikari.pool.ProxyStatement.execute(ProxyStatement.java:94) ~[HikariCP-5.0.1.jar:na]
	at com.zaxxer.hikari.pool.HikariProxyStatement.execute(HikariProxyStatement.java) ~[HikariCP-5.0.1.jar:na]
	at org.hibernate.tool.schema.internal.exec.GenerationTargetToDatabase.accept(GenerationTargetToDatabase.java:80) ~[hibernate-core-6.4.4.Final.jar:6.4.4.Final]
	... 109 common frames omitted

Hibernate: 
    alter table students 
       modify column course_id bigint
2026-03-22T21:46:58.783+05:30  WARN 23636 --- [institute-api] [           main] o.h.t.s.i.ExceptionHandlerLoggedImpl     : GenerationTarget encountered exception accepting command : Error executing DDL "
    alter table students 
       modify column course_id bigint" via JDBC [Data truncation: Incorrect date value: '0000-00-00' for column `institute_db`.`students`.`dob` at row 12]

org.hibernate.tool.schema.spi.CommandAcceptanceException: Error executing DDL "
    alter table students 
       modify column course_id bigint" via JDBC [Data truncation: Incorrect date value: '0000-00-00' for column `institute_db`.`students`.`dob` at row 12]
	at org.hibernate.tool.schema.internal.exec.GenerationTargetToDatabase.accept(GenerationTargetToDatabase.java:94) ~[hibernate-core-6.4.4.Final.jar:6.4.4.Final]
	at org.hibernate.tool.schema.internal.AbstractSchemaMigrator.applySqlString(AbstractSchemaMigrator.java:574) ~[hibernate-core-6.4.4.Final.jar:6.4.4.Final]
	at org.hibernate.tool.schema.internal.AbstractSchemaMigrator.applySqlStrings(AbstractSchemaMigrator.java:514) ~[hibernate-core-6.4.4.Final.jar:6.4.4.Final]
	at org.hibernate.tool.schema.internal.AbstractSchemaMigrator.migrateTable(AbstractSchemaMigrator.java:333) ~[hibernate-core-6.4.4.Final.jar:6.4.4.Final]
	at org.hibernate.tool.schema.internal.GroupedSchemaMigratorImpl.performTablesMigration(GroupedSchemaMigratorImpl.java:84) ~[hibernate-core-6.4.4.Final.jar:6.4.4.Final]
	at org.hibernate.tool.schema.internal.AbstractSchemaMigrator.performMigration(AbstractSchemaMigrator.java:232) ~[hibernate-core-6.4.4.Final.jar:6.4.4.Final]
	at org.hibernate.tool.schema.internal.AbstractSchemaMigrator.doMigration(AbstractSchemaMigrator.java:117) ~[hibernate-core-6.4.4.Final.jar:6.4.4.Final]
	at org.hibernate.tool.schema.spi.SchemaManagementToolCoordinator.performDatabaseAction(SchemaManagementToolCoordinator.java:286) ~[hibernate-core-6.4.4.Final.jar:6.4.4.Final]
	at org.hibernate.tool.schema.spi.SchemaManagementToolCoordinator.lambda$process$5(SchemaManagementToolCoordinator.java:145) ~[hibernate-core-6.4.4.Final.jar:6.4.4.Final]
	at java.base/java.util.HashMap.forEach(HashMap.java:1430) ~[na:na]
	at org.hibernate.tool.schema.spi.SchemaManagementToolCoordinator.process(SchemaManagementToolCoordinator.java:142) ~[hibernate-core-6.4.4.Final.jar:6.4.4.Final]
	at org.hibernate.boot.internal.SessionFactoryObserverForSchemaExport.sessionFactoryCreated(SessionFactoryObserverForSchemaExport.java:37) ~[hibernate-core-6.4.4.Final.jar:6.4.4.Final]
	at org.hibernate.internal.SessionFactoryObserverChain.sessionFactoryCreated(SessionFactoryObserverChain.java:35) ~[hibernate-core-6.4.4.Final.jar:6.4.4.Final]
	at org.hibernate.internal.SessionFactoryImpl.<init>(SessionFactoryImpl.java:315) ~[hibernate-core-6.4.4.Final.jar:6.4.4.Final]
	at org.hibernate.boot.internal.SessionFactoryBuilderImpl.build(SessionFactoryBuilderImpl.java:450) ~[hibernate-core-6.4.4.Final.jar:6.4.4.Final]
	at org.hibernate.jpa.boot.internal.EntityManagerFactoryBuilderImpl.build(EntityManagerFactoryBuilderImpl.java:1507) ~[hibernate-core-6.4.4.Final.jar:6.4.4.Final]
	at org.springframework.orm.jpa.vendor.SpringHibernateJpaPersistenceProvider.createContainerEntityManagerFactory(SpringHibernateJpaPersistenceProvider.java:75) ~[spring-orm-6.1.6.jar:6.1.6]
	at org.springframework.orm.jpa.LocalContainerEntityManagerFactoryBean.createNativeEntityManagerFactory(LocalContainerEntityManagerFactoryBean.java:390) ~[spring-orm-6.1.6.jar:6.1.6]
	at org.springframework.orm.jpa.AbstractEntityManagerFactoryBean.buildNativeEntityManagerFactory(AbstractEntityManagerFactoryBean.java:409) ~[spring-orm-6.1.6.jar:6.1.6]
	at org.springframework.orm.jpa.AbstractEntityManagerFactoryBean.afterPropertiesSet(AbstractEntityManagerFactoryBean.java:396) ~[spring-orm-6.1.6.jar:6.1.6]
	at org.springframework.orm.jpa.LocalContainerEntityManagerFactoryBean.afterPropertiesSet(LocalContainerEntityManagerFactoryBean.java:366) ~[spring-orm-6.1.6.jar:6.1.6]
	at org.springframework.beans.factory.support.AbstractAutowireCapableBeanFactory.invokeInitMethods(AbstractAutowireCapableBeanFactory.java:1833) ~[spring-beans-6.1.6.jar:6.1.6]
	at org.springframework.beans.factory.support.AbstractAutowireCapableBeanFactory.initializeBean(AbstractAutowireCapableBeanFactory.java:1782) ~[spring-beans-6.1.6.jar:6.1.6]
	at org.springframework.beans.factory.support.AbstractAutowireCapableBeanFactory.doCreateBean(AbstractAutowireCapableBeanFactory.java:600) ~[spring-beans-6.1.6.jar:6.1.6]
	at org.springframework.beans.factory.support.AbstractAutowireCapableBeanFactory.createBean(AbstractAutowireCapableBeanFactory.java:522) ~[spring-beans-6.1.6.jar:6.1.6]
	at org.springframework.beans.factory.support.AbstractBeanFactory.lambda$doGetBean$0(AbstractBeanFactory.java:326) ~[spring-beans-6.1.6.jar:6.1.6]
	at org.springframework.beans.factory.support.DefaultSingletonBeanRegistry.getSingleton(DefaultSingletonBeanRegistry.java:234) ~[spring-beans-6.1.6.jar:6.1.6]
	at org.springframework.beans.factory.support.AbstractBeanFactory.doGetBean(AbstractBeanFactory.java:324) ~[spring-beans-6.1.6.jar:6.1.6]
	at org.springframework.beans.factory.support.AbstractBeanFactory.getBean(AbstractBeanFactory.java:200) ~[spring-beans-6.1.6.jar:6.1.6]
	at org.springframework.beans.factory.support.BeanDefinitionValueResolver.resolveReference(BeanDefinitionValueResolver.java:365) ~[spring-beans-6.1.6.jar:6.1.6]
	at org.springframework.beans.factory.support.BeanDefinitionValueResolver.resolveValueIfNecessary(BeanDefinitionValueResolver.java:135) ~[spring-beans-6.1.6.jar:6.1.6]
	at org.springframework.beans.factory.support.ConstructorResolver.resolveConstructorArguments(ConstructorResolver.java:682) ~[spring-beans-6.1.6.jar:6.1.6]
	at org.springframework.beans.factory.support.ConstructorResolver.instantiateUsingFactoryMethod(ConstructorResolver.java:509) ~[spring-beans-6.1.6.jar:6.1.6]
	at org.springframework.beans.factory.support.AbstractAutowireCapableBeanFactory.instantiateUsingFactoryMethod(AbstractAutowireCapableBeanFactory.java:1335) ~[spring-beans-6.1.6.jar:6.1.6]
	at org.springframework.beans.factory.support.AbstractAutowireCapableBeanFactory.createBeanInstance(AbstractAutowireCapableBeanFactory.java:1165) ~[spring-beans-6.1.6.jar:6.1.6]
	at org.springframework.beans.factory.support.AbstractAutowireCapableBeanFactory.doCreateBean(AbstractAutowireCapableBeanFactory.java:562) ~[spring-beans-6.1.6.jar:6.1.6]
	at org.springframework.beans.factory.support.AbstractAutowireCapableBeanFactory.createBean(AbstractAutowireCapableBeanFactory.java:522) ~[spring-beans-6.1.6.jar:6.1.6]
	at org.springframework.beans.factory.support.AbstractBeanFactory.lambda$doGetBean$0(AbstractBeanFactory.java:326) ~[spring-beans-6.1.6.jar:6.1.6]
	at org.springframework.beans.factory.support.DefaultSingletonBeanRegistry.getSingleton(DefaultSingletonBeanRegistry.java:234) ~[spring-beans-6.1.6.jar:6.1.6]
	at org.springframework.beans.factory.support.AbstractBeanFactory.doGetBean(AbstractBeanFactory.java:324) ~[spring-beans-6.1.6.jar:6.1.6]
	at org.springframework.beans.factory.support.AbstractBeanFactory.getBean(AbstractBeanFactory.java:200) ~[spring-beans-6.1.6.jar:6.1.6]
	at org.springframework.beans.factory.support.BeanDefinitionValueResolver.resolveReference(BeanDefinitionValueResolver.java:365) ~[spring-beans-6.1.6.jar:6.1.6]
	at org.springframework.beans.factory.support.BeanDefinitionValueResolver.resolveValueIfNecessary(BeanDefinitionValueResolver.java:135) ~[spring-beans-6.1.6.jar:6.1.6]
	at org.springframework.beans.factory.support.AbstractAutowireCapableBeanFactory.applyPropertyValues(AbstractAutowireCapableBeanFactory.java:1685) ~[spring-beans-6.1.6.jar:6.1.6]
	at org.springframework.beans.factory.support.AbstractAutowireCapableBeanFactory.populateBean(AbstractAutowireCapableBeanFactory.java:1434) ~[spring-beans-6.1.6.jar:6.1.6]
	at org.springframework.beans.factory.support.AbstractAutowireCapableBeanFactory.doCreateBean(AbstractAutowireCapableBeanFactory.java:599) ~[spring-beans-6.1.6.jar:6.1.6]
	at org.springframework.beans.factory.support.AbstractAutowireCapableBeanFactory.createBean(AbstractAutowireCapableBeanFactory.java:522) ~[spring-beans-6.1.6.jar:6.1.6]
	at org.springframework.beans.factory.support.AbstractBeanFactory.lambda$doGetBean$0(AbstractBeanFactory.java:326) ~[spring-beans-6.1.6.jar:6.1.6]
	at org.springframework.beans.factory.support.DefaultSingletonBeanRegistry.getSingleton(DefaultSingletonBeanRegistry.java:234) ~[spring-beans-6.1.6.jar:6.1.6]
	at org.springframework.beans.factory.support.AbstractBeanFactory.doGetBean(AbstractBeanFactory.java:324) ~[spring-beans-6.1.6.jar:6.1.6]
	at org.springframework.beans.factory.support.AbstractBeanFactory.getBean(AbstractBeanFactory.java:200) ~[spring-beans-6.1.6.jar:6.1.6]
	at org.springframework.beans.factory.config.DependencyDescriptor.resolveCandidate(DependencyDescriptor.java:254) ~[spring-beans-6.1.6.jar:6.1.6]
	at org.springframework.beans.factory.support.DefaultListableBeanFactory.doResolveDependency(DefaultListableBeanFactory.java:1443) ~[spring-beans-6.1.6.jar:6.1.6]
	at org.springframework.beans.factory.support.DefaultListableBeanFactory.resolveDependency(DefaultListableBeanFactory.java:1353) ~[spring-beans-6.1.6.jar:6.1.6]
	at org.springframework.beans.factory.support.ConstructorResolver.resolveAutowiredArgument(ConstructorResolver.java:904) ~[spring-beans-6.1.6.jar:6.1.6]
	at org.springframework.beans.factory.support.ConstructorResolver.createArgumentArray(ConstructorResolver.java:782) ~[spring-beans-6.1.6.jar:6.1.6]
	at org.springframework.beans.factory.support.ConstructorResolver.autowireConstructor(ConstructorResolver.java:237) ~[spring-beans-6.1.6.jar:6.1.6]
	at org.springframework.beans.factory.support.AbstractAutowireCapableBeanFactory.autowireConstructor(AbstractAutowireCapableBeanFactory.java:1355) ~[spring-beans-6.1.6.jar:6.1.6]
	at org.springframework.beans.factory.support.AbstractAutowireCapableBeanFactory.createBeanInstance(AbstractAutowireCapableBeanFactory.java:1192) ~[spring-beans-6.1.6.jar:6.1.6]
	at org.springframework.beans.factory.support.AbstractAutowireCapableBeanFactory.doCreateBean(AbstractAutowireCapableBeanFactory.java:562) ~[spring-beans-6.1.6.jar:6.1.6]
	at org.springframework.beans.factory.support.AbstractAutowireCapableBeanFactory.createBean(AbstractAutowireCapableBeanFactory.java:522) ~[spring-beans-6.1.6.jar:6.1.6]
	at org.springframework.beans.factory.support.AbstractBeanFactory.lambda$doGetBean$0(AbstractBeanFactory.java:326) ~[spring-beans-6.1.6.jar:6.1.6]
	at org.springframework.beans.factory.support.DefaultSingletonBeanRegistry.getSingleton(DefaultSingletonBeanRegistry.java:234) ~[spring-beans-6.1.6.jar:6.1.6]
	at org.springframework.beans.factory.support.AbstractBeanFactory.doGetBean(AbstractBeanFactory.java:324) ~[spring-beans-6.1.6.jar:6.1.6]
	at org.springframework.beans.factory.support.AbstractBeanFactory.getBean(AbstractBeanFactory.java:205) ~[spring-beans-6.1.6.jar:6.1.6]
	at org.springframework.boot.web.servlet.ServletContextInitializerBeans.getOrderedBeansOfType(ServletContextInitializerBeans.java:210) ~[spring-boot-3.2.5.jar:3.2.5]
	at org.springframework.boot.web.servlet.ServletContextInitializerBeans.addAsRegistrationBean(ServletContextInitializerBeans.java:173) ~[spring-boot-3.2.5.jar:3.2.5]
	at org.springframework.boot.web.servlet.ServletContextInitializerBeans.addAsRegistrationBean(ServletContextInitializerBeans.java:168) ~[spring-boot-3.2.5.jar:3.2.5]
	at org.springframework.boot.web.servlet.ServletContextInitializerBeans.addAdaptableBeans(ServletContextInitializerBeans.java:153) ~[spring-boot-3.2.5.jar:3.2.5]
	at org.springframework.boot.web.servlet.ServletContextInitializerBeans.<init>(ServletContextInitializerBeans.java:86) ~[spring-boot-3.2.5.jar:3.2.5]
	at org.springframework.boot.web.servlet.context.ServletWebServerApplicationContext.getServletContextInitializerBeans(ServletWebServerApplicationContext.java:266) ~[spring-boot-3.2.5.jar:3.2.5]
	at org.springframework.boot.web.servlet.context.ServletWebServerApplicationContext.selfInitialize(ServletWebServerApplicationContext.java:240) ~[spring-boot-3.2.5.jar:3.2.5]
	at org.springframework.boot.web.embedded.tomcat.TomcatStarter.onStartup(TomcatStarter.java:52) ~[spring-boot-3.2.5.jar:3.2.5]
	at org.apache.catalina.core.StandardContext.startInternal(StandardContext.java:4880) ~[tomcat-embed-core-10.1.20.jar:10.1.20]
	at org.apache.catalina.util.LifecycleBase.start(LifecycleBase.java:171) ~[tomcat-embed-core-10.1.20.jar:10.1.20]
	at org.apache.catalina.core.ContainerBase$StartChild.call(ContainerBase.java:1332) ~[tomcat-embed-core-10.1.20.jar:10.1.20]
	at org.apache.catalina.core.ContainerBase$StartChild.call(ContainerBase.java:1322) ~[tomcat-embed-core-10.1.20.jar:10.1.20]
	at java.base/java.util.concurrent.FutureTask.run(FutureTask.java:328) ~[na:na]
	at org.apache.tomcat.util.threads.InlineExecutorService.execute(InlineExecutorService.java:75) ~[tomcat-embed-core-10.1.20.jar:10.1.20]
	at java.base/java.util.concurrent.AbstractExecutorService.submit(AbstractExecutorService.java:149) ~[na:na]
	at org.apache.catalina.core.ContainerBase.startInternal(ContainerBase.java:866) ~[tomcat-embed-core-10.1.20.jar:10.1.20]
	at org.apache.catalina.core.StandardHost.startInternal(StandardHost.java:845) ~[tomcat-embed-core-10.1.20.jar:10.1.20]
	at org.apache.catalina.util.LifecycleBase.start(LifecycleBase.java:171) ~[tomcat-embed-core-10.1.20.jar:10.1.20]
	at org.apache.catalina.core.ContainerBase$StartChild.call(ContainerBase.java:1332) ~[tomcat-embed-core-10.1.20.jar:10.1.20]
	at org.apache.catalina.core.ContainerBase$StartChild.call(ContainerBase.java:1322) ~[tomcat-embed-core-10.1.20.jar:10.1.20]
	at java.base/java.util.concurrent.FutureTask.run(FutureTask.java:328) ~[na:na]
	at org.apache.tomcat.util.threads.InlineExecutorService.execute(InlineExecutorService.java:75) ~[tomcat-embed-core-10.1.20.jar:10.1.20]
	at java.base/java.util.concurrent.AbstractExecutorService.submit(AbstractExecutorService.java:149) ~[na:na]
	at org.apache.catalina.core.ContainerBase.startInternal(ContainerBase.java:866) ~[tomcat-embed-core-10.1.20.jar:10.1.20]
	at org.apache.catalina.core.StandardEngine.startInternal(StandardEngine.java:240) ~[tomcat-embed-core-10.1.20.jar:10.1.20]
	at org.apache.catalina.util.LifecycleBase.start(LifecycleBase.java:171) ~[tomcat-embed-core-10.1.20.jar:10.1.20]
	at org.apache.catalina.core.StandardService.startInternal(StandardService.java:433) ~[tomcat-embed-core-10.1.20.jar:10.1.20]
	at org.apache.catalina.util.LifecycleBase.start(LifecycleBase.java:171) ~[tomcat-embed-core-10.1.20.jar:10.1.20]
	at org.apache.catalina.core.StandardServer.startInternal(StandardServer.java:921) ~[tomcat-embed-core-10.1.20.jar:10.1.20]
	at org.apache.catalina.util.LifecycleBase.start(LifecycleBase.java:171) ~[tomcat-embed-core-10.1.20.jar:10.1.20]
	at org.apache.catalina.startup.Tomcat.start(Tomcat.java:437) ~[tomcat-embed-core-10.1.20.jar:10.1.20]
	at org.springframework.boot.web.embedded.tomcat.TomcatWebServer.initialize(TomcatWebServer.java:126) ~[spring-boot-3.2.5.jar:3.2.5]
	at org.springframework.boot.web.embedded.tomcat.TomcatWebServer.<init>(TomcatWebServer.java:105) ~[spring-boot-3.2.5.jar:3.2.5]
	at org.springframework.boot.web.embedded.tomcat.TomcatServletWebServerFactory.getTomcatWebServer(TomcatServletWebServerFactory.java:499) ~[spring-boot-3.2.5.jar:3.2.5]
	at org.springframework.boot.web.embedded.tomcat.TomcatServletWebServerFactory.getWebServer(TomcatServletWebServerFactory.java:218) ~[spring-boot-3.2.5.jar:3.2.5]
	at org.springframework.boot.web.servlet.context.ServletWebServerApplicationContext.createWebServer(ServletWebServerApplicationContext.java:188) ~[spring-boot-3.2.5.jar:3.2.5]
	at org.springframework.boot.web.servlet.context.ServletWebServerApplicationContext.onRefresh(ServletWebServerApplicationContext.java:162) ~[spring-boot-3.2.5.jar:3.2.5]
	at org.springframework.context.support.AbstractApplicationContext.refresh(AbstractApplicationContext.java:618) ~[spring-context-6.1.6.jar:6.1.6]
	at org.springframework.boot.web.servlet.context.ServletWebServerApplicationContext.refresh(ServletWebServerApplicationContext.java:146) ~[spring-boot-3.2.5.jar:3.2.5]
	at org.springframework.boot.SpringApplication.refresh(SpringApplication.java:754) ~[spring-boot-3.2.5.jar:3.2.5]
	at org.springframework.boot.SpringApplication.refreshContext(SpringApplication.java:456) ~[spring-boot-3.2.5.jar:3.2.5]
	at org.springframework.boot.SpringApplication.run(SpringApplication.java:334) ~[spring-boot-3.2.5.jar:3.2.5]
	at org.springframework.boot.SpringApplication.run(SpringApplication.java:1354) ~[spring-boot-3.2.5.jar:3.2.5]
	at org.springframework.boot.SpringApplication.run(SpringApplication.java:1343) ~[spring-boot-3.2.5.jar:3.2.5]
	at com.institute.InstituteApplication.main(InstituteApplication.java:9) ~[classes/:na]
Caused by: com.mysql.cj.jdbc.exceptions.MysqlDataTruncation: Data truncation: Incorrect date value: '0000-00-00' for column `institute_db`.`students`.`dob` at row 12
	at com.mysql.cj.jdbc.exceptions.SQLExceptionsMapping.translateException(SQLExceptionsMapping.java:104) ~[mysql-connector-j-8.3.0.jar:8.3.0]
	at com.mysql.cj.jdbc.StatementImpl.executeInternal(StatementImpl.java:770) ~[mysql-connector-j-8.3.0.jar:8.3.0]
	at com.mysql.cj.jdbc.StatementImpl.execute(StatementImpl.java:653) ~[mysql-connector-j-8.3.0.jar:8.3.0]
	at com.zaxxer.hikari.pool.ProxyStatement.execute(ProxyStatement.java:94) ~[HikariCP-5.0.1.jar:na]
	at com.zaxxer.hikari.pool.HikariProxyStatement.execute(HikariProxyStatement.java) ~[HikariCP-5.0.1.jar:na]
	at org.hibernate.tool.schema.internal.exec.GenerationTargetToDatabase.accept(GenerationTargetToDatabase.java:80) ~[hibernate-core-6.4.4.Final.jar:6.4.4.Final]
	... 109 common frames omitted

Hibernate: 
    alter table students 
       modify column status varchar(20)
2026-03-22T21:46:58.799+05:30  WARN 23636 --- [institute-api] [           main] o.h.t.s.i.ExceptionHandlerLoggedImpl     : GenerationTarget encountered exception accepting command : Error executing DDL "
    alter table students 
       modify column status varchar(20)" via JDBC [Data truncation: Incorrect date value: '0000-00-00' for column `institute_db`.`students`.`dob` at row 12]

org.hibernate.tool.schema.spi.CommandAcceptanceException: Error executing DDL "
    alter table students 
       modify column status varchar(20)" via JDBC [Data truncation: Incorrect date value: '0000-00-00' for column `institute_db`.`students`.`dob` at row 12]
	at org.hibernate.tool.schema.internal.exec.GenerationTargetToDatabase.accept(GenerationTargetToDatabase.java:94) ~[hibernate-core-6.4.4.Final.jar:6.4.4.Final]
	at org.hibernate.tool.schema.internal.AbstractSchemaMigrator.applySqlString(AbstractSchemaMigrator.java:574) ~[hibernate-core-6.4.4.Final.jar:6.4.4.Final]
	at org.hibernate.tool.schema.internal.AbstractSchemaMigrator.applySqlStrings(AbstractSchemaMigrator.java:514) ~[hibernate-core-6.4.4.Final.jar:6.4.4.Final]
	at org.hibernate.tool.schema.internal.AbstractSchemaMigrator.migrateTable(AbstractSchemaMigrator.java:333) ~[hibernate-core-6.4.4.Final.jar:6.4.4.Final]
	at org.hibernate.tool.schema.internal.GroupedSchemaMigratorImpl.performTablesMigration(GroupedSchemaMigratorImpl.java:84) ~[hibernate-core-6.4.4.Final.jar:6.4.4.Final]
	at org.hibernate.tool.schema.internal.AbstractSchemaMigrator.performMigration(AbstractSchemaMigrator.java:232) ~[hibernate-core-6.4.4.Final.jar:6.4.4.Final]
	at org.hibernate.tool.schema.internal.AbstractSchemaMigrator.doMigration(AbstractSchemaMigrator.java:117) ~[hibernate-core-6.4.4.Final.jar:6.4.4.Final]
	at org.hibernate.tool.schema.spi.SchemaManagementToolCoordinator.performDatabaseAction(SchemaManagementToolCoordinator.java:286) ~[hibernate-core-6.4.4.Final.jar:6.4.4.Final]
	at org.hibernate.tool.schema.spi.SchemaManagementToolCoordinator.lambda$process$5(SchemaManagementToolCoordinator.java:145) ~[hibernate-core-6.4.4.Final.jar:6.4.4.Final]
	at java.base/java.util.HashMap.forEach(HashMap.java:1430) ~[na:na]
	at org.hibernate.tool.schema.spi.SchemaManagementToolCoordinator.process(SchemaManagementToolCoordinator.java:142) ~[hibernate-core-6.4.4.Final.jar:6.4.4.Final]
	at org.hibernate.boot.internal.SessionFactoryObserverForSchemaExport.sessionFactoryCreated(SessionFactoryObserverForSchemaExport.java:37) ~[hibernate-core-6.4.4.Final.jar:6.4.4.Final]
	at org.hibernate.internal.SessionFactoryObserverChain.sessionFactoryCreated(SessionFactoryObserverChain.java:35) ~[hibernate-core-6.4.4.Final.jar:6.4.4.Final]
	at org.hibernate.internal.SessionFactoryImpl.<init>(SessionFactoryImpl.java:315) ~[hibernate-core-6.4.4.Final.jar:6.4.4.Final]
	at org.hibernate.boot.internal.SessionFactoryBuilderImpl.build(SessionFactoryBuilderImpl.java:450) ~[hibernate-core-6.4.4.Final.jar:6.4.4.Final]
	at org.hibernate.jpa.boot.internal.EntityManagerFactoryBuilderImpl.build(EntityManagerFactoryBuilderImpl.java:1507) ~[hibernate-core-6.4.4.Final.jar:6.4.4.Final]
	at org.springframework.orm.jpa.vendor.SpringHibernateJpaPersistenceProvider.createContainerEntityManagerFactory(SpringHibernateJpaPersistenceProvider.java:75) ~[spring-orm-6.1.6.jar:6.1.6]
	at org.springframework.orm.jpa.LocalContainerEntityManagerFactoryBean.createNativeEntityManagerFactory(LocalContainerEntityManagerFactoryBean.java:390) ~[spring-orm-6.1.6.jar:6.1.6]
	at org.springframework.orm.jpa.AbstractEntityManagerFactoryBean.buildNativeEntityManagerFactory(AbstractEntityManagerFactoryBean.java:409) ~[spring-orm-6.1.6.jar:6.1.6]
	at org.springframework.orm.jpa.AbstractEntityManagerFactoryBean.afterPropertiesSet(AbstractEntityManagerFactoryBean.java:396) ~[spring-orm-6.1.6.jar:6.1.6]
	at org.springframework.orm.jpa.LocalContainerEntityManagerFactoryBean.afterPropertiesSet(LocalContainerEntityManagerFactoryBean.java:366) ~[spring-orm-6.1.6.jar:6.1.6]
	at org.springframework.beans.factory.support.AbstractAutowireCapableBeanFactory.invokeInitMethods(AbstractAutowireCapableBeanFactory.java:1833) ~[spring-beans-6.1.6.jar:6.1.6]
	at org.springframework.beans.factory.support.AbstractAutowireCapableBeanFactory.initializeBean(AbstractAutowireCapableBeanFactory.java:1782) ~[spring-beans-6.1.6.jar:6.1.6]
	at org.springframework.beans.factory.support.AbstractAutowireCapableBeanFactory.doCreateBean(AbstractAutowireCapableBeanFactory.java:600) ~[spring-beans-6.1.6.jar:6.1.6]
	at org.springframework.beans.factory.support.AbstractAutowireCapableBeanFactory.createBean(AbstractAutowireCapableBeanFactory.java:522) ~[spring-beans-6.1.6.jar:6.1.6]
	at org.springframework.beans.factory.support.AbstractBeanFactory.lambda$doGetBean$0(AbstractBeanFactory.java:326) ~[spring-beans-6.1.6.jar:6.1.6]
	at org.springframework.beans.factory.support.DefaultSingletonBeanRegistry.getSingleton(DefaultSingletonBeanRegistry.java:234) ~[spring-beans-6.1.6.jar:6.1.6]
	at org.springframework.beans.factory.support.AbstractBeanFactory.doGetBean(AbstractBeanFactory.java:324) ~[spring-beans-6.1.6.jar:6.1.6]
	at org.springframework.beans.factory.support.AbstractBeanFactory.getBean(AbstractBeanFactory.java:200) ~[spring-beans-6.1.6.jar:6.1.6]
	at org.springframework.beans.factory.support.BeanDefinitionValueResolver.resolveReference(BeanDefinitionValueResolver.java:365) ~[spring-beans-6.1.6.jar:6.1.6]
	at org.springframework.beans.factory.support.BeanDefinitionValueResolver.resolveValueIfNecessary(BeanDefinitionValueResolver.java:135) ~[spring-beans-6.1.6.jar:6.1.6]
	at org.springframework.beans.factory.support.ConstructorResolver.resolveConstructorArguments(ConstructorResolver.java:682) ~[spring-beans-6.1.6.jar:6.1.6]
	at org.springframework.beans.factory.support.ConstructorResolver.instantiateUsingFactoryMethod(ConstructorResolver.java:509) ~[spring-beans-6.1.6.jar:6.1.6]
	at org.springframework.beans.factory.support.AbstractAutowireCapableBeanFactory.instantiateUsingFactoryMethod(AbstractAutowireCapableBeanFactory.java:1335) ~[spring-beans-6.1.6.jar:6.1.6]
	at org.springframework.beans.factory.support.AbstractAutowireCapableBeanFactory.createBeanInstance(AbstractAutowireCapableBeanFactory.java:1165) ~[spring-beans-6.1.6.jar:6.1.6]
	at org.springframework.beans.factory.support.AbstractAutowireCapableBeanFactory.doCreateBean(AbstractAutowireCapableBeanFactory.java:562) ~[spring-beans-6.1.6.jar:6.1.6]
	at org.springframework.beans.factory.support.AbstractAutowireCapableBeanFactory.createBean(AbstractAutowireCapableBeanFactory.java:522) ~[spring-beans-6.1.6.jar:6.1.6]
	at org.springframework.beans.factory.support.AbstractBeanFactory.lambda$doGetBean$0(AbstractBeanFactory.java:326) ~[spring-beans-6.1.6.jar:6.1.6]
	at org.springframework.beans.factory.support.DefaultSingletonBeanRegistry.getSingleton(DefaultSingletonBeanRegistry.java:234) ~[spring-beans-6.1.6.jar:6.1.6]
	at org.springframework.beans.factory.support.AbstractBeanFactory.doGetBean(AbstractBeanFactory.java:324) ~[spring-beans-6.1.6.jar:6.1.6]
	at org.springframework.beans.factory.support.AbstractBeanFactory.getBean(AbstractBeanFactory.java:200) ~[spring-beans-6.1.6.jar:6.1.6]
	at org.springframework.beans.factory.support.BeanDefinitionValueResolver.resolveReference(BeanDefinitionValueResolver.java:365) ~[spring-beans-6.1.6.jar:6.1.6]
	at org.springframework.beans.factory.support.BeanDefinitionValueResolver.resolveValueIfNecessary(BeanDefinitionValueResolver.java:135) ~[spring-beans-6.1.6.jar:6.1.6]
	at org.springframework.beans.factory.support.AbstractAutowireCapableBeanFactory.applyPropertyValues(AbstractAutowireCapableBeanFactory.java:1685) ~[spring-beans-6.1.6.jar:6.1.6]
	at org.springframework.beans.factory.support.AbstractAutowireCapableBeanFactory.populateBean(AbstractAutowireCapableBeanFactory.java:1434) ~[spring-beans-6.1.6.jar:6.1.6]
	at org.springframework.beans.factory.support.AbstractAutowireCapableBeanFactory.doCreateBean(AbstractAutowireCapableBeanFactory.java:599) ~[spring-beans-6.1.6.jar:6.1.6]
	at org.springframework.beans.factory.support.AbstractAutowireCapableBeanFactory.createBean(AbstractAutowireCapableBeanFactory.java:522) ~[spring-beans-6.1.6.jar:6.1.6]
	at org.springframework.beans.factory.support.AbstractBeanFactory.lambda$doGetBean$0(AbstractBeanFactory.java:326) ~[spring-beans-6.1.6.jar:6.1.6]
	at org.springframework.beans.factory.support.DefaultSingletonBeanRegistry.getSingleton(DefaultSingletonBeanRegistry.java:234) ~[spring-beans-6.1.6.jar:6.1.6]
	at org.springframework.beans.factory.support.AbstractBeanFactory.doGetBean(AbstractBeanFactory.java:324) ~[spring-beans-6.1.6.jar:6.1.6]
	at org.springframework.beans.factory.support.AbstractBeanFactory.getBean(AbstractBeanFactory.java:200) ~[spring-beans-6.1.6.jar:6.1.6]
	at org.springframework.beans.factory.config.DependencyDescriptor.resolveCandidate(DependencyDescriptor.java:254) ~[spring-beans-6.1.6.jar:6.1.6]
	at org.springframework.beans.factory.support.DefaultListableBeanFactory.doResolveDependency(DefaultListableBeanFactory.java:1443) ~[spring-beans-6.1.6.jar:6.1.6]
	at org.springframework.beans.factory.support.DefaultListableBeanFactory.resolveDependency(DefaultListableBeanFactory.java:1353) ~[spring-beans-6.1.6.jar:6.1.6]
	at org.springframework.beans.factory.support.ConstructorResolver.resolveAutowiredArgument(ConstructorResolver.java:904) ~[spring-beans-6.1.6.jar:6.1.6]
	at org.springframework.beans.factory.support.ConstructorResolver.createArgumentArray(ConstructorResolver.java:782) ~[spring-beans-6.1.6.jar:6.1.6]
	at org.springframework.beans.factory.support.ConstructorResolver.autowireConstructor(ConstructorResolver.java:237) ~[spring-beans-6.1.6.jar:6.1.6]
	at org.springframework.beans.factory.support.AbstractAutowireCapableBeanFactory.autowireConstructor(AbstractAutowireCapableBeanFactory.java:1355) ~[spring-beans-6.1.6.jar:6.1.6]
	at org.springframework.beans.factory.support.AbstractAutowireCapableBeanFactory.createBeanInstance(AbstractAutowireCapableBeanFactory.java:1192) ~[spring-beans-6.1.6.jar:6.1.6]
	at org.springframework.beans.factory.support.AbstractAutowireCapableBeanFactory.doCreateBean(AbstractAutowireCapableBeanFactory.java:562) ~[spring-beans-6.1.6.jar:6.1.6]
	at org.springframework.beans.factory.support.AbstractAutowireCapableBeanFactory.createBean(AbstractAutowireCapableBeanFactory.java:522) ~[spring-beans-6.1.6.jar:6.1.6]
	at org.springframework.beans.factory.support.AbstractBeanFactory.lambda$doGetBean$0(AbstractBeanFactory.java:326) ~[spring-beans-6.1.6.jar:6.1.6]
	at org.springframework.beans.factory.support.DefaultSingletonBeanRegistry.getSingleton(DefaultSingletonBeanRegistry.java:234) ~[spring-beans-6.1.6.jar:6.1.6]
	at org.springframework.beans.factory.support.AbstractBeanFactory.doGetBean(AbstractBeanFactory.java:324) ~[spring-beans-6.1.6.jar:6.1.6]
	at org.springframework.beans.factory.support.AbstractBeanFactory.getBean(AbstractBeanFactory.java:205) ~[spring-beans-6.1.6.jar:6.1.6]
	at org.springframework.boot.web.servlet.ServletContextInitializerBeans.getOrderedBeansOfType(ServletContextInitializerBeans.java:210) ~[spring-boot-3.2.5.jar:3.2.5]
	at org.springframework.boot.web.servlet.ServletContextInitializerBeans.addAsRegistrationBean(ServletContextInitializerBeans.java:173) ~[spring-boot-3.2.5.jar:3.2.5]
	at org.springframework.boot.web.servlet.ServletContextInitializerBeans.addAsRegistrationBean(ServletContextInitializerBeans.java:168) ~[spring-boot-3.2.5.jar:3.2.5]
	at org.springframework.boot.web.servlet.ServletContextInitializerBeans.addAdaptableBeans(ServletContextInitializerBeans.java:153) ~[spring-boot-3.2.5.jar:3.2.5]
	at org.springframework.boot.web.servlet.ServletContextInitializerBeans.<init>(ServletContextInitializerBeans.java:86) ~[spring-boot-3.2.5.jar:3.2.5]
	at org.springframework.boot.web.servlet.context.ServletWebServerApplicationContext.getServletContextInitializerBeans(ServletWebServerApplicationContext.java:266) ~[spring-boot-3.2.5.jar:3.2.5]
	at org.springframework.boot.web.servlet.context.ServletWebServerApplicationContext.selfInitialize(ServletWebServerApplicationContext.java:240) ~[spring-boot-3.2.5.jar:3.2.5]
	at org.springframework.boot.web.embedded.tomcat.TomcatStarter.onStartup(TomcatStarter.java:52) ~[spring-boot-3.2.5.jar:3.2.5]
	at org.apache.catalina.core.StandardContext.startInternal(StandardContext.java:4880) ~[tomcat-embed-core-10.1.20.jar:10.1.20]
	at org.apache.catalina.util.LifecycleBase.start(LifecycleBase.java:171) ~[tomcat-embed-core-10.1.20.jar:10.1.20]
	at org.apache.catalina.core.ContainerBase$StartChild.call(ContainerBase.java:1332) ~[tomcat-embed-core-10.1.20.jar:10.1.20]
	at org.apache.catalina.core.ContainerBase$StartChild.call(ContainerBase.java:1322) ~[tomcat-embed-core-10.1.20.jar:10.1.20]
	at java.base/java.util.concurrent.FutureTask.run(FutureTask.java:328) ~[na:na]
	at org.apache.tomcat.util.threads.InlineExecutorService.execute(InlineExecutorService.java:75) ~[tomcat-embed-core-10.1.20.jar:10.1.20]
	at java.base/java.util.concurrent.AbstractExecutorService.submit(AbstractExecutorService.java:149) ~[na:na]
	at org.apache.catalina.core.ContainerBase.startInternal(ContainerBase.java:866) ~[tomcat-embed-core-10.1.20.jar:10.1.20]
	at org.apache.catalina.core.StandardHost.startInternal(StandardHost.java:845) ~[tomcat-embed-core-10.1.20.jar:10.1.20]
	at org.apache.catalina.util.LifecycleBase.start(LifecycleBase.java:171) ~[tomcat-embed-core-10.1.20.jar:10.1.20]
	at org.apache.catalina.core.ContainerBase$StartChild.call(ContainerBase.java:1332) ~[tomcat-embed-core-10.1.20.jar:10.1.20]
	at org.apache.catalina.core.ContainerBase$StartChild.call(ContainerBase.java:1322) ~[tomcat-embed-core-10.1.20.jar:10.1.20]
	at java.base/java.util.concurrent.FutureTask.run(FutureTask.java:328) ~[na:na]
	at org.apache.tomcat.util.threads.InlineExecutorService.execute(InlineExecutorService.java:75) ~[tomcat-embed-core-10.1.20.jar:10.1.20]
	at java.base/java.util.concurrent.AbstractExecutorService.submit(AbstractExecutorService.java:149) ~[na:na]
	at org.apache.catalina.core.ContainerBase.startInternal(ContainerBase.java:866) ~[tomcat-embed-core-10.1.20.jar:10.1.20]
	at org.apache.catalina.core.StandardEngine.startInternal(StandardEngine.java:240) ~[tomcat-embed-core-10.1.20.jar:10.1.20]
	at org.apache.catalina.util.LifecycleBase.start(LifecycleBase.java:171) ~[tomcat-embed-core-10.1.20.jar:10.1.20]
	at org.apache.catalina.core.StandardService.startInternal(StandardService.java:433) ~[tomcat-embed-core-10.1.20.jar:10.1.20]
	at org.apache.catalina.util.LifecycleBase.start(LifecycleBase.java:171) ~[tomcat-embed-core-10.1.20.jar:10.1.20]
	at org.apache.catalina.core.StandardServer.startInternal(StandardServer.java:921) ~[tomcat-embed-core-10.1.20.jar:10.1.20]
	at org.apache.catalina.util.LifecycleBase.start(LifecycleBase.java:171) ~[tomcat-embed-core-10.1.20.jar:10.1.20]
	at org.apache.catalina.startup.Tomcat.start(Tomcat.java:437) ~[tomcat-embed-core-10.1.20.jar:10.1.20]
	at org.springframework.boot.web.embedded.tomcat.TomcatWebServer.initialize(TomcatWebServer.java:126) ~[spring-boot-3.2.5.jar:3.2.5]
	at org.springframework.boot.web.embedded.tomcat.TomcatWebServer.<init>(TomcatWebServer.java:105) ~[spring-boot-3.2.5.jar:3.2.5]
	at org.springframework.boot.web.embedded.tomcat.TomcatServletWebServerFactory.getTomcatWebServer(TomcatServletWebServerFactory.java:499) ~[spring-boot-3.2.5.jar:3.2.5]
	at org.springframework.boot.web.embedded.tomcat.TomcatServletWebServerFactory.getWebServer(TomcatServletWebServerFactory.java:218) ~[spring-boot-3.2.5.jar:3.2.5]
	at org.springframework.boot.web.servlet.context.ServletWebServerApplicationContext.createWebServer(ServletWebServerApplicationContext.java:188) ~[spring-boot-3.2.5.jar:3.2.5]
	at org.springframework.boot.web.servlet.context.ServletWebServerApplicationContext.onRefresh(ServletWebServerApplicationContext.java:162) ~[spring-boot-3.2.5.jar:3.2.5]
	at org.springframework.context.support.AbstractApplicationContext.refresh(AbstractApplicationContext.java:618) ~[spring-context-6.1.6.jar:6.1.6]
	at org.springframework.boot.web.servlet.context.ServletWebServerApplicationContext.refresh(ServletWebServerApplicationContext.java:146) ~[spring-boot-3.2.5.jar:3.2.5]
	at org.springframework.boot.SpringApplication.refresh(SpringApplication.java:754) ~[spring-boot-3.2.5.jar:3.2.5]
	at org.springframework.boot.SpringApplication.refreshContext(SpringApplication.java:456) ~[spring-boot-3.2.5.jar:3.2.5]
	at org.springframework.boot.SpringApplication.run(SpringApplication.java:334) ~[spring-boot-3.2.5.jar:3.2.5]
	at org.springframework.boot.SpringApplication.run(SpringApplication.java:1354) ~[spring-boot-3.2.5.jar:3.2.5]
	at org.springframework.boot.SpringApplication.run(SpringApplication.java:1343) ~[spring-boot-3.2.5.jar:3.2.5]
	at com.institute.InstituteApplication.main(InstituteApplication.java:9) ~[classes/:na]
Caused by: com.mysql.cj.jdbc.exceptions.MysqlDataTruncation: Data truncation: Incorrect date value: '0000-00-00' for column `institute_db`.`students`.`dob` at row 12
	at com.mysql.cj.jdbc.exceptions.SQLExceptionsMapping.translateException(SQLExceptionsMapping.java:104) ~[mysql-connector-j-8.3.0.jar:8.3.0]
	at com.mysql.cj.jdbc.StatementImpl.executeInternal(StatementImpl.java:770) ~[mysql-connector-j-8.3.0.jar:8.3.0]
	at com.mysql.cj.jdbc.StatementImpl.execute(StatementImpl.java:653) ~[mysql-connector-j-8.3.0.jar:8.3.0]
	at com.zaxxer.hikari.pool.ProxyStatement.execute(ProxyStatement.java:94) ~[HikariCP-5.0.1.jar:na]
	at com.zaxxer.hikari.pool.HikariProxyStatement.execute(HikariProxyStatement.java) ~[HikariCP-5.0.1.jar:na]
	at org.hibernate.tool.schema.internal.exec.GenerationTargetToDatabase.accept(GenerationTargetToDatabase.java:80) ~[hibernate-core-6.4.4.Final.jar:6.4.4.Final]
	... 109 common frames omitted

Hibernate: 
    alter table users 
       add constraint FKp56c1712k691lhsyewcssf40f 
       foreign key (role_id) 
       references roles (id)
2026-03-22T21:46:58.824+05:30  WARN 23636 --- [institute-api] [           main] o.h.t.s.i.ExceptionHandlerLoggedImpl     : GenerationTarget encountered exception accepting command : Error executing DDL "
    alter table users 
       add constraint FKp56c1712k691lhsyewcssf40f 
       foreign key (role_id) 
       references roles (id)" via JDBC [Can't create table `institute_db`.`users` (errno: 150 "Foreign key constraint is incorrectly formed")]

org.hibernate.tool.schema.spi.CommandAcceptanceException: Error executing DDL "
    alter table users 
       add constraint FKp56c1712k691lhsyewcssf40f 
       foreign key (role_id) 
       references roles (id)" via JDBC [Can't create table `institute_db`.`users` (errno: 150 "Foreign key constraint is incorrectly formed")]
	at org.hibernate.tool.schema.internal.exec.GenerationTargetToDatabase.accept(GenerationTargetToDatabase.java:94) ~[hibernate-core-6.4.4.Final.jar:6.4.4.Final]
	at org.hibernate.tool.schema.internal.AbstractSchemaMigrator.applySqlString(AbstractSchemaMigrator.java:574) ~[hibernate-core-6.4.4.Final.jar:6.4.4.Final]
	at org.hibernate.tool.schema.internal.AbstractSchemaMigrator.applySqlStrings(AbstractSchemaMigrator.java:514) ~[hibernate-core-6.4.4.Final.jar:6.4.4.Final]
	at org.hibernate.tool.schema.internal.AbstractSchemaMigrator.applyForeignKeys(AbstractSchemaMigrator.java:446) ~[hibernate-core-6.4.4.Final.jar:6.4.4.Final]
	at org.hibernate.tool.schema.internal.AbstractSchemaMigrator.performMigration(AbstractSchemaMigrator.java:268) ~[hibernate-core-6.4.4.Final.jar:6.4.4.Final]
	at org.hibernate.tool.schema.internal.AbstractSchemaMigrator.doMigration(AbstractSchemaMigrator.java:117) ~[hibernate-core-6.4.4.Final.jar:6.4.4.Final]
	at org.hibernate.tool.schema.spi.SchemaManagementToolCoordinator.performDatabaseAction(SchemaManagementToolCoordinator.java:286) ~[hibernate-core-6.4.4.Final.jar:6.4.4.Final]
	at org.hibernate.tool.schema.spi.SchemaManagementToolCoordinator.lambda$process$5(SchemaManagementToolCoordinator.java:145) ~[hibernate-core-6.4.4.Final.jar:6.4.4.Final]
	at java.base/java.util.HashMap.forEach(HashMap.java:1430) ~[na:na]
	at org.hibernate.tool.schema.spi.SchemaManagementToolCoordinator.process(SchemaManagementToolCoordinator.java:142) ~[hibernate-core-6.4.4.Final.jar:6.4.4.Final]
	at org.hibernate.boot.internal.SessionFactoryObserverForSchemaExport.sessionFactoryCreated(SessionFactoryObserverForSchemaExport.java:37) ~[hibernate-core-6.4.4.Final.jar:6.4.4.Final]
	at org.hibernate.internal.SessionFactoryObserverChain.sessionFactoryCreated(SessionFactoryObserverChain.java:35) ~[hibernate-core-6.4.4.Final.jar:6.4.4.Final]
	at org.hibernate.internal.SessionFactoryImpl.<init>(SessionFactoryImpl.java:315) ~[hibernate-core-6.4.4.Final.jar:6.4.4.Final]
	at org.hibernate.boot.internal.SessionFactoryBuilderImpl.build(SessionFactoryBuilderImpl.java:450) ~[hibernate-core-6.4.4.Final.jar:6.4.4.Final]
	at org.hibernate.jpa.boot.internal.EntityManagerFactoryBuilderImpl.build(EntityManagerFactoryBuilderImpl.java:1507) ~[hibernate-core-6.4.4.Final.jar:6.4.4.Final]
	at org.springframework.orm.jpa.vendor.SpringHibernateJpaPersistenceProvider.createContainerEntityManagerFactory(SpringHibernateJpaPersistenceProvider.java:75) ~[spring-orm-6.1.6.jar:6.1.6]
	at org.springframework.orm.jpa.LocalContainerEntityManagerFactoryBean.createNativeEntityManagerFactory(LocalContainerEntityManagerFactoryBean.java:390) ~[spring-orm-6.1.6.jar:6.1.6]
	at org.springframework.orm.jpa.AbstractEntityManagerFactoryBean.buildNativeEntityManagerFactory(AbstractEntityManagerFactoryBean.java:409) ~[spring-orm-6.1.6.jar:6.1.6]
	at org.springframework.orm.jpa.AbstractEntityManagerFactoryBean.afterPropertiesSet(AbstractEntityManagerFactoryBean.java:396) ~[spring-orm-6.1.6.jar:6.1.6]
	at org.springframework.orm.jpa.LocalContainerEntityManagerFactoryBean.afterPropertiesSet(LocalContainerEntityManagerFactoryBean.java:366) ~[spring-orm-6.1.6.jar:6.1.6]
	at org.springframework.beans.factory.support.AbstractAutowireCapableBeanFactory.invokeInitMethods(AbstractAutowireCapableBeanFactory.java:1833) ~[spring-beans-6.1.6.jar:6.1.6]
	at org.springframework.beans.factory.support.AbstractAutowireCapableBeanFactory.initializeBean(AbstractAutowireCapableBeanFactory.java:1782) ~[spring-beans-6.1.6.jar:6.1.6]
	at org.springframework.beans.factory.support.AbstractAutowireCapableBeanFactory.doCreateBean(AbstractAutowireCapableBeanFactory.java:600) ~[spring-beans-6.1.6.jar:6.1.6]
	at org.springframework.beans.factory.support.AbstractAutowireCapableBeanFactory.createBean(AbstractAutowireCapableBeanFactory.java:522) ~[spring-beans-6.1.6.jar:6.1.6]
	at org.springframework.beans.factory.support.AbstractBeanFactory.lambda$doGetBean$0(AbstractBeanFactory.java:326) ~[spring-beans-6.1.6.jar:6.1.6]
	at org.springframework.beans.factory.support.DefaultSingletonBeanRegistry.getSingleton(DefaultSingletonBeanRegistry.java:234) ~[spring-beans-6.1.6.jar:6.1.6]
	at org.springframework.beans.factory.support.AbstractBeanFactory.doGetBean(AbstractBeanFactory.java:324) ~[spring-beans-6.1.6.jar:6.1.6]
	at org.springframework.beans.factory.support.AbstractBeanFactory.getBean(AbstractBeanFactory.java:200) ~[spring-beans-6.1.6.jar:6.1.6]
	at org.springframework.beans.factory.support.BeanDefinitionValueResolver.resolveReference(BeanDefinitionValueResolver.java:365) ~[spring-beans-6.1.6.jar:6.1.6]
	at org.springframework.beans.factory.support.BeanDefinitionValueResolver.resolveValueIfNecessary(BeanDefinitionValueResolver.java:135) ~[spring-beans-6.1.6.jar:6.1.6]
	at org.springframework.beans.factory.support.ConstructorResolver.resolveConstructorArguments(ConstructorResolver.java:682) ~[spring-beans-6.1.6.jar:6.1.6]
	at org.springframework.beans.factory.support.ConstructorResolver.instantiateUsingFactoryMethod(ConstructorResolver.java:509) ~[spring-beans-6.1.6.jar:6.1.6]
	at org.springframework.beans.factory.support.AbstractAutowireCapableBeanFactory.instantiateUsingFactoryMethod(AbstractAutowireCapableBeanFactory.java:1335) ~[spring-beans-6.1.6.jar:6.1.6]
	at org.springframework.beans.factory.support.AbstractAutowireCapableBeanFactory.createBeanInstance(AbstractAutowireCapableBeanFactory.java:1165) ~[spring-beans-6.1.6.jar:6.1.6]
	at org.springframework.beans.factory.support.AbstractAutowireCapableBeanFactory.doCreateBean(AbstractAutowireCapableBeanFactory.java:562) ~[spring-beans-6.1.6.jar:6.1.6]
	at org.springframework.beans.factory.support.AbstractAutowireCapableBeanFactory.createBean(AbstractAutowireCapableBeanFactory.java:522) ~[spring-beans-6.1.6.jar:6.1.6]
	at org.springframework.beans.factory.support.AbstractBeanFactory.lambda$doGetBean$0(AbstractBeanFactory.java:326) ~[spring-beans-6.1.6.jar:6.1.6]
	at org.springframework.beans.factory.support.DefaultSingletonBeanRegistry.getSingleton(DefaultSingletonBeanRegistry.java:234) ~[spring-beans-6.1.6.jar:6.1.6]
	at org.springframework.beans.factory.support.AbstractBeanFactory.doGetBean(AbstractBeanFactory.java:324) ~[spring-beans-6.1.6.jar:6.1.6]
	at org.springframework.beans.factory.support.AbstractBeanFactory.getBean(AbstractBeanFactory.java:200) ~[spring-beans-6.1.6.jar:6.1.6]
	at org.springframework.beans.factory.support.BeanDefinitionValueResolver.resolveReference(BeanDefinitionValueResolver.java:365) ~[spring-beans-6.1.6.jar:6.1.6]
	at org.springframework.beans.factory.support.BeanDefinitionValueResolver.resolveValueIfNecessary(BeanDefinitionValueResolver.java:135) ~[spring-beans-6.1.6.jar:6.1.6]
	at org.springframework.beans.factory.support.AbstractAutowireCapableBeanFactory.applyPropertyValues(AbstractAutowireCapableBeanFactory.java:1685) ~[spring-beans-6.1.6.jar:6.1.6]
	at org.springframework.beans.factory.support.AbstractAutowireCapableBeanFactory.populateBean(AbstractAutowireCapableBeanFactory.java:1434) ~[spring-beans-6.1.6.jar:6.1.6]
	at org.springframework.beans.factory.support.AbstractAutowireCapableBeanFactory.doCreateBean(AbstractAutowireCapableBeanFactory.java:599) ~[spring-beans-6.1.6.jar:6.1.6]
	at org.springframework.beans.factory.support.AbstractAutowireCapableBeanFactory.createBean(AbstractAutowireCapableBeanFactory.java:522) ~[spring-beans-6.1.6.jar:6.1.6]
	at org.springframework.beans.factory.support.AbstractBeanFactory.lambda$doGetBean$0(AbstractBeanFactory.java:326) ~[spring-beans-6.1.6.jar:6.1.6]
	at org.springframework.beans.factory.support.DefaultSingletonBeanRegistry.getSingleton(DefaultSingletonBeanRegistry.java:234) ~[spring-beans-6.1.6.jar:6.1.6]
	at org.springframework.beans.factory.support.AbstractBeanFactory.doGetBean(AbstractBeanFactory.java:324) ~[spring-beans-6.1.6.jar:6.1.6]
	at org.springframework.beans.factory.support.AbstractBeanFactory.getBean(AbstractBeanFactory.java:200) ~[spring-beans-6.1.6.jar:6.1.6]
	at org.springframework.beans.factory.config.DependencyDescriptor.resolveCandidate(DependencyDescriptor.java:254) ~[spring-beans-6.1.6.jar:6.1.6]
	at org.springframework.beans.factory.support.DefaultListableBeanFactory.doResolveDependency(DefaultListableBeanFactory.java:1443) ~[spring-beans-6.1.6.jar:6.1.6]
	at org.springframework.beans.factory.support.DefaultListableBeanFactory.resolveDependency(DefaultListableBeanFactory.java:1353) ~[spring-beans-6.1.6.jar:6.1.6]
	at org.springframework.beans.factory.support.ConstructorResolver.resolveAutowiredArgument(ConstructorResolver.java:904) ~[spring-beans-6.1.6.jar:6.1.6]
	at org.springframework.beans.factory.support.ConstructorResolver.createArgumentArray(ConstructorResolver.java:782) ~[spring-beans-6.1.6.jar:6.1.6]
	at org.springframework.beans.factory.support.ConstructorResolver.autowireConstructor(ConstructorResolver.java:237) ~[spring-beans-6.1.6.jar:6.1.6]
	at org.springframework.beans.factory.support.AbstractAutowireCapableBeanFactory.autowireConstructor(AbstractAutowireCapableBeanFactory.java:1355) ~[spring-beans-6.1.6.jar:6.1.6]
	at org.springframework.beans.factory.support.AbstractAutowireCapableBeanFactory.createBeanInstance(AbstractAutowireCapableBeanFactory.java:1192) ~[spring-beans-6.1.6.jar:6.1.6]
	at org.springframework.beans.factory.support.AbstractAutowireCapableBeanFactory.doCreateBean(AbstractAutowireCapableBeanFactory.java:562) ~[spring-beans-6.1.6.jar:6.1.6]
	at org.springframework.beans.factory.support.AbstractAutowireCapableBeanFactory.createBean(AbstractAutowireCapableBeanFactory.java:522) ~[spring-beans-6.1.6.jar:6.1.6]
	at org.springframework.beans.factory.support.AbstractBeanFactory.lambda$doGetBean$0(AbstractBeanFactory.java:326) ~[spring-beans-6.1.6.jar:6.1.6]
	at org.springframework.beans.factory.support.DefaultSingletonBeanRegistry.getSingleton(DefaultSingletonBeanRegistry.java:234) ~[spring-beans-6.1.6.jar:6.1.6]
	at org.springframework.beans.factory.support.AbstractBeanFactory.doGetBean(AbstractBeanFactory.java:324) ~[spring-beans-6.1.6.jar:6.1.6]
	at org.springframework.beans.factory.support.AbstractBeanFactory.getBean(AbstractBeanFactory.java:205) ~[spring-beans-6.1.6.jar:6.1.6]
	at org.springframework.boot.web.servlet.ServletContextInitializerBeans.getOrderedBeansOfType(ServletContextInitializerBeans.java:210) ~[spring-boot-3.2.5.jar:3.2.5]
	at org.springframework.boot.web.servlet.ServletContextInitializerBeans.addAsRegistrationBean(ServletContextInitializerBeans.java:173) ~[spring-boot-3.2.5.jar:3.2.5]
	at org.springframework.boot.web.servlet.ServletContextInitializerBeans.addAsRegistrationBean(ServletContextInitializerBeans.java:168) ~[spring-boot-3.2.5.jar:3.2.5]
	at org.springframework.boot.web.servlet.ServletContextInitializerBeans.addAdaptableBeans(ServletContextInitializerBeans.java:153) ~[spring-boot-3.2.5.jar:3.2.5]
	at org.springframework.boot.web.servlet.ServletContextInitializerBeans.<init>(ServletContextInitializerBeans.java:86) ~[spring-boot-3.2.5.jar:3.2.5]
	at org.springframework.boot.web.servlet.context.ServletWebServerApplicationContext.getServletContextInitializerBeans(ServletWebServerApplicationContext.java:266) ~[spring-boot-3.2.5.jar:3.2.5]
	at org.springframework.boot.web.servlet.context.ServletWebServerApplicationContext.selfInitialize(ServletWebServerApplicationContext.java:240) ~[spring-boot-3.2.5.jar:3.2.5]
	at org.springframework.boot.web.embedded.tomcat.TomcatStarter.onStartup(TomcatStarter.java:52) ~[spring-boot-3.2.5.jar:3.2.5]
	at org.apache.catalina.core.StandardContext.startInternal(StandardContext.java:4880) ~[tomcat-embed-core-10.1.20.jar:10.1.20]
	at org.apache.catalina.util.LifecycleBase.start(LifecycleBase.java:171) ~[tomcat-embed-core-10.1.20.jar:10.1.20]
	at org.apache.catalina.core.ContainerBase$StartChild.call(ContainerBase.java:1332) ~[tomcat-embed-core-10.1.20.jar:10.1.20]
	at org.apache.catalina.core.ContainerBase$StartChild.call(ContainerBase.java:1322) ~[tomcat-embed-core-10.1.20.jar:10.1.20]
	at java.base/java.util.concurrent.FutureTask.run(FutureTask.java:328) ~[na:na]
	at org.apache.tomcat.util.threads.InlineExecutorService.execute(InlineExecutorService.java:75) ~[tomcat-embed-core-10.1.20.jar:10.1.20]
	at java.base/java.util.concurrent.AbstractExecutorService.submit(AbstractExecutorService.java:149) ~[na:na]
	at org.apache.catalina.core.ContainerBase.startInternal(ContainerBase.java:866) ~[tomcat-embed-core-10.1.20.jar:10.1.20]
	at org.apache.catalina.core.StandardHost.startInternal(StandardHost.java:845) ~[tomcat-embed-core-10.1.20.jar:10.1.20]
	at org.apache.catalina.util.LifecycleBase.start(LifecycleBase.java:171) ~[tomcat-embed-core-10.1.20.jar:10.1.20]
	at org.apache.catalina.core.ContainerBase$StartChild.call(ContainerBase.java:1332) ~[tomcat-embed-core-10.1.20.jar:10.1.20]
	at org.apache.catalina.core.ContainerBase$StartChild.call(ContainerBase.java:1322) ~[tomcat-embed-core-10.1.20.jar:10.1.20]
	at java.base/java.util.concurrent.FutureTask.run(FutureTask.java:328) ~[na:na]
	at org.apache.tomcat.util.threads.InlineExecutorService.execute(InlineExecutorService.java:75) ~[tomcat-embed-core-10.1.20.jar:10.1.20]
	at java.base/java.util.concurrent.AbstractExecutorService.submit(AbstractExecutorService.java:149) ~[na:na]
	at org.apache.catalina.core.ContainerBase.startInternal(ContainerBase.java:866) ~[tomcat-embed-core-10.1.20.jar:10.1.20]
	at org.apache.catalina.core.StandardEngine.startInternal(StandardEngine.java:240) ~[tomcat-embed-core-10.1.20.jar:10.1.20]
	at org.apache.catalina.util.LifecycleBase.start(LifecycleBase.java:171) ~[tomcat-embed-core-10.1.20.jar:10.1.20]
	at org.apache.catalina.core.StandardService.startInternal(StandardService.java:433) ~[tomcat-embed-core-10.1.20.jar:10.1.20]
	at org.apache.catalina.util.LifecycleBase.start(LifecycleBase.java:171) ~[tomcat-embed-core-10.1.20.jar:10.1.20]
	at org.apache.catalina.core.StandardServer.startInternal(StandardServer.java:921) ~[tomcat-embed-core-10.1.20.jar:10.1.20]
	at org.apache.catalina.util.LifecycleBase.start(LifecycleBase.java:171) ~[tomcat-embed-core-10.1.20.jar:10.1.20]
	at org.apache.catalina.startup.Tomcat.start(Tomcat.java:437) ~[tomcat-embed-core-10.1.20.jar:10.1.20]
	at org.springframework.boot.web.embedded.tomcat.TomcatWebServer.initialize(TomcatWebServer.java:126) ~[spring-boot-3.2.5.jar:3.2.5]
	at org.springframework.boot.web.embedded.tomcat.TomcatWebServer.<init>(TomcatWebServer.java:105) ~[spring-boot-3.2.5.jar:3.2.5]
	at org.springframework.boot.web.embedded.tomcat.TomcatServletWebServerFactory.getTomcatWebServer(TomcatServletWebServerFactory.java:499) ~[spring-boot-3.2.5.jar:3.2.5]
	at org.springframework.boot.web.embedded.tomcat.TomcatServletWebServerFactory.getWebServer(TomcatServletWebServerFactory.java:218) ~[spring-boot-3.2.5.jar:3.2.5]
	at org.springframework.boot.web.servlet.context.ServletWebServerApplicationContext.createWebServer(ServletWebServerApplicationContext.java:188) ~[spring-boot-3.2.5.jar:3.2.5]
	at org.springframework.boot.web.servlet.context.ServletWebServerApplicationContext.onRefresh(ServletWebServerApplicationContext.java:162) ~[spring-boot-3.2.5.jar:3.2.5]
	at org.springframework.context.support.AbstractApplicationContext.refresh(AbstractApplicationContext.java:618) ~[spring-context-6.1.6.jar:6.1.6]
	at org.springframework.boot.web.servlet.context.ServletWebServerApplicationContext.refresh(ServletWebServerApplicationContext.java:146) ~[spring-boot-3.2.5.jar:3.2.5]
	at org.springframework.boot.SpringApplication.refresh(SpringApplication.java:754) ~[spring-boot-3.2.5.jar:3.2.5]
	at org.springframework.boot.SpringApplication.refreshContext(SpringApplication.java:456) ~[spring-boot-3.2.5.jar:3.2.5]
	at org.springframework.boot.SpringApplication.run(SpringApplication.java:334) ~[spring-boot-3.2.5.jar:3.2.5]
	at org.springframework.boot.SpringApplication.run(SpringApplication.java:1354) ~[spring-boot-3.2.5.jar:3.2.5]
	at org.springframework.boot.SpringApplication.run(SpringApplication.java:1343) ~[spring-boot-3.2.5.jar:3.2.5]
	at com.institute.InstituteApplication.main(InstituteApplication.java:9) ~[classes/:na]
Caused by: java.sql.SQLException: Can't create table `institute_db`.`users` (errno: 150 "Foreign key constraint is incorrectly formed")
	at com.mysql.cj.jdbc.exceptions.SQLError.createSQLException(SQLError.java:130) ~[mysql-connector-j-8.3.0.jar:8.3.0]
	at com.mysql.cj.jdbc.exceptions.SQLExceptionsMapping.translateException(SQLExceptionsMapping.java:122) ~[mysql-connector-j-8.3.0.jar:8.3.0]
	at com.mysql.cj.jdbc.StatementImpl.executeInternal(StatementImpl.java:770) ~[mysql-connector-j-8.3.0.jar:8.3.0]
	at com.mysql.cj.jdbc.StatementImpl.execute(StatementImpl.java:653) ~[mysql-connector-j-8.3.0.jar:8.3.0]
	at com.zaxxer.hikari.pool.ProxyStatement.execute(ProxyStatement.java:94) ~[HikariCP-5.0.1.jar:na]
	at com.zaxxer.hikari.pool.HikariProxyStatement.execute(HikariProxyStatement.java) ~[HikariCP-5.0.1.jar:na]
	at org.hibernate.tool.schema.internal.exec.GenerationTargetToDatabase.accept(GenerationTargetToDatabase.java:80) ~[hibernate-core-6.4.4.Final.jar:6.4.4.Final]
	... 108 common frames omitted

2026-03-22T21:46:58.828+05:30  INFO 23636 --- [institute-api] [           main] j.LocalContainerEntityManagerFactoryBean : Initialized JPA EntityManagerFactory for persistence unit 'default'
2026-03-22T21:46:59.016+05:30  INFO 23636 --- [institute-api] [           main] o.s.d.j.r.query.QueryEnhancerFactory     : Hibernate is in classpath; If applicable, HQL parser will be used.
2026-03-22T21:47:00.178+05:30  INFO 23636 --- [institute-api] [           main] com.institute.util.DatabaseSchemaFixer   : Initializing DatabaseSchemaFixer...
2026-03-22T21:47:00.179+05:30  INFO 23636 --- [institute-api] [           main] com.zaxxer.hikari.HikariDataSource       : HikariPool-1 - Starting...
2026-03-22T21:47:00.183+05:30  INFO 23636 --- [institute-api] [           main] com.zaxxer.hikari.pool.HikariPool        : HikariPool-1 - Added connection com.mysql.cj.jdbc.ConnectionImpl@6ec2108c
2026-03-22T21:47:00.183+05:30  INFO 23636 --- [institute-api] [           main] com.zaxxer.hikari.HikariDataSource       : HikariPool-1 - Start completed.
2026-03-22T21:47:00.195+05:30  INFO 23636 --- [institute-api] [           main] com.institute.util.DatabaseSchemaFixer   : Successfully cleaned up invalid dates in students table.
2026-03-22T21:47:00.232+05:30  INFO 23636 --- [institute-api] [           main] com.institute.util.DatabaseSchemaFixer   : Successfully ensured AUTO_INCREMENT on activity_log(id)
2026-03-22T21:47:00.265+05:30  INFO 23636 --- [institute-api] [           main] com.institute.util.DatabaseSchemaFixer   : Successfully ensured AUTO_INCREMENT on notifications(id)
2026-03-22T21:47:00.302+05:30  INFO 23636 --- [institute-api] [           main] com.institute.util.DatabaseSchemaFixer   : Successfully ensured AUTO_INCREMENT on students(id)
2026-03-22T21:47:00.329+05:30  INFO 23636 --- [institute-api] [           main] com.institute.util.DatabaseSchemaFixer   : Successfully ensured AUTO_INCREMENT on users(id)
2026-03-22T21:47:00.355+05:30  INFO 23636 --- [institute-api] [           main] com.institute.util.DatabaseSchemaFixer   : Successfully ensured AUTO_INCREMENT on courses(id)
2026-03-22T21:47:00.377+05:30  INFO 23636 --- [institute-api] [           main] com.institute.util.DatabaseSchemaFixer   : Successfully ensured AUTO_INCREMENT on batches(id)
2026-03-22T21:47:00.398+05:30  INFO 23636 --- [institute-api] [           main] com.institute.util.DatabaseSchemaFixer   : Successfully ensured AUTO_INCREMENT on fees(id)
2026-03-22T21:47:00.419+05:30  INFO 23636 --- [institute-api] [           main] com.institute.util.DatabaseSchemaFixer   : Successfully ensured AUTO_INCREMENT on receipts(id)
2026-03-22T21:47:00.441+05:30  INFO 23636 --- [institute-api] [           main] com.institute.util.DatabaseSchemaFixer   : Successfully ensured AUTO_INCREMENT on expenses(id)
2026-03-22T21:47:00.461+05:30  INFO 23636 --- [institute-api] [           main] com.institute.util.DatabaseSchemaFixer   : Successfully ensured AUTO_INCREMENT on staff(id)
2026-03-22T21:47:00.481+05:30  INFO 23636 --- [institute-api] [           main] com.institute.util.DatabaseSchemaFixer   : Successfully ensured AUTO_INCREMENT on exams(id)
2026-03-22T21:47:00.502+05:30  INFO 23636 --- [institute-api] [           main] com.institute.util.DatabaseSchemaFixer   : Successfully ensured AUTO_INCREMENT on exam_questions(id)
2026-03-22T21:47:00.523+05:30  INFO 23636 --- [institute-api] [           main] com.institute.util.DatabaseSchemaFixer   : Successfully ensured AUTO_INCREMENT on exam_assignments(id)
2026-03-22T21:47:00.544+05:30  INFO 23636 --- [institute-api] [           main] com.institute.util.DatabaseSchemaFixer   : Successfully ensured AUTO_INCREMENT on exam_submissions(id)
2026-03-22T21:47:00.544+05:30  INFO 23636 --- [institute-api] [           main] com.institute.util.DatabaseSchemaFixer   : DatabaseSchemaFixer: Schema check completed.
2026-03-22T21:47:00.568+05:30  WARN 23636 --- [institute-api] [           main] JpaBaseConfiguration$JpaWebConfiguration : spring.jpa.open-in-view is enabled by default. Therefore, database queries may be performed during view rendering. Explicitly configure spring.jpa.open-in-view to disable this warning
2026-03-22T21:47:00.580+05:30  WARN 23636 --- [institute-api] [           main] .s.s.UserDetailsServiceAutoConfiguration : 

Using generated security password: fe58fb97-8b4b-473b-926d-178b82221785

This generated password is for development use only. Your security configuration must be updated before running your application in production.

2026-03-22T21:47:00.792+05:30  INFO 23636 --- [institute-api] [           main] o.s.s.web.DefaultSecurityFilterChain     : Will secure any request with [org.springframework.security.web.session.DisableEncodeUrlFilter@f4352c6, org.springframework.security.web.context.request.async.WebAsyncManagerIntegrationFilter@2b60acb3, org.springframework.security.web.context.SecurityContextHolderFilter@6fe37577, org.springframework.security.web.header.HeaderWriterFilter@6add626f, org.springframework.web.filter.CorsFilter@a99f50e, org.springframework.security.web.authentication.logout.LogoutFilter@3d2bb013, com.institute.security.TokenAuthFilter@64b6d6dd, org.springframework.security.web.savedrequest.RequestCacheAwareFilter@1546a589, org.springframework.security.web.servletapi.SecurityContextHolderAwareRequestFilter@726c1889, org.springframework.security.web.authentication.AnonymousAuthenticationFilter@18211894, org.springframework.security.web.session.SessionManagementFilter@37495d56, org.springframework.security.web.access.ExceptionTranslationFilter@2c9e3083, org.springframework.security.web.access.intercept.AuthorizationFilter@2280c0f5]
2026-03-22T21:47:00.935+05:30  INFO 23636 --- [institute-api] [           main] o.s.b.w.embedded.tomcat.TomcatWebServer  : Tomcat started on port 8080 (http) with context path ''
2026-03-22T21:47:00.941+05:30  INFO 23636 --- [institute-api] [           main] com.institute.InstituteApplication       : Started InstituteApplication in 5.661 seconds (process running for 6.036)
2026-03-22T21:48:06.302+05:30  INFO 23636 --- [institute-api] [nio-8080-exec-2] o.a.c.c.C.[Tomcat].[localhost].[/]       : Initializing Spring DispatcherServlet 'dispatcherServlet'
2026-03-22T21:48:06.302+05:30  INFO 23636 --- [institute-api] [nio-8080-exec-2] o.s.web.servlet.DispatcherServlet        : Initializing Servlet 'dispatcherServlet'
2026-03-22T21:48:06.304+05:30  INFO 23636 --- [institute-api] [nio-8080-exec-2] o.s.web.servlet.DispatcherServlet        : Completed initialization in 2 ms
Hibernate: 
    select
        u1_0.id,
        u1_0.created_at,
        u1_0.email,
        u1_0.full_name,
        u1_0.last_login,
        u1_0.password,
        u1_0.role_id,
        u1_0.status,
        u1_0.token,
        u1_0.username 
    from
        users u1_0 
    where
        u1_0.token=?
Hibernate: 
    select
        u1_0.id,
        u1_0.created_at,
        u1_0.email,
        u1_0.full_name,
        u1_0.last_login,
        u1_0.password,
        u1_0.role_id,
        u1_0.status,
        u1_0.token,
        u1_0.username 
    from
        users u1_0 
    where
        u1_0.token=?
Hibernate: 
    select
        u1_0.id,
        u1_0.created_at,
        u1_0.email,
        u1_0.full_name,
        u1_0.last_login,
        u1_0.password,
        u1_0.role_id,
        u1_0.status,
        u1_0.token,
        u1_0.username 
    from
        users u1_0 
    where
        u1_0.token=?
Hibernate: 
    select
        u1_0.id,
        u1_0.created_at,
        u1_0.email,
        u1_0.full_name,
        u1_0.last_login,
        u1_0.password,
        u1_0.role_id,
        u1_0.status,
        u1_0.token,
        u1_0.username 
    from
        users u1_0 
    where
        u1_0.token=?
Hibernate: 
    select
        u1_0.id,
        u1_0.created_at,
        u1_0.email,
        u1_0.full_name,
        u1_0.last_login,
        u1_0.password,
        u1_0.role_id,
        u1_0.status,
        u1_0.token,
        u1_0.username 
    from
        users u1_0 
    where
        u1_0.token=?
Hibernate: 
    select
        u1_0.id,
        u1_0.created_at,
        u1_0.email,
        u1_0.full_name,
        u1_0.last_login,
        u1_0.password,
        u1_0.role_id,
        u1_0.status,
        u1_0.token,
        u1_0.username 
    from
        users u1_0 
    where
        u1_0.token=?
Hibernate: 
    select
        s1_0.id,
        s1_0.created_at,
        s1_0.designation,
        s1_0.email,
        s1_0.experience,
        s1_0.joining_date,
        s1_0.last_login,
        s1_0.mobile,
        s1_0.name,
        s1_0.qualification,
        s1_0.salary,
        s1_0.staff_id,
        s1_0.status,
        s1_0.token 
    from
        staff s1_0 
    where
        s1_0.token=?
Hibernate: 
    select
        s1_0.id,
        s1_0.created_at,
        s1_0.designation,
        s1_0.email,
        s1_0.experience,
        s1_0.joining_date,
        s1_0.last_login,
        s1_0.mobile,
        s1_0.name,
        s1_0.qualification,
        s1_0.salary,
        s1_0.staff_id,
        s1_0.status,
        s1_0.token 
    from
        staff s1_0 
    where
        s1_0.token=?
Hibernate: 
    select
        s1_0.id,
        s1_0.created_at,
        s1_0.designation,
        s1_0.email,
        s1_0.experience,
        s1_0.joining_date,
        s1_0.last_login,
        s1_0.mobile,
        s1_0.name,
        s1_0.qualification,
        s1_0.salary,
        s1_0.staff_id,
        s1_0.status,
        s1_0.token 
    from
        staff s1_0 
    where
        s1_0.token=?
Hibernate: 
    select
        s1_0.id,
        s1_0.created_at,
        s1_0.designation,
        s1_0.email,
        s1_0.experience,
        s1_0.joining_date,
        s1_0.last_login,
        s1_0.mobile,
        s1_0.name,
        s1_0.qualification,
        s1_0.salary,
        s1_0.staff_id,
        s1_0.status,
        s1_0.token 
    from
        staff s1_0 
    where
        s1_0.token=?
Hibernate: 
    select
        s1_0.id,
        s1_0.created_at,
        s1_0.designation,
        s1_0.email,
        s1_0.experience,
        s1_0.joining_date,
        s1_0.last_login,
        s1_0.mobile,
        s1_0.name,
        s1_0.qualification,
        s1_0.salary,
        s1_0.staff_id,
        s1_0.status,
        s1_0.token 
    from
        staff s1_0 
    where
        s1_0.token=?
Hibernate: 
    select
        s1_0.id,
        s1_0.created_at,
        s1_0.designation,
        s1_0.email,
        s1_0.experience,
        s1_0.joining_date,
        s1_0.last_login,
        s1_0.mobile,
        s1_0.name,
        s1_0.qualification,
        s1_0.salary,
        s1_0.staff_id,
        s1_0.status,
        s1_0.token 
    from
        staff s1_0 
    where
        s1_0.token=?
Hibernate: 
    select
        s1_0.id,
        s1_0.batch_id,
        s1_0.course_id,
        s1_0.created_at,
        s1_0.district,
        s1_0.dob,
        s1_0.email,
        s1_0.father_name,
        s1_0.instructor,
        s1_0.joining_date,
        s1_0.last_login,
        s1_0.mobile,
        s1_0.name,
        s1_0.parent_mobile,
        s1_0.password,
        s1_0.qualification,
        s1_0.referral_profession,
        s1_0.referred_by,
        s1_0.reg_number,
        s1_0.start_date,
        s1_0.status,
        s1_0.timing,
        s1_0.token 
    from
        students s1_0 
    where
        s1_0.token=?
Hibernate: 
    select
        s1_0.id,
        s1_0.batch_id,
        s1_0.course_id,
        s1_0.created_at,
        s1_0.district,
        s1_0.dob,
        s1_0.email,
        s1_0.father_name,
        s1_0.instructor,
        s1_0.joining_date,
        s1_0.last_login,
        s1_0.mobile,
        s1_0.name,
        s1_0.parent_mobile,
        s1_0.password,
        s1_0.qualification,
        s1_0.referral_profession,
        s1_0.referred_by,
        s1_0.reg_number,
        s1_0.start_date,
        s1_0.status,
        s1_0.timing,
        s1_0.token 
    from
        students s1_0 
    where
        s1_0.token=?
Hibernate: 
    select
        s1_0.id,
        s1_0.batch_id,
        s1_0.course_id,
        s1_0.created_at,
        s1_0.district,
        s1_0.dob,
        s1_0.email,
        s1_0.father_name,
        s1_0.instructor,
        s1_0.joining_date,
        s1_0.last_login,
        s1_0.mobile,
        s1_0.name,
        s1_0.parent_mobile,
        s1_0.password,
        s1_0.qualification,
        s1_0.referral_profession,
        s1_0.referred_by,
        s1_0.reg_number,
        s1_0.start_date,
        s1_0.status,
        s1_0.timing,
        s1_0.token 
    from
        students s1_0 
    where
        s1_0.token=?
Hibernate: 
    select
        s1_0.id,
        s1_0.batch_id,
        s1_0.course_id,
        s1_0.created_at,
        s1_0.district,
        s1_0.dob,
        s1_0.email,
        s1_0.father_name,
        s1_0.instructor,
        s1_0.joining_date,
        s1_0.last_login,
        s1_0.mobile,
        s1_0.name,
        s1_0.parent_mobile,
        s1_0.password,
        s1_0.qualification,
        s1_0.referral_profession,
        s1_0.referred_by,
        s1_0.reg_number,
        s1_0.start_date,
        s1_0.status,
        s1_0.timing,
        s1_0.token 
    from
        students s1_0 
    where
        s1_0.token=?
Hibernate: 
    select
        s1_0.id,
        s1_0.batch_id,
        s1_0.course_id,
        s1_0.created_at,
        s1_0.district,
        s1_0.dob,
        s1_0.email,
        s1_0.father_name,
        s1_0.instructor,
        s1_0.joining_date,
        s1_0.last_login,
        s1_0.mobile,
        s1_0.name,
        s1_0.parent_mobile,
        s1_0.password,
        s1_0.qualification,
        s1_0.referral_profession,
        s1_0.referred_by,
        s1_0.reg_number,
        s1_0.start_date,
        s1_0.status,
        s1_0.timing,
        s1_0.token 
    from
        students s1_0 
    where
        s1_0.token=?
Hibernate: 
    select
        s1_0.id,
        s1_0.batch_id,
        s1_0.course_id,
        s1_0.created_at,
        s1_0.district,
        s1_0.dob,
        s1_0.email,
        s1_0.father_name,
        s1_0.instructor,
        s1_0.joining_date,
        s1_0.last_login,
        s1_0.mobile,
        s1_0.name,
        s1_0.parent_mobile,
        s1_0.password,
        s1_0.qualification,
        s1_0.referral_profession,
        s1_0.referred_by,
        s1_0.reg_number,
        s1_0.start_date,
        s1_0.status,
        s1_0.timing,
        s1_0.token 
    from
        students s1_0 
    where
        s1_0.token=?
Hibernate: 
    select
        u1_0.id,
        u1_0.created_at,
        u1_0.email,
        u1_0.full_name,
        u1_0.last_login,
        u1_0.password,
        u1_0.role_id,
        u1_0.status,
        u1_0.token,
        u1_0.username 
    from
        users u1_0 
    where
        u1_0.token=?
Hibernate: 
    select
        u1_0.id,
        u1_0.created_at,
        u1_0.email,
        u1_0.full_name,
        u1_0.last_login,
        u1_0.password,
        u1_0.role_id,
        u1_0.status,
        u1_0.token,
        u1_0.username 
    from
        users u1_0 
    where
        u1_0.token=?
Hibernate: 
    select
        s1_0.id,
        s1_0.created_at,
        s1_0.designation,
        s1_0.email,
        s1_0.experience,
        s1_0.joining_date,
        s1_0.last_login,
        s1_0.mobile,
        s1_0.name,
        s1_0.qualification,
        s1_0.salary,
        s1_0.staff_id,
        s1_0.status,
        s1_0.token 
    from
        staff s1_0 
    where
        s1_0.token=?
Hibernate: 
    select
        s1_0.id,
        s1_0.created_at,
        s1_0.designation,
        s1_0.email,
        s1_0.experience,
        s1_0.joining_date,
        s1_0.last_login,
        s1_0.mobile,
        s1_0.name,
        s1_0.qualification,
        s1_0.salary,
        s1_0.staff_id,
        s1_0.status,
        s1_0.token 
    from
        staff s1_0 
    where
        s1_0.token=?
Hibernate: 
    select
        u1_0.id,
        u1_0.created_at,
        u1_0.email,
        u1_0.full_name,
        u1_0.last_login,
        u1_0.password,
        u1_0.role_id,
        u1_0.status,
        u1_0.token,
        u1_0.username 
    from
        users u1_0 
    where
        u1_0.token=?
Hibernate: 
    select
        s1_0.id,
        s1_0.batch_id,
        s1_0.course_id,
        s1_0.created_at,
        s1_0.district,
        s1_0.dob,
        s1_0.email,
        s1_0.father_name,
        s1_0.instructor,
        s1_0.joining_date,
        s1_0.last_login,
        s1_0.mobile,
        s1_0.name,
        s1_0.parent_mobile,
        s1_0.password,
        s1_0.qualification,
        s1_0.referral_profession,
        s1_0.referred_by,
        s1_0.reg_number,
        s1_0.start_date,
        s1_0.status,
        s1_0.timing,
        s1_0.token 
    from
        students s1_0 
    where
        s1_0.token=?
Hibernate: 
    select
        s1_0.id,
        s1_0.batch_id,
        s1_0.course_id,
        s1_0.created_at,
        s1_0.district,
        s1_0.dob,
        s1_0.email,
        s1_0.father_name,
        s1_0.instructor,
        s1_0.joining_date,
        s1_0.last_login,
        s1_0.mobile,
        s1_0.name,
        s1_0.parent_mobile,
        s1_0.password,
        s1_0.qualification,
        s1_0.referral_profession,
        s1_0.referred_by,
        s1_0.reg_number,
        s1_0.start_date,
        s1_0.status,
        s1_0.timing,
        s1_0.token 
    from
        students s1_0 
    where
        s1_0.token=?
Hibernate: 
    select
        s1_0.id,
        s1_0.created_at,
        s1_0.designation,
        s1_0.email,
        s1_0.experience,
        s1_0.joining_date,
        s1_0.last_login,
        s1_0.mobile,
        s1_0.name,
        s1_0.qualification,
        s1_0.salary,
        s1_0.staff_id,
        s1_0.status,
        s1_0.token 
    from
        staff s1_0 
    where
        s1_0.token=?
Hibernate: 
    select
        u1_0.id,
        u1_0.created_at,
        u1_0.email,
        u1_0.full_name,
        u1_0.last_login,
        u1_0.password,
        u1_0.role_id,
        u1_0.status,
        u1_0.token,
        u1_0.username 
    from
        users u1_0 
    where
        u1_0.token=?
Hibernate: 
    select
        s1_0.id,
        s1_0.created_at,
        s1_0.designation,
        s1_0.email,
        s1_0.experience,
        s1_0.joining_date,
        s1_0.last_login,
        s1_0.mobile,
        s1_0.name,
        s1_0.qualification,
        s1_0.salary,
        s1_0.staff_id,
        s1_0.status,
        s1_0.token 
    from
        staff s1_0 
    where
        s1_0.token=?
Hibernate: 
    select
        s1_0.id,
        s1_0.batch_id,
        s1_0.course_id,
        s1_0.created_at,
        s1_0.district,
        s1_0.dob,
        s1_0.email,
        s1_0.father_name,
        s1_0.instructor,
        s1_0.joining_date,
        s1_0.last_login,
        s1_0.mobile,
        s1_0.name,
        s1_0.parent_mobile,
        s1_0.password,
        s1_0.qualification,
        s1_0.referral_profession,
        s1_0.referred_by,
        s1_0.reg_number,
        s1_0.start_date,
        s1_0.status,
        s1_0.timing,
        s1_0.token 
    from
        students s1_0 
    where
        s1_0.token=?
Hibernate: 
    select
        s1_0.id,
        s1_0.batch_id,
        s1_0.course_id,
        s1_0.created_at,
        s1_0.district,
        s1_0.dob,
        s1_0.email,
        s1_0.father_name,
        s1_0.instructor,
        s1_0.joining_date,
        s1_0.last_login,
        s1_0.mobile,
        s1_0.name,
        s1_0.parent_mobile,
        s1_0.password,
        s1_0.qualification,
        s1_0.referral_profession,
        s1_0.referred_by,
        s1_0.reg_number,
        s1_0.start_date,
        s1_0.status,
        s1_0.timing,
        s1_0.token 
    from
        students s1_0 
    where
        s1_0.token=?
Hibernate: 
    select
        u1_0.id,
        u1_0.created_at,
        u1_0.email,
        u1_0.full_name,
        u1_0.last_login,
        u1_0.password,
        u1_0.role_id,
        u1_0.status,
        u1_0.token,
        u1_0.username 
    from
        users u1_0 
    where
        u1_0.username=?
Hibernate: 
    select
        r1_0.id,
        r1_0.created_at,
        r1_0.role_name 
    from
        roles r1_0 
    where
        r1_0.id=?
Hibernate: 
    select
        s1_0.id,
        s1_0.created_at,
        s1_0.designation,
        s1_0.email,
        s1_0.experience,
        s1_0.joining_date,
        s1_0.last_login,
        s1_0.mobile,
        s1_0.name,
        s1_0.qualification,
        s1_0.salary,
        s1_0.staff_id,
        s1_0.status,
        s1_0.token 
    from
        staff s1_0 
    where
        s1_0.staff_id=? 
        and s1_0.mobile=?
Hibernate: 
    select
        s1_0.id,
        s1_0.batch_id,
        s1_0.course_id,
        s1_0.created_at,
        s1_0.district,
        s1_0.dob,
        s1_0.email,
        s1_0.father_name,
        s1_0.instructor,
        s1_0.joining_date,
        s1_0.last_login,
        s1_0.mobile,
        s1_0.name,
        s1_0.parent_mobile,
        s1_0.password,
        s1_0.qualification,
        s1_0.referral_profession,
        s1_0.referred_by,
        s1_0.reg_number,
        s1_0.start_date,
        s1_0.status,
        s1_0.timing,
        s1_0.token 
    from
        students s1_0 
    where
        s1_0.reg_number=?
Hibernate: 
    select
        u1_0.id,
        u1_0.created_at,
        u1_0.email,
        u1_0.full_name,
        u1_0.last_login,
        u1_0.password,
        u1_0.role_id,
        u1_0.status,
        u1_0.token,
        u1_0.username 
    from
        users u1_0 
    where
        u1_0.username=?
Hibernate: 
    select
        r1_0.id,
        r1_0.created_at,
        r1_0.role_name 
    from
        roles r1_0 
    where
        r1_0.id=?
Hibernate: 
    update
        users 
    set
        created_at=?,
        email=?,
        full_name=?,
        last_login=?,
        password=?,
        role_id=?,
        status=?,
        token=?,
        username=? 
    where
        id=?
Hibernate: 
    select
        u1_0.id,
        u1_0.created_at,
        u1_0.email,
        u1_0.full_name,
        u1_0.last_login,
        u1_0.password,
        u1_0.role_id,
        u1_0.status,
        u1_0.token,
        u1_0.username 
    from
        users u1_0 
    where
        u1_0.token=?
Hibernate: 
    select
        u1_0.id,
        u1_0.created_at,
        u1_0.email,
        u1_0.full_name,
        u1_0.last_login,
        u1_0.password,
        u1_0.role_id,
        u1_0.status,
        u1_0.token,
        u1_0.username 
    from
        users u1_0 
    where
        u1_0.token=?
Hibernate: 
    select
        r1_0.id,
        r1_0.created_at,
        r1_0.role_name 
    from
        roles r1_0 
    where
        r1_0.id=?
Hibernate: 
    select
        r1_0.id,
        r1_0.created_at,
        r1_0.role_name 
    from
        roles r1_0 
    where
        r1_0.id=?
Hibernate: 
    select
        u1_0.id,
        u1_0.created_at,
        u1_0.email,
        u1_0.full_name,
        u1_0.last_login,
        u1_0.password,
        u1_0.role_id,
        u1_0.status,
        u1_0.token,
        u1_0.username 
    from
        users u1_0 
    where
        u1_0.token=?
Hibernate: 
    select
        u1_0.id,
        u1_0.created_at,
        u1_0.email,
        u1_0.full_name,
        u1_0.last_login,
        u1_0.password,
        u1_0.role_id,
        u1_0.status,
        u1_0.token,
        u1_0.username 
    from
        users u1_0 
    where
        u1_0.token=?
Hibernate: 
    select
        u1_0.id,
        u1_0.created_at,
        u1_0.email,
        u1_0.full_name,
        u1_0.last_login,
        u1_0.password,
        u1_0.role_id,
        u1_0.status,
        u1_0.token,
        u1_0.username 
    from
        users u1_0 
    where
        u1_0.token=?
Hibernate: 
    select
        u1_0.id,
        u1_0.created_at,
        u1_0.email,
        u1_0.full_name,
        u1_0.last_login,
        u1_0.password,
        u1_0.role_id,
        u1_0.status,
        u1_0.token,
        u1_0.username 
    from
        users u1_0 
    where
        u1_0.token=?
Hibernate: 
    select
        r1_0.id,
        r1_0.created_at,
        r1_0.role_name 
    from
        roles r1_0 
    where
        r1_0.id=?
Hibernate: 
    select
        r1_0.id,
        r1_0.created_at,
        r1_0.role_name 
    from
        roles r1_0 
    where
        r1_0.id=?
Hibernate: 
    select
        c1_0.id,
        c1_0.category,
        c1_0.course_id,
        c1_0.created_at,
        c1_0.description,
        c1_0.duration,
        c1_0.fees,
        c1_0.image_path,
        c1_0.name,
        c1_0.status,
        c1_0.syllabus_path 
    from
        courses c1_0
Hibernate: 
    select
        r1_0.id,
        r1_0.created_at,
        r1_0.role_name 
    from
        roles r1_0 
    where
        r1_0.id=?
Hibernate: 
    select
        r1_0.id,
        r1_0.created_at,
        r1_0.role_name 
    from
        roles r1_0 
    where
        r1_0.id=?
Hibernate: 
    select
        is1_0.id,
        is1_0.address,
        is1_0.admin_as_staff,
        is1_0.allow_performance_exams,
        is1_0.appearance_color,
        is1_0.appearance_mode,
        is1_0.course_id_last_number,
        is1_0.course_id_mode,
        is1_0.course_id_prefix,
        is1_0.course_id_start_from,
        is1_0.course_id_suffix,
        is1_0.email,
        is1_0.institute_name,
        is1_0.logo_path,
        is1_0.name,
        is1_0.phone,
        is1_0.reg_last_number,
        is1_0.reg_mode,
        is1_0.reg_prefix,
        is1_0.reg_start_from,
        is1_0.reg_suffix,
        is1_0.registration_id,
        is1_0.staff_id_last_number,
        is1_0.staff_id_mode,
        is1_0.staff_id_prefix,
        is1_0.staff_id_start_from,
        is1_0.staff_id_suffix,
        is1_0.updated_at 
    from
        institute_settings is1_0 
    where
        is1_0.id=?
Hibernate: 
    select
        f1_0.id,
        f1_0.balance_amount,
        f1_0.last_payment_date,
        f1_0.paid_amount,
        f1_0.status,
        f1_0.student_id,
        f1_0.total_amount 
    from
        fees f1_0
Hibernate: 
    select
        al1_0.id,
        al1_0.action,
        al1_0.created_at,
        al1_0.description,
        al1_0.user_id,
        al1_0.user_type 
    from
        activity_log al1_0 
    order by
        al1_0.created_at desc 
    limit
        ?
Hibernate: 
    select
        n1_0.id,
        n1_0.created_at,
        n1_0.is_read,
        n1_0.message,
        n1_0.title,
        n1_0.type,
        n1_0.user_id,
        n1_0.user_type 
    from
        notifications n1_0 
    where
        (
            n1_0.user_id=? 
            or lower(n1_0.user_type)=lower(?) 
            or n1_0.user_type='all'
        ) 
    order by
        n1_0.created_at desc
Hibernate: 
    select
        u1_0.id,
        u1_0.created_at,
        u1_0.email,
        u1_0.full_name,
        u1_0.last_login,
        u1_0.password,
        u1_0.role_id,
        u1_0.status,
        u1_0.token,
        u1_0.username 
    from
        users u1_0 
    where
        u1_0.token=?
Hibernate: 
    select
        r1_0.id,
        r1_0.created_at,
        r1_0.role_name 
    from
        roles r1_0 
    where
        r1_0.id=?
Hibernate: 
    select
        s1_0.id,
        s1_0.batch_id,
        s1_0.course_id,
        s1_0.created_at,
        s1_0.district,
        s1_0.dob,
        s1_0.email,
        s1_0.father_name,
        s1_0.instructor,
        s1_0.joining_date,
        s1_0.last_login,
        s1_0.mobile,
        s1_0.name,
        s1_0.parent_mobile,
        s1_0.password,
        s1_0.qualification,
        s1_0.referral_profession,
        s1_0.referred_by,
        s1_0.reg_number,
        s1_0.start_date,
        s1_0.status,
        s1_0.timing,
        s1_0.token 
    from
        students s1_0 
    where
        s1_0.course_id=?
Hibernate: 
    select
        s1_0.id,
        s1_0.batch_id,
        s1_0.course_id,
        s1_0.created_at,
        s1_0.district,
        s1_0.dob,
        s1_0.email,
        s1_0.father_name,
        s1_0.instructor,
        s1_0.joining_date,
        s1_0.last_login,
        s1_0.mobile,
        s1_0.name,
        s1_0.parent_mobile,
        s1_0.password,
        s1_0.qualification,
        s1_0.referral_profession,
        s1_0.referred_by,
        s1_0.reg_number,
        s1_0.start_date,
        s1_0.status,
        s1_0.timing,
        s1_0.token 
    from
        students s1_0 
    where
        s1_0.course_id=?
Hibernate: 
    select
        u1_0.id,
        u1_0.created_at,
        u1_0.email,
        u1_0.full_name,
        u1_0.last_login,
        u1_0.password,
        u1_0.role_id,
        u1_0.status,
        u1_0.token,
        u1_0.username 
    from
        users u1_0 
    where
        u1_0.token=?
Hibernate: 
    select
        r1_0.id,
        r1_0.created_at,
        r1_0.role_name 
    from
        roles r1_0 
    where
        r1_0.id=?
Hibernate: 
    select
        s1_0.id,
        s1_0.batch_id,
        s1_0.course_id,
        s1_0.created_at,
        s1_0.district,
        s1_0.dob,
        s1_0.email,
        s1_0.father_name,
        s1_0.instructor,
        s1_0.joining_date,
        s1_0.last_login,
        s1_0.mobile,
        s1_0.name,
        s1_0.parent_mobile,
        s1_0.password,
        s1_0.qualification,
        s1_0.referral_profession,
        s1_0.referred_by,
        s1_0.reg_number,
        s1_0.start_date,
        s1_0.status,
        s1_0.timing,
        s1_0.token 
    from
        students s1_0 
    where
        s1_0.id=?
Hibernate: 
    select
        u1_0.id,
        u1_0.created_at,
        u1_0.email,
        u1_0.full_name,
        u1_0.last_login,
        u1_0.password,
        r1_0.id,
        r1_0.created_at,
        r1_0.role_name,
        u1_0.role_id,
        u1_0.status,
        u1_0.token,
        u1_0.username 
    from
        users u1_0 
    left join
        roles r1_0 
            on r1_0.id=u1_0.role_id 
    where
        u1_0.id=?
Hibernate: 
    select
        e1_0.category,
        sum(e1_0.amount) 
    from
        expenses e1_0 
    group by
        e1_0.category
Hibernate: 
    select
        f1_0.id,
        f1_0.balance_amount,
        f1_0.last_payment_date,
        f1_0.paid_amount,
        f1_0.status,
        f1_0.student_id,
        f1_0.total_amount 
    from
        fees f1_0 
    where
        f1_0.student_id=?
Hibernate: 
    SELECT
        DATE_FORMAT(joining_date, '%b') as month,
        COUNT(*) as count 
    FROM
        students 
    WHERE
        joining_date >= ? 
    GROUP BY
        DATE_FORMAT(joining_date, '%Y-%m') 
    ORDER BY
        joining_date ASC
Hibernate: 
    update
        users 
    set
        created_at=?,
        email=?,
        full_name=?,
        last_login=?,
        password=?,
        role_id=?,
        status=?,
        token=?,
        username=? 
    where
        id=?
Hibernate: 
    select
        f1_0.id,
        f1_0.balance_amount,
        f1_0.last_payment_date,
        f1_0.paid_amount,
        f1_0.status,
        f1_0.student_id,
        f1_0.total_amount 
    from
        fees f1_0 
    where
        f1_0.student_id=?
Hibernate: 
    select
        f1_0.id,
        f1_0.balance_amount,
        f1_0.last_payment_date,
        f1_0.paid_amount,
        f1_0.status,
        f1_0.student_id,
        f1_0.total_amount 
    from
        fees f1_0 
    where
        f1_0.student_id=?
Hibernate: 
    select
        f1_0.id,
        f1_0.balance_amount,
        f1_0.last_payment_date,
        f1_0.paid_amount,
        f1_0.status,
        f1_0.student_id,
        f1_0.total_amount 
    from
        fees f1_0 
    where
        f1_0.student_id=?
Hibernate: 
    select
        f1_0.id,
        f1_0.balance_amount,
        f1_0.last_payment_date,
        f1_0.paid_amount,
        f1_0.status,
        f1_0.student_id,
        f1_0.total_amount 
    from
        fees f1_0 
    where
        f1_0.student_id=?
Hibernate: 
    select
        f1_0.id,
        f1_0.balance_amount,
        f1_0.last_payment_date,
        f1_0.paid_amount,
        f1_0.status,
        f1_0.student_id,
        f1_0.total_amount 
    from
        fees f1_0 
    where
        f1_0.student_id=?
Hibernate: 
    select
        s1_0.id,
        s1_0.batch_id,
        s1_0.course_id,
        s1_0.created_at,
        s1_0.district,
        s1_0.dob,
        s1_0.email,
        s1_0.father_name,
        s1_0.instructor,
        s1_0.joining_date,
        s1_0.last_login,
        s1_0.mobile,
        s1_0.name,
        s1_0.parent_mobile,
        s1_0.password,
        s1_0.qualification,
        s1_0.referral_profession,
        s1_0.referred_by,
        s1_0.reg_number,
        s1_0.start_date,
        s1_0.status,
        s1_0.timing,
        s1_0.token 
    from
        students s1_0 
    where
        s1_0.id=?
Hibernate: 
    select
        s1_0.id,
        s1_0.batch_id,
        s1_0.course_id,
        s1_0.created_at,
        s1_0.district,
        s1_0.dob,
        s1_0.email,
        s1_0.father_name,
        s1_0.instructor,
        s1_0.joining_date,
        s1_0.last_login,
        s1_0.mobile,
        s1_0.name,
        s1_0.parent_mobile,
        s1_0.password,
        s1_0.qualification,
        s1_0.referral_profession,
        s1_0.referred_by,
        s1_0.reg_number,
        s1_0.start_date,
        s1_0.status,
        s1_0.timing,
        s1_0.token 
    from
        students s1_0 
    where
        s1_0.id=?
Hibernate: 
    select
        s1_0.id,
        s1_0.batch_id,
        s1_0.course_id,
        s1_0.created_at,
        s1_0.district,
        s1_0.dob,
        s1_0.email,
        s1_0.father_name,
        s1_0.instructor,
        s1_0.joining_date,
        s1_0.last_login,
        s1_0.mobile,
        s1_0.name,
        s1_0.parent_mobile,
        s1_0.password,
        s1_0.qualification,
        s1_0.referral_profession,
        s1_0.referred_by,
        s1_0.reg_number,
        s1_0.start_date,
        s1_0.status,
        s1_0.timing,
        s1_0.token 
    from
        students s1_0 
    where
        s1_0.id=?
Hibernate: 
    select
        f1_0.id,
        f1_0.balance_amount,
        f1_0.last_payment_date,
        f1_0.paid_amount,
        f1_0.status,
        f1_0.student_id,
        f1_0.total_amount 
    from
        fees f1_0 
    where
        f1_0.student_id=?
Hibernate: 
    select
        f1_0.id,
        f1_0.balance_amount,
        f1_0.last_payment_date,
        f1_0.paid_amount,
        f1_0.status,
        f1_0.student_id,
        f1_0.total_amount 
    from
        fees f1_0 
    where
        f1_0.student_id=?
Hibernate: 
    select
        s1_0.id,
        s1_0.batch_id,
        s1_0.course_id,
        s1_0.created_at,
        s1_0.district,
        s1_0.dob,
        s1_0.email,
        s1_0.father_name,
        s1_0.instructor,
        s1_0.joining_date,
        s1_0.last_login,
        s1_0.mobile,
        s1_0.name,
        s1_0.parent_mobile,
        s1_0.password,
        s1_0.qualification,
        s1_0.referral_profession,
        s1_0.referred_by,
        s1_0.reg_number,
        s1_0.start_date,
        s1_0.status,
        s1_0.timing,
        s1_0.token 
    from
        students s1_0 
    where
        s1_0.id=?
Hibernate: 
    select
        f1_0.id,
        f1_0.balance_amount,
        f1_0.last_payment_date,
        f1_0.paid_amount,
        f1_0.status,
        f1_0.student_id,
        f1_0.total_amount 
    from
        fees f1_0 
    where
        f1_0.student_id=?
Hibernate: 
    select
        f1_0.id,
        f1_0.balance_amount,
        f1_0.last_payment_date,
        f1_0.paid_amount,
        f1_0.status,
        f1_0.student_id,
        f1_0.total_amount 
    from
        fees f1_0 
    where
        f1_0.student_id=?
Hibernate: 
    select
        f1_0.id,
        f1_0.balance_amount,
        f1_0.last_payment_date,
        f1_0.paid_amount,
        f1_0.status,
        f1_0.student_id,
        f1_0.total_amount 
    from
        fees f1_0 
    where
        f1_0.student_id=?
Hibernate: 
    select
        f1_0.id,
        f1_0.balance_amount,
        f1_0.last_payment_date,
        f1_0.paid_amount,
        f1_0.status,
        f1_0.student_id,
        f1_0.total_amount 
    from
        fees f1_0 
    where
        f1_0.student_id=?
Hibernate: 
    select
        f1_0.id,
        f1_0.balance_amount,
        f1_0.last_payment_date,
        f1_0.paid_amount,
        f1_0.status,
        f1_0.student_id,
        f1_0.total_amount 
    from
        fees f1_0 
    where
        f1_0.student_id=?
Hibernate: 
    select
        s1_0.id,
        s1_0.batch_id,
        s1_0.course_id,
        s1_0.created_at,
        s1_0.district,
        s1_0.dob,
        s1_0.email,
        s1_0.father_name,
        s1_0.instructor,
        s1_0.joining_date,
        s1_0.last_login,
        s1_0.mobile,
        s1_0.name,
        s1_0.parent_mobile,
        s1_0.password,
        s1_0.qualification,
        s1_0.referral_profession,
        s1_0.referred_by,
        s1_0.reg_number,
        s1_0.start_date,
        s1_0.status,
        s1_0.timing,
        s1_0.token 
    from
        students s1_0 
    where
        s1_0.id=?
Hibernate: 
    select
        f1_0.id,
        f1_0.balance_amount,
        f1_0.last_payment_date,
        f1_0.paid_amount,
        f1_0.status,
        f1_0.student_id,
        f1_0.total_amount 
    from
        fees f1_0 
    where
        f1_0.student_id=?
Hibernate: 
    select
        f1_0.id,
        f1_0.balance_amount,
        f1_0.last_payment_date,
        f1_0.paid_amount,
        f1_0.status,
        f1_0.student_id,
        f1_0.total_amount 
    from
        fees f1_0 
    where
        f1_0.student_id=?
Hibernate: 
    select
        s1_0.id,
        s1_0.batch_id,
        s1_0.course_id,
        s1_0.created_at,
        s1_0.district,
        s1_0.dob,
        s1_0.email,
        s1_0.father_name,
        s1_0.instructor,
        s1_0.joining_date,
        s1_0.last_login,
        s1_0.mobile,
        s1_0.name,
        s1_0.parent_mobile,
        s1_0.password,
        s1_0.qualification,
        s1_0.referral_profession,
        s1_0.referred_by,
        s1_0.reg_number,
        s1_0.start_date,
        s1_0.status,
        s1_0.timing,
        s1_0.token 
    from
        students s1_0 
    where
        s1_0.id=?
Hibernate: 
    select
        f1_0.id,
        f1_0.balance_amount,
        f1_0.last_payment_date,
        f1_0.paid_amount,
        f1_0.status,
        f1_0.student_id,
        f1_0.total_amount 
    from
        fees f1_0 
    where
        f1_0.student_id=?
Hibernate: 
    select
        s1_0.id,
        s1_0.batch_id,
        s1_0.course_id,
        s1_0.created_at,
        s1_0.district,
        s1_0.dob,
        s1_0.email,
        s1_0.father_name,
        s1_0.instructor,
        s1_0.joining_date,
        s1_0.last_login,
        s1_0.mobile,
        s1_0.name,
        s1_0.parent_mobile,
        s1_0.password,
        s1_0.qualification,
        s1_0.referral_profession,
        s1_0.referred_by,
        s1_0.reg_number,
        s1_0.start_date,
        s1_0.status,
        s1_0.timing,
        s1_0.token 
    from
        students s1_0 
    where
        s1_0.id=?
Hibernate: 
    select
        s1_0.id,
        s1_0.batch_id,
        s1_0.course_id,
        s1_0.created_at,
        s1_0.district,
        s1_0.dob,
        s1_0.email,
        s1_0.father_name,
        s1_0.instructor,
        s1_0.joining_date,
        s1_0.last_login,
        s1_0.mobile,
        s1_0.name,
        s1_0.parent_mobile,
        s1_0.password,
        s1_0.qualification,
        s1_0.referral_profession,
        s1_0.referred_by,
        s1_0.reg_number,
        s1_0.start_date,
        s1_0.status,
        s1_0.timing,
        s1_0.token 
    from
        students s1_0 
    where
        s1_0.course_id=?
Hibernate: 
    select
        s1_0.id,
        s1_0.batch_id,
        s1_0.course_id,
        s1_0.created_at,
        s1_0.district,
        s1_0.dob,
        s1_0.email,
        s1_0.father_name,
        s1_0.instructor,
        s1_0.joining_date,
        s1_0.last_login,
        s1_0.mobile,
        s1_0.name,
        s1_0.parent_mobile,
        s1_0.password,
        s1_0.qualification,
        s1_0.referral_profession,
        s1_0.referred_by,
        s1_0.reg_number,
        s1_0.start_date,
        s1_0.status,
        s1_0.timing,
        s1_0.token 
    from
        students s1_0 
    where
        s1_0.course_id=?
Hibernate: 
    select
        s1_0.id,
        s1_0.batch_id,
        s1_0.course_id,
        s1_0.created_at,
        s1_0.district,
        s1_0.dob,
        s1_0.email,
        s1_0.father_name,
        s1_0.instructor,
        s1_0.joining_date,
        s1_0.last_login,
        s1_0.mobile,
        s1_0.name,
        s1_0.parent_mobile,
        s1_0.password,
        s1_0.qualification,
        s1_0.referral_profession,
        s1_0.referred_by,
        s1_0.reg_number,
        s1_0.start_date,
        s1_0.status,
        s1_0.timing,
        s1_0.token 
    from
        students s1_0 
    where
        s1_0.id=?
Hibernate: 
    select
        f1_0.id,
        f1_0.balance_amount,
        f1_0.last_payment_date,
        f1_0.paid_amount,
        f1_0.status,
        f1_0.student_id,
        f1_0.total_amount 
    from
        fees f1_0 
    where
        f1_0.student_id=?
Hibernate: 
    select
        f1_0.id,
        f1_0.balance_amount,
        f1_0.last_payment_date,
        f1_0.paid_amount,
        f1_0.status,
        f1_0.student_id,
        f1_0.total_amount 
    from
        fees f1_0 
    where
        f1_0.student_id=?
Hibernate: 
    select
        s1_0.id,
        s1_0.batch_id,
        s1_0.course_id,
        s1_0.created_at,
        s1_0.district,
        s1_0.dob,
        s1_0.email,
        s1_0.father_name,
        s1_0.instructor,
        s1_0.joining_date,
        s1_0.last_login,
        s1_0.mobile,
        s1_0.name,
        s1_0.parent_mobile,
        s1_0.password,
        s1_0.qualification,
        s1_0.referral_profession,
        s1_0.referred_by,
        s1_0.reg_number,
        s1_0.start_date,
        s1_0.status,
        s1_0.timing,
        s1_0.token 
    from
        students s1_0 
    where
        s1_0.course_id=?
Hibernate: 
    select
        s1_0.id,
        s1_0.batch_id,
        s1_0.course_id,
        s1_0.created_at,
        s1_0.district,
        s1_0.dob,
        s1_0.email,
        s1_0.father_name,
        s1_0.instructor,
        s1_0.joining_date,
        s1_0.last_login,
        s1_0.mobile,
        s1_0.name,
        s1_0.parent_mobile,
        s1_0.password,
        s1_0.qualification,
        s1_0.referral_profession,
        s1_0.referred_by,
        s1_0.reg_number,
        s1_0.start_date,
        s1_0.status,
        s1_0.timing,
        s1_0.token 
    from
        students s1_0 
    where
        s1_0.id=?
Hibernate: 
    select
        s1_0.id,
        s1_0.batch_id,
        s1_0.course_id,
        s1_0.created_at,
        s1_0.district,
        s1_0.dob,
        s1_0.email,
        s1_0.father_name,
        s1_0.instructor,
        s1_0.joining_date,
        s1_0.last_login,
        s1_0.mobile,
        s1_0.name,
        s1_0.parent_mobile,
        s1_0.password,
        s1_0.qualification,
        s1_0.referral_profession,
        s1_0.referred_by,
        s1_0.reg_number,
        s1_0.start_date,
        s1_0.status,
        s1_0.timing,
        s1_0.token 
    from
        students s1_0 
    where
        s1_0.course_id=?
Hibernate: 
    select
        f1_0.id,
        f1_0.balance_amount,
        f1_0.last_payment_date,
        f1_0.paid_amount,
        f1_0.status,
        f1_0.student_id,
        f1_0.total_amount 
    from
        fees f1_0 
    where
        f1_0.student_id=?
Hibernate: 
    select
        s1_0.id,
        s1_0.batch_id,
        s1_0.course_id,
        s1_0.created_at,
        s1_0.district,
        s1_0.dob,
        s1_0.email,
        s1_0.father_name,
        s1_0.instructor,
        s1_0.joining_date,
        s1_0.last_login,
        s1_0.mobile,
        s1_0.name,
        s1_0.parent_mobile,
        s1_0.password,
        s1_0.qualification,
        s1_0.referral_profession,
        s1_0.referred_by,
        s1_0.reg_number,
        s1_0.start_date,
        s1_0.status,
        s1_0.timing,
        s1_0.token 
    from
        students s1_0 
    where
        s1_0.id=?
Hibernate: 
    select
        f1_0.id,
        f1_0.balance_amount,
        f1_0.last_payment_date,
        f1_0.paid_amount,
        f1_0.status,
        f1_0.student_id,
        f1_0.total_amount 
    from
        fees f1_0 
    where
        f1_0.student_id=?
Hibernate: 
    select
        s1_0.id,
        s1_0.batch_id,
        s1_0.course_id,
        s1_0.created_at,
        s1_0.district,
        s1_0.dob,
        s1_0.email,
        s1_0.father_name,
        s1_0.instructor,
        s1_0.joining_date,
        s1_0.last_login,
        s1_0.mobile,
        s1_0.name,
        s1_0.parent_mobile,
        s1_0.password,
        s1_0.qualification,
        s1_0.referral_profession,
        s1_0.referred_by,
        s1_0.reg_number,
        s1_0.start_date,
        s1_0.status,
        s1_0.timing,
        s1_0.token 
    from
        students s1_0 
    where
        s1_0.course_id=?
Hibernate: 
    select
        s1_0.id,
        s1_0.batch_id,
        s1_0.course_id,
        s1_0.created_at,
        s1_0.district,
        s1_0.dob,
        s1_0.email,
        s1_0.father_name,
        s1_0.instructor,
        s1_0.joining_date,
        s1_0.last_login,
        s1_0.mobile,
        s1_0.name,
        s1_0.parent_mobile,
        s1_0.password,
        s1_0.qualification,
        s1_0.referral_profession,
        s1_0.referred_by,
        s1_0.reg_number,
        s1_0.start_date,
        s1_0.status,
        s1_0.timing,
        s1_0.token 
    from
        students s1_0 
    where
        s1_0.id=?
Hibernate: 
    select
        s1_0.id,
        s1_0.batch_id,
        s1_0.course_id,
        s1_0.created_at,
        s1_0.district,
        s1_0.dob,
        s1_0.email,
        s1_0.father_name,
        s1_0.instructor,
        s1_0.joining_date,
        s1_0.last_login,
        s1_0.mobile,
        s1_0.name,
        s1_0.parent_mobile,
        s1_0.password,
        s1_0.qualification,
        s1_0.referral_profession,
        s1_0.referred_by,
        s1_0.reg_number,
        s1_0.start_date,
        s1_0.status,
        s1_0.timing,
        s1_0.token 
    from
        students s1_0 
    where
        s1_0.course_id=?
Hibernate: 
    select
        s1_0.id,
        s1_0.batch_id,
        s1_0.course_id,
        s1_0.created_at,
        s1_0.district,
        s1_0.dob,
        s1_0.email,
        s1_0.father_name,
        s1_0.instructor,
        s1_0.joining_date,
        s1_0.last_login,
        s1_0.mobile,
        s1_0.name,
        s1_0.parent_mobile,
        s1_0.password,
        s1_0.qualification,
        s1_0.referral_profession,
        s1_0.referred_by,
        s1_0.reg_number,
        s1_0.start_date,
        s1_0.status,
        s1_0.timing,
        s1_0.token 
    from
        students s1_0 
    where
        s1_0.id=?
Hibernate: 
    select
        s1_0.id,
        s1_0.batch_id,
        s1_0.course_id,
        s1_0.created_at,
        s1_0.district,
        s1_0.dob,
        s1_0.email,
        s1_0.father_name,
        s1_0.instructor,
        s1_0.joining_date,
        s1_0.last_login,
        s1_0.mobile,
        s1_0.name,
        s1_0.parent_mobile,
        s1_0.password,
        s1_0.qualification,
        s1_0.referral_profession,
        s1_0.referred_by,
        s1_0.reg_number,
        s1_0.start_date,
        s1_0.status,
        s1_0.timing,
        s1_0.token 
    from
        students s1_0 
    where
        s1_0.id=?
Hibernate: 
    select
        u1_0.id,
        u1_0.created_at,
        u1_0.email,
        u1_0.full_name,
        u1_0.last_login,
        u1_0.password,
        u1_0.role_id,
        u1_0.status,
        u1_0.token,
        u1_0.username 
    from
        users u1_0 
    where
        u1_0.username=?
Hibernate: 
    select
        r1_0.id,
        r1_0.created_at,
        r1_0.role_name 
    from
        roles r1_0 
    where
        r1_0.id=?
Hibernate: 
    update
        users 
    set
        created_at=?,
        email=?,
        full_name=?,
        last_login=?,
        password=?,
        role_id=?,
        status=?,
        token=?,
        username=? 
    where
        id=?
Hibernate: 
    select
        u1_0.id,
        u1_0.created_at,
        u1_0.email,
        u1_0.full_name,
        u1_0.last_login,
        u1_0.password,
        u1_0.role_id,
        u1_0.status,
        u1_0.token,
        u1_0.username 
    from
        users u1_0 
    where
        u1_0.token=?
Hibernate: 
    select
        u1_0.id,
        u1_0.created_at,
        u1_0.email,
        u1_0.full_name,
        u1_0.last_login,
        u1_0.password,
        u1_0.role_id,
        u1_0.status,
        u1_0.token,
        u1_0.username 
    from
        users u1_0 
    where
        u1_0.token=?
Hibernate: 
    select
        u1_0.id,
        u1_0.created_at,
        u1_0.email,
        u1_0.full_name,
        u1_0.last_login,
        u1_0.password,
        u1_0.role_id,
        u1_0.status,
        u1_0.token,
        u1_0.username 
    from
        users u1_0 
    where
        u1_0.token=?
Hibernate: 
    select
        u1_0.id,
        u1_0.created_at,
        u1_0.email,
        u1_0.full_name,
        u1_0.last_login,
        u1_0.password,
        u1_0.role_id,
        u1_0.status,
        u1_0.token,
        u1_0.username 
    from
        users u1_0 
    where
        u1_0.token=?
Hibernate: 
    select
        u1_0.id,
        u1_0.created_at,
        u1_0.email,
        u1_0.full_name,
        u1_0.last_login,
        u1_0.password,
        u1_0.role_id,
        u1_0.status,
        u1_0.token,
        u1_0.username 
    from
        users u1_0 
    where
        u1_0.token=?
Hibernate: 
    select
        r1_0.id,
        r1_0.created_at,
        r1_0.role_name 
    from
        roles r1_0 
    where
        r1_0.id=?
Hibernate: 
    select
        r1_0.id,
        r1_0.created_at,
        r1_0.role_name 
    from
        roles r1_0 
    where
        r1_0.id=?
Hibernate: 
    select
        f1_0.id,
        f1_0.balance_amount,
        f1_0.last_payment_date,
        f1_0.paid_amount,
        f1_0.status,
        f1_0.student_id,
        f1_0.total_amount 
    from
        fees f1_0
Hibernate: 
    select
        c1_0.id,
        c1_0.category,
        c1_0.course_id,
        c1_0.created_at,
        c1_0.description,
        c1_0.duration,
        c1_0.fees,
        c1_0.image_path,
        c1_0.name,
        c1_0.status,
        c1_0.syllabus_path 
    from
        courses c1_0
Hibernate: 
    select
        s1_0.id,
        s1_0.batch_id,
        s1_0.course_id,
        s1_0.created_at,
        s1_0.district,
        s1_0.dob,
        s1_0.email,
        s1_0.father_name,
        s1_0.instructor,
        s1_0.joining_date,
        s1_0.last_login,
        s1_0.mobile,
        s1_0.name,
        s1_0.parent_mobile,
        s1_0.password,
        s1_0.qualification,
        s1_0.referral_profession,
        s1_0.referred_by,
        s1_0.reg_number,
        s1_0.start_date,
        s1_0.status,
        s1_0.timing,
        s1_0.token 
    from
        students s1_0 
    where
        s1_0.course_id=?
Hibernate: 
    select
        s1_0.id,
        s1_0.batch_id,
        s1_0.course_id,
        s1_0.created_at,
        s1_0.district,
        s1_0.dob,
        s1_0.email,
        s1_0.father_name,
        s1_0.instructor,
        s1_0.joining_date,
        s1_0.last_login,
        s1_0.mobile,
        s1_0.name,
        s1_0.parent_mobile,
        s1_0.password,
        s1_0.qualification,
        s1_0.referral_profession,
        s1_0.referred_by,
        s1_0.reg_number,
        s1_0.start_date,
        s1_0.status,
        s1_0.timing,
        s1_0.token 
    from
        students s1_0 
    where
        s1_0.id=?
Hibernate: 
    select
        u1_0.id,
        u1_0.created_at,
        u1_0.email,
        u1_0.full_name,
        u1_0.last_login,
        u1_0.password,
        u1_0.role_id,
        u1_0.status,
        u1_0.token,
        u1_0.username 
    from
        users u1_0 
    where
        u1_0.token=?
Hibernate: 
    select
        s1_0.id,
        s1_0.batch_id,
        s1_0.course_id,
        s1_0.created_at,
        s1_0.district,
        s1_0.dob,
        s1_0.email,
        s1_0.father_name,
        s1_0.instructor,
        s1_0.joining_date,
        s1_0.last_login,
        s1_0.mobile,
        s1_0.name,
        s1_0.parent_mobile,
        s1_0.password,
        s1_0.qualification,
        s1_0.referral_profession,
        s1_0.referred_by,
        s1_0.reg_number,
        s1_0.start_date,
        s1_0.status,
        s1_0.timing,
        s1_0.token 
    from
        students s1_0 
    where
        s1_0.course_id=?
Hibernate: 
    select
        r1_0.id,
        r1_0.created_at,
        r1_0.role_name 
    from
        roles r1_0 
    where
        r1_0.id=?
Hibernate: 
    select
        r1_0.id,
        r1_0.created_at,
        r1_0.role_name 
    from
        roles r1_0 
    where
        r1_0.id=?
Hibernate: 
    select
        r1_0.id,
        r1_0.created_at,
        r1_0.role_name 
    from
        roles r1_0 
    where
        r1_0.id=?
Hibernate: 
    select
        s1_0.id,
        s1_0.batch_id,
        s1_0.course_id,
        s1_0.created_at,
        s1_0.district,
        s1_0.dob,
        s1_0.email,
        s1_0.father_name,
        s1_0.instructor,
        s1_0.joining_date,
        s1_0.last_login,
        s1_0.mobile,
        s1_0.name,
        s1_0.parent_mobile,
        s1_0.password,
        s1_0.qualification,
        s1_0.referral_profession,
        s1_0.referred_by,
        s1_0.reg_number,
        s1_0.start_date,
        s1_0.status,
        s1_0.timing,
        s1_0.token 
    from
        students s1_0 
    where
        s1_0.id=?
Hibernate: 
    select
        r1_0.id,
        r1_0.created_at,
        r1_0.role_name 
    from
        roles r1_0 
    where
        r1_0.id=?
Hibernate: 
    SELECT
        DATE_FORMAT(joining_date, '%b') as month,
        COUNT(*) as count 
    FROM
        students 
    WHERE
        joining_date >= ? 
    GROUP BY
        DATE_FORMAT(joining_date, '%Y-%m') 
    ORDER BY
        joining_date ASC
Hibernate: 
    select
        e1_0.category,
        sum(e1_0.amount) 
    from
        expenses e1_0 
    group by
        e1_0.category
Hibernate: 
    select
        f1_0.id,
        f1_0.balance_amount,
        f1_0.last_payment_date,
        f1_0.paid_amount,
        f1_0.status,
        f1_0.student_id,
        f1_0.total_amount 
    from
        fees f1_0 
    where
        f1_0.student_id=?
Hibernate: 
    select
        s1_0.id,
        s1_0.batch_id,
        s1_0.course_id,
        s1_0.created_at,
        s1_0.district,
        s1_0.dob,
        s1_0.email,
        s1_0.father_name,
        s1_0.instructor,
        s1_0.joining_date,
        s1_0.last_login,
        s1_0.mobile,
        s1_0.name,
        s1_0.parent_mobile,
        s1_0.password,
        s1_0.qualification,
        s1_0.referral_profession,
        s1_0.referred_by,
        s1_0.reg_number,
        s1_0.start_date,
        s1_0.status,
        s1_0.timing,
        s1_0.token 
    from
        students s1_0 
    where
        s1_0.id=?
Hibernate: 
    select
        al1_0.id,
        al1_0.action,
        al1_0.created_at,
        al1_0.description,
        al1_0.user_id,
        al1_0.user_type 
    from
        activity_log al1_0 
    order by
        al1_0.created_at desc 
    limit
        ?
Hibernate: 
    select
        n1_0.id,
        n1_0.created_at,
        n1_0.is_read,
        n1_0.message,
        n1_0.title,
        n1_0.type,
        n1_0.user_id,
        n1_0.user_type 
    from
        notifications n1_0 
    where
        (
            n1_0.user_id=? 
            or lower(n1_0.user_type)=lower(?) 
            or n1_0.user_type='all'
        ) 
    order by
        n1_0.created_at desc
Hibernate: 
    select
        f1_0.id,
        f1_0.balance_amount,
        f1_0.last_payment_date,
        f1_0.paid_amount,
        f1_0.status,
        f1_0.student_id,
        f1_0.total_amount 
    from
        fees f1_0 
    where
        f1_0.student_id=?
Hibernate: 
    select
        f1_0.id,
        f1_0.balance_amount,
        f1_0.last_payment_date,
        f1_0.paid_amount,
        f1_0.status,
        f1_0.student_id,
        f1_0.total_amount 
    from
        fees f1_0 
    where
        f1_0.student_id=?
Hibernate: 
    select
        u1_0.id,
        u1_0.created_at,
        u1_0.email,
        u1_0.full_name,
        u1_0.last_login,
        u1_0.password,
        u1_0.role_id,
        u1_0.status,
        u1_0.token,
        u1_0.username 
    from
        users u1_0 
    where
        u1_0.token=?
Hibernate: 
    select
        u1_0.id,
        u1_0.created_at,
        u1_0.email,
        u1_0.full_name,
        u1_0.last_login,
        u1_0.password,
        u1_0.role_id,
        u1_0.status,
        u1_0.token,
        u1_0.username 
    from
        users u1_0 
    where
        u1_0.token=?
Hibernate: 
    select
        r1_0.id,
        r1_0.created_at,
        r1_0.role_name 
    from
        roles r1_0 
    where
        r1_0.id=?
Hibernate: 
    select
        s1_0.id,
        s1_0.batch_id,
        s1_0.course_id,
        s1_0.created_at,
        s1_0.district,
        s1_0.dob,
        s1_0.email,
        s1_0.father_name,
        s1_0.instructor,
        s1_0.joining_date,
        s1_0.last_login,
        s1_0.mobile,
        s1_0.name,
        s1_0.parent_mobile,
        s1_0.password,
        s1_0.qualification,
        s1_0.referral_profession,
        s1_0.referred_by,
        s1_0.reg_number,
        s1_0.start_date,
        s1_0.status,
        s1_0.timing,
        s1_0.token 
    from
        students s1_0 
    where
        s1_0.id=?
Hibernate: 
    select
        r1_0.id,
        r1_0.created_at,
        r1_0.role_name 
    from
        roles r1_0 
    where
        r1_0.id=?
Hibernate: 
    select
        is1_0.id,
        is1_0.address,
        is1_0.admin_as_staff,
        is1_0.allow_performance_exams,
        is1_0.appearance_color,
        is1_0.appearance_mode,
        is1_0.course_id_last_number,
        is1_0.course_id_mode,
        is1_0.course_id_prefix,
        is1_0.course_id_start_from,
        is1_0.course_id_suffix,
        is1_0.email,
        is1_0.institute_name,
        is1_0.logo_path,
        is1_0.name,
        is1_0.phone,
        is1_0.reg_last_number,
        is1_0.reg_mode,
        is1_0.reg_prefix,
        is1_0.reg_start_from,
        is1_0.reg_suffix,
        is1_0.registration_id,
        is1_0.staff_id_last_number,
        is1_0.staff_id_mode,
        is1_0.staff_id_prefix,
        is1_0.staff_id_start_from,
        is1_0.staff_id_suffix,
        is1_0.updated_at 
    from
        institute_settings is1_0 
    where
        is1_0.id=?
Hibernate: 
    select
        s1_0.id,
        s1_0.batch_id,
        s1_0.course_id,
        s1_0.created_at,
        s1_0.district,
        s1_0.dob,
        s1_0.email,
        s1_0.father_name,
        s1_0.instructor,
        s1_0.joining_date,
        s1_0.last_login,
        s1_0.mobile,
        s1_0.name,
        s1_0.parent_mobile,
        s1_0.password,
        s1_0.qualification,
        s1_0.referral_profession,
        s1_0.referred_by,
        s1_0.reg_number,
        s1_0.start_date,
        s1_0.status,
        s1_0.timing,
        s1_0.token 
    from
        students s1_0 
    where
        s1_0.id=?
Hibernate: 
    select
        count(*) 
    from
        students s1_0
Hibernate: 
    select
        u1_0.id,
        u1_0.created_at,
        u1_0.email,
        u1_0.full_name,
        u1_0.last_login,
        u1_0.password,
        u1_0.role_id,
        u1_0.status,
        u1_0.token,
        u1_0.username 
    from
        users u1_0 
    where
        u1_0.token=?
Hibernate: 
    select
        s1_0.id,
        s1_0.batch_id,
        s1_0.course_id,
        s1_0.created_at,
        s1_0.district,
        s1_0.dob,
        s1_0.email,
        s1_0.father_name,
        s1_0.instructor,
        s1_0.joining_date,
        s1_0.last_login,
        s1_0.mobile,
        s1_0.name,
        s1_0.parent_mobile,
        s1_0.password,
        s1_0.qualification,
        s1_0.referral_profession,
        s1_0.referred_by,
        s1_0.reg_number,
        s1_0.start_date,
        s1_0.status,
        s1_0.timing,
        s1_0.token 
    from
        students s1_0 
    where
        s1_0.id=?
Hibernate: 
    select
        r1_0.id,
        r1_0.created_at,
        r1_0.role_name 
    from
        roles r1_0 
    where
        r1_0.id=?
Hibernate: 
    select
        count(s1_0.id) 
    from
        students s1_0 
    where
        s1_0.status=?
Hibernate: 
    select
        s1_0.id,
        s1_0.batch_id,
        s1_0.course_id,
        s1_0.created_at,
        s1_0.district,
        s1_0.dob,
        s1_0.email,
        s1_0.father_name,
        s1_0.instructor,
        s1_0.joining_date,
        s1_0.last_login,
        s1_0.mobile,
        s1_0.name,
        s1_0.parent_mobile,
        s1_0.password,
        s1_0.qualification,
        s1_0.referral_profession,
        s1_0.referred_by,
        s1_0.reg_number,
        s1_0.start_date,
        s1_0.status,
        s1_0.timing,
        s1_0.token 
    from
        students s1_0 
    where
        s1_0.id=?
Hibernate: 
    select
        f1_0.id,
        f1_0.balance_amount,
        f1_0.last_payment_date,
        f1_0.paid_amount,
        f1_0.status,
        f1_0.student_id,
        f1_0.total_amount 
    from
        fees f1_0 
    where
        f1_0.student_id=?
Hibernate: 
    select
        count(s1_0.id) 
    from
        students s1_0 
    where
        s1_0.status=?
Hibernate: 
    select
        s1_0.id,
        s1_0.batch_id,
        s1_0.course_id,
        s1_0.created_at,
        s1_0.district,
        s1_0.dob,
        s1_0.email,
        s1_0.father_name,
        s1_0.instructor,
        s1_0.joining_date,
        s1_0.last_login,
        s1_0.mobile,
        s1_0.name,
        s1_0.parent_mobile,
        s1_0.password,
        s1_0.qualification,
        s1_0.referral_profession,
        s1_0.referred_by,
        s1_0.reg_number,
        s1_0.start_date,
        s1_0.status,
        s1_0.timing,
        s1_0.token 
    from
        students s1_0 
    where
        s1_0.id=?
Hibernate: 
    select
        s1_0.id,
        s1_0.batch_id,
        s1_0.course_id,
        s1_0.created_at,
        s1_0.district,
        s1_0.dob,
        s1_0.email,
        s1_0.father_name,
        s1_0.instructor,
        s1_0.joining_date,
        s1_0.last_login,
        s1_0.mobile,
        s1_0.name,
        s1_0.parent_mobile,
        s1_0.password,
        s1_0.qualification,
        s1_0.referral_profession,
        s1_0.referred_by,
        s1_0.reg_number,
        s1_0.start_date,
        s1_0.status,
        s1_0.timing,
        s1_0.token 
    from
        students s1_0 
    where
        s1_0.id=?
Hibernate: 
    select
        u1_0.id,
        u1_0.created_at,
        u1_0.email,
        u1_0.full_name,
        u1_0.last_login,
        u1_0.password,
        r1_0.id,
        r1_0.created_at,
        r1_0.role_name,
        u1_0.role_id,
        u1_0.status,
        u1_0.token,
        u1_0.username 
    from
        users u1_0 
    left join
        roles r1_0 
            on r1_0.id=u1_0.role_id 
    where
        u1_0.id=?
Hibernate: 
    select
        count(*) 
    from
        batches b1_0
Hibernate: 
    select
        s1_0.id,
        s1_0.batch_id,
        s1_0.course_id,
        s1_0.created_at,
        s1_0.district,
        s1_0.dob,
        s1_0.email,
        s1_0.father_name,
        s1_0.instructor,
        s1_0.joining_date,
        s1_0.last_login,
        s1_0.mobile,
        s1_0.name,
        s1_0.parent_mobile,
        s1_0.password,
        s1_0.qualification,
        s1_0.referral_profession,
        s1_0.referred_by,
        s1_0.reg_number,
        s1_0.start_date,
        s1_0.status,
        s1_0.timing,
        s1_0.token 
    from
        students s1_0 
    where
        s1_0.id=?
Hibernate: 
    select
        s1_0.id,
        s1_0.batch_id,
        s1_0.course_id,
        s1_0.created_at,
        s1_0.district,
        s1_0.dob,
        s1_0.email,
        s1_0.father_name,
        s1_0.instructor,
        s1_0.joining_date,
        s1_0.last_login,
        s1_0.mobile,
        s1_0.name,
        s1_0.parent_mobile,
        s1_0.password,
        s1_0.qualification,
        s1_0.referral_profession,
        s1_0.referred_by,
        s1_0.reg_number,
        s1_0.start_date,
        s1_0.status,
        s1_0.timing,
        s1_0.token 
    from
        students s1_0 
    where
        s1_0.id=?
Hibernate: 
    update
        users 
    set
        created_at=?,
        email=?,
        full_name=?,
        last_login=?,
        password=?,
        role_id=?,
        status=?,
        token=?,
        username=? 
    where
        id=?
Hibernate: 
    select
        f1_0.id,
        f1_0.balance_amount,
        f1_0.last_payment_date,
        f1_0.paid_amount,
        f1_0.status,
        f1_0.student_id,
        f1_0.total_amount 
    from
        fees f1_0 
    where
        f1_0.student_id=?
Hibernate: 
    select
        count(*) 
    from
        courses c1_0
Hibernate: 
    select
        f1_0.id,
        f1_0.balance_amount,
        f1_0.last_payment_date,
        f1_0.paid_amount,
        f1_0.status,
        f1_0.student_id,
        f1_0.total_amount 
    from
        fees f1_0 
    where
        f1_0.student_id=?
Hibernate: 
    select
        s1_0.id,
        s1_0.batch_id,
        s1_0.course_id,
        s1_0.created_at,
        s1_0.district,
        s1_0.dob,
        s1_0.email,
        s1_0.father_name,
        s1_0.instructor,
        s1_0.joining_date,
        s1_0.last_login,
        s1_0.mobile,
        s1_0.name,
        s1_0.parent_mobile,
        s1_0.password,
        s1_0.qualification,
        s1_0.referral_profession,
        s1_0.referred_by,
        s1_0.reg_number,
        s1_0.start_date,
        s1_0.status,
        s1_0.timing,
        s1_0.token 
    from
        students s1_0 
    where
        s1_0.id=?
Hibernate: 
    select
        coalesce(sum(f1_0.paid_amount), 0) 
    from
        fees f1_0
Hibernate: 
    select
        f1_0.id,
        f1_0.balance_amount,
        f1_0.last_payment_date,
        f1_0.paid_amount,
        f1_0.status,
        f1_0.student_id,
        f1_0.total_amount 
    from
        fees f1_0 
    where
        f1_0.student_id=?
Hibernate: 
    select
        f1_0.id,
        f1_0.balance_amount,
        f1_0.last_payment_date,
        f1_0.paid_amount,
        f1_0.status,
        f1_0.student_id,
        f1_0.total_amount 
    from
        fees f1_0 
    where
        f1_0.student_id=?
Hibernate: 
    select
        s1_0.id,
        s1_0.batch_id,
        s1_0.course_id,
        s1_0.created_at,
        s1_0.district,
        s1_0.dob,
        s1_0.email,
        s1_0.father_name,
        s1_0.instructor,
        s1_0.joining_date,
        s1_0.last_login,
        s1_0.mobile,
        s1_0.name,
        s1_0.parent_mobile,
        s1_0.password,
        s1_0.qualification,
        s1_0.referral_profession,
        s1_0.referred_by,
        s1_0.reg_number,
        s1_0.start_date,
        s1_0.status,
        s1_0.timing,
        s1_0.token 
    from
        students s1_0 
    where
        s1_0.id=?
Hibernate: 
    select
        f1_0.id,
        f1_0.balance_amount,
        f1_0.last_payment_date,
        f1_0.paid_amount,
        f1_0.status,
        f1_0.student_id,
        f1_0.total_amount 
    from
        fees f1_0 
    where
        f1_0.student_id=?
Hibernate: 
    select
        s1_0.id,
        s1_0.batch_id,
        s1_0.course_id,
        s1_0.created_at,
        s1_0.district,
        s1_0.dob,
        s1_0.email,
        s1_0.father_name,
        s1_0.instructor,
        s1_0.joining_date,
        s1_0.last_login,
        s1_0.mobile,
        s1_0.name,
        s1_0.parent_mobile,
        s1_0.password,
        s1_0.qualification,
        s1_0.referral_profession,
        s1_0.referred_by,
        s1_0.reg_number,
        s1_0.start_date,
        s1_0.status,
        s1_0.timing,
        s1_0.token 
    from
        students s1_0 
    where
        s1_0.id=?
Hibernate: 
    select
        f1_0.id,
        f1_0.balance_amount,
        f1_0.last_payment_date,
        f1_0.paid_amount,
        f1_0.status,
        f1_0.student_id,
        f1_0.total_amount 
    from
        fees f1_0 
    where
        f1_0.student_id=?
Hibernate: 
    select
        f1_0.id,
        f1_0.balance_amount,
        f1_0.last_payment_date,
        f1_0.paid_amount,
        f1_0.status,
        f1_0.student_id,
        f1_0.total_amount 
    from
        fees f1_0 
    where
        f1_0.student_id=?
Hibernate: 
    select
        f1_0.id,
        f1_0.balance_amount,
        f1_0.last_payment_date,
        f1_0.paid_amount,
        f1_0.status,
        f1_0.student_id,
        f1_0.total_amount 
    from
        fees f1_0 
    where
        f1_0.student_id=?
Hibernate: 
    select
        f1_0.id,
        f1_0.balance_amount,
        f1_0.last_payment_date,
        f1_0.paid_amount,
        f1_0.status,
        f1_0.student_id,
        f1_0.total_amount 
    from
        fees f1_0 
    where
        f1_0.student_id=?
Hibernate: 
    select
        f1_0.id,
        f1_0.balance_amount,
        f1_0.last_payment_date,
        f1_0.paid_amount,
        f1_0.status,
        f1_0.student_id,
        f1_0.total_amount 
    from
        fees f1_0 
    where
        f1_0.student_id=?
Hibernate: 
    select
        f1_0.id,
        f1_0.balance_amount,
        f1_0.last_payment_date,
        f1_0.paid_amount,
        f1_0.status,
        f1_0.student_id,
        f1_0.total_amount 
    from
        fees f1_0 
    where
        f1_0.student_id=?
Hibernate: 
    select
        f1_0.id,
        f1_0.balance_amount,
        f1_0.last_payment_date,
        f1_0.paid_amount,
        f1_0.status,
        f1_0.student_id,
        f1_0.total_amount 
    from
        fees f1_0 
    where
        f1_0.student_id=?
Hibernate: 
    select
        s1_0.id,
        s1_0.batch_id,
        s1_0.course_id,
        s1_0.created_at,
        s1_0.district,
        s1_0.dob,
        s1_0.email,
        s1_0.father_name,
        s1_0.instructor,
        s1_0.joining_date,
        s1_0.last_login,
        s1_0.mobile,
        s1_0.name,
        s1_0.parent_mobile,
        s1_0.password,
        s1_0.qualification,
        s1_0.referral_profession,
        s1_0.referred_by,
        s1_0.reg_number,
        s1_0.start_date,
        s1_0.status,
        s1_0.timing,
        s1_0.token 
    from
        students s1_0 
    where
        s1_0.course_id=?
Hibernate: 
    select
        s1_0.id,
        s1_0.batch_id,
        s1_0.course_id,
        s1_0.created_at,
        s1_0.district,
        s1_0.dob,
        s1_0.email,
        s1_0.father_name,
        s1_0.instructor,
        s1_0.joining_date,
        s1_0.last_login,
        s1_0.mobile,
        s1_0.name,
        s1_0.parent_mobile,
        s1_0.password,
        s1_0.qualification,
        s1_0.referral_profession,
        s1_0.referred_by,
        s1_0.reg_number,
        s1_0.start_date,
        s1_0.status,
        s1_0.timing,
        s1_0.token 
    from
        students s1_0 
    where
        s1_0.course_id=?
Hibernate: 
    select
        f1_0.id,
        f1_0.balance_amount,
        f1_0.last_payment_date,
        f1_0.paid_amount,
        f1_0.status,
        f1_0.student_id,
        f1_0.total_amount 
    from
        fees f1_0 
    where
        f1_0.student_id=?
Hibernate: 
    select
        f1_0.id,
        f1_0.balance_amount,
        f1_0.last_payment_date,
        f1_0.paid_amount,
        f1_0.status,
        f1_0.student_id,
        f1_0.total_amount 
    from
        fees f1_0 
    where
        f1_0.student_id=?
Hibernate: 
    select
        s1_0.id,
        s1_0.batch_id,
        s1_0.course_id,
        s1_0.created_at,
        s1_0.district,
        s1_0.dob,
        s1_0.email,
        s1_0.father_name,
        s1_0.instructor,
        s1_0.joining_date,
        s1_0.last_login,
        s1_0.mobile,
        s1_0.name,
        s1_0.parent_mobile,
        s1_0.password,
        s1_0.qualification,
        s1_0.referral_profession,
        s1_0.referred_by,
        s1_0.reg_number,
        s1_0.start_date,
        s1_0.status,
        s1_0.timing,
        s1_0.token 
    from
        students s1_0 
    where
        s1_0.course_id=?
Hibernate: 
    select
        s1_0.id,
        s1_0.batch_id,
        s1_0.course_id,
        s1_0.created_at,
        s1_0.district,
        s1_0.dob,
        s1_0.email,
        s1_0.father_name,
        s1_0.instructor,
        s1_0.joining_date,
        s1_0.last_login,
        s1_0.mobile,
        s1_0.name,
        s1_0.parent_mobile,
        s1_0.password,
        s1_0.qualification,
        s1_0.referral_profession,
        s1_0.referred_by,
        s1_0.reg_number,
        s1_0.start_date,
        s1_0.status,
        s1_0.timing,
        s1_0.token 
    from
        students s1_0 
    where
        s1_0.course_id=?
Hibernate: 
    select
        f1_0.id,
        f1_0.balance_amount,
        f1_0.last_payment_date,
        f1_0.paid_amount,
        f1_0.status,
        f1_0.student_id,
        f1_0.total_amount 
    from
        fees f1_0 
    where
        f1_0.student_id=?
Hibernate: 
    select
        f1_0.id,
        f1_0.balance_amount,
        f1_0.last_payment_date,
        f1_0.paid_amount,
        f1_0.status,
        f1_0.student_id,
        f1_0.total_amount 
    from
        fees f1_0 
    where
        f1_0.student_id=?
Hibernate: 
    select
        s1_0.id,
        s1_0.batch_id,
        s1_0.course_id,
        s1_0.created_at,
        s1_0.district,
        s1_0.dob,
        s1_0.email,
        s1_0.father_name,
        s1_0.instructor,
        s1_0.joining_date,
        s1_0.last_login,
        s1_0.mobile,
        s1_0.name,
        s1_0.parent_mobile,
        s1_0.password,
        s1_0.qualification,
        s1_0.referral_profession,
        s1_0.referred_by,
        s1_0.reg_number,
        s1_0.start_date,
        s1_0.status,
        s1_0.timing,
        s1_0.token 
    from
        students s1_0 
    where
        s1_0.course_id=?
Hibernate: 
    select
        s1_0.id,
        s1_0.batch_id,
        s1_0.course_id,
        s1_0.created_at,
        s1_0.district,
        s1_0.dob,
        s1_0.email,
        s1_0.father_name,
        s1_0.instructor,
        s1_0.joining_date,
        s1_0.last_login,
        s1_0.mobile,
        s1_0.name,
        s1_0.parent_mobile,
        s1_0.password,
        s1_0.qualification,
        s1_0.referral_profession,
        s1_0.referred_by,
        s1_0.reg_number,
        s1_0.start_date,
        s1_0.status,
        s1_0.timing,
        s1_0.token 
    from
        students s1_0 
    where
        s1_0.course_id=?
Hibernate: 
    select
        u1_0.id,
        u1_0.created_at,
        u1_0.email,
        u1_0.full_name,
        u1_0.last_login,
        u1_0.password,
        u1_0.role_id,
        u1_0.status,
        u1_0.token,
        u1_0.username 
    from
        users u1_0 
    where
        u1_0.username=?
Hibernate: 
    select
        r1_0.id,
        r1_0.created_at,
        r1_0.role_name 
    from
        roles r1_0 
    where
        r1_0.id=?
Hibernate: 
    update
        users 
    set
        created_at=?,
        email=?,
        full_name=?,
        last_login=?,
        password=?,
        role_id=?,
        status=?,
        token=?,
        username=? 
    where
        id=?
Hibernate: 
    select
        u1_0.id,
        u1_0.created_at,
        u1_0.email,
        u1_0.full_name,
        u1_0.last_login,
        u1_0.password,
        u1_0.role_id,
        u1_0.status,
        u1_0.token,
        u1_0.username 
    from
        users u1_0 
    where
        u1_0.token=?
Hibernate: 
    select
        r1_0.id,
        r1_0.created_at,
        r1_0.role_name 
    from
        roles r1_0 
    where
        r1_0.id=?
Hibernate: 
    select
        u1_0.id,
        u1_0.created_at,
        u1_0.email,
        u1_0.full_name,
        u1_0.last_login,
        u1_0.password,
        u1_0.role_id,
        u1_0.status,
        u1_0.token,
        u1_0.username 
    from
        users u1_0 
    where
        u1_0.username=?
Hibernate: 
    select
        r1_0.id,
        r1_0.created_at,
        r1_0.role_name 
    from
        roles r1_0 
    where
        r1_0.id=?
Hibernate: 
    update
        users 
    set
        created_at=?,
        email=?,
        full_name=?,
        last_login=?,
        password=?,
        role_id=?,
        status=?,
        token=?,
        username=? 
    where
        id=?
Hibernate: 
    select
        u1_0.id,
        u1_0.created_at,
        u1_0.email,
        u1_0.full_name,
        u1_0.last_login,
        u1_0.password,
        u1_0.role_id,
        u1_0.status,
        u1_0.token,
        u1_0.username 
    from
        users u1_0 
    where
        u1_0.token=?
Hibernate: 
    select
        u1_0.id,
        u1_0.created_at,
        u1_0.email,
        u1_0.full_name,
        u1_0.last_login,
        u1_0.password,
        u1_0.role_id,
        u1_0.status,
        u1_0.token,
        u1_0.username 
    from
        users u1_0 
    where
        u1_0.token=?
Hibernate: 
    select
        u1_0.id,
        u1_0.created_at,
        u1_0.email,
        u1_0.full_name,
        u1_0.last_login,
        u1_0.password,
        u1_0.role_id,
        u1_0.status,
        u1_0.token,
        u1_0.username 
    from
        users u1_0 
    where
        u1_0.token=?
Hibernate: 
    select
        u1_0.id,
        u1_0.created_at,
        u1_0.email,
        u1_0.full_name,
        u1_0.last_login,
        u1_0.password,
        u1_0.role_id,
        u1_0.status,
        u1_0.token,
        u1_0.username 
    from
        users u1_0 
    where
        u1_0.token=?
Hibernate: 
    select
        u1_0.id,
        u1_0.created_at,
        u1_0.email,
        u1_0.full_name,
        u1_0.last_login,
        u1_0.password,
        u1_0.role_id,
        u1_0.status,
        u1_0.token,
        u1_0.username 
    from
        users u1_0 
    where
        u1_0.token=?
Hibernate: 
    select
        r1_0.id,
        r1_0.created_at,
        r1_0.role_name 
    from
        roles r1_0 
    where
        r1_0.id=?
Hibernate: 
    select
        u1_0.id,
        u1_0.created_at,
        u1_0.email,
        u1_0.full_name,
        u1_0.last_login,
        u1_0.password,
        u1_0.role_id,
        u1_0.status,
        u1_0.token,
        u1_0.username 
    from
        users u1_0 
    where
        u1_0.token=?
Hibernate: 
    select
        r1_0.id,
        r1_0.created_at,
        r1_0.role_name 
    from
        roles r1_0 
    where
        r1_0.id=?
Hibernate: 
    select
        r1_0.id,
        r1_0.created_at,
        r1_0.role_name 
    from
        roles r1_0 
    where
        r1_0.id=?
Hibernate: 
    select
        al1_0.id,
        al1_0.action,
        al1_0.created_at,
        al1_0.description,
        al1_0.user_id,
        al1_0.user_type 
    from
        activity_log al1_0 
    order by
        al1_0.created_at desc 
    limit
        ?
Hibernate: 
    SELECT
        DATE_FORMAT(joining_date, '%b') as month,
        COUNT(*) as count 
    FROM
        students 
    WHERE
        joining_date >= ? 
    GROUP BY
        DATE_FORMAT(joining_date, '%Y-%m') 
    ORDER BY
        joining_date ASC
Hibernate: 
    select
        u1_0.id,
        u1_0.created_at,
        u1_0.email,
        u1_0.full_name,
        u1_0.last_login,
        u1_0.password,
        u1_0.role_id,
        u1_0.status,
        u1_0.token,
        u1_0.username 
    from
        users u1_0 
    where
        u1_0.token=?
Hibernate: 
    select
        r1_0.id,
        r1_0.created_at,
        r1_0.role_name 
    from
        roles r1_0 
    where
        r1_0.id=?
Hibernate: 
    select
        r1_0.id,
        r1_0.created_at,
        r1_0.role_name 
    from
        roles r1_0 
    where
        r1_0.id=?
Hibernate: 
    select
        r1_0.id,
        r1_0.created_at,
        r1_0.role_name 
    from
        roles r1_0 
    where
        r1_0.id=?
Hibernate: 
    select
        e1_0.category,
        sum(e1_0.amount) 
    from
        expenses e1_0 
    group by
        e1_0.category
Hibernate: 
    select
        c1_0.id,
        c1_0.category,
        c1_0.course_id,
        c1_0.created_at,
        c1_0.description,
        c1_0.duration,
        c1_0.fees,
        c1_0.image_path,
        c1_0.name,
        c1_0.status,
        c1_0.syllabus_path 
    from
        courses c1_0
Hibernate: 
    select
        is1_0.id,
        is1_0.address,
        is1_0.admin_as_staff,
        is1_0.allow_performance_exams,
        is1_0.appearance_color,
        is1_0.appearance_mode,
        is1_0.course_id_last_number,
        is1_0.course_id_mode,
        is1_0.course_id_prefix,
        is1_0.course_id_start_from,
        is1_0.course_id_suffix,
        is1_0.email,
        is1_0.institute_name,
        is1_0.logo_path,
        is1_0.name,
        is1_0.phone,
        is1_0.reg_last_number,
        is1_0.reg_mode,
        is1_0.reg_prefix,
        is1_0.reg_start_from,
        is1_0.reg_suffix,
        is1_0.registration_id,
        is1_0.staff_id_last_number,
        is1_0.staff_id_mode,
        is1_0.staff_id_prefix,
        is1_0.staff_id_start_from,
        is1_0.staff_id_suffix,
        is1_0.updated_at 
    from
        institute_settings is1_0 
    where
        is1_0.id=?
Hibernate: 
    select
        u1_0.id,
        u1_0.created_at,
        u1_0.email,
        u1_0.full_name,
        u1_0.last_login,
        u1_0.password,
        u1_0.role_id,
        u1_0.status,
        u1_0.token,
        u1_0.username 
    from
        users u1_0 
    where
        u1_0.token=?
Hibernate: 
    select
        r1_0.id,
        r1_0.created_at,
        r1_0.role_name 
    from
        roles r1_0 
    where
        r1_0.id=?
Hibernate: 
    select
        n1_0.id,
        n1_0.created_at,
        n1_0.is_read,
        n1_0.message,
        n1_0.title,
        n1_0.type,
        n1_0.user_id,
        n1_0.user_type 
    from
        notifications n1_0 
    where
        (
            n1_0.user_id=? 
            or lower(n1_0.user_type)=lower(?) 
            or n1_0.user_type='all'
        ) 
    order by
        n1_0.created_at desc
Hibernate: 
    select
        count(*) 
    from
        students s1_0
Hibernate: 
    select
        s1_0.id,
        s1_0.batch_id,
        s1_0.course_id,
        s1_0.created_at,
        s1_0.district,
        s1_0.dob,
        s1_0.email,
        s1_0.father_name,
        s1_0.instructor,
        s1_0.joining_date,
        s1_0.last_login,
        s1_0.mobile,
        s1_0.name,
        s1_0.parent_mobile,
        s1_0.password,
        s1_0.qualification,
        s1_0.referral_profession,
        s1_0.referred_by,
        s1_0.reg_number,
        s1_0.start_date,
        s1_0.status,
        s1_0.timing,
        s1_0.token 
    from
        students s1_0 
    where
        s1_0.course_id=?
Hibernate: 
    select
        r1_0.id,
        r1_0.created_at,
        r1_0.role_name 
    from
        roles r1_0 
    where
        r1_0.id=?
Hibernate: 
    select
        count(s1_0.id) 
    from
        students s1_0 
    where
        s1_0.status=?
Hibernate: 
    select
        s1_0.id,
        s1_0.batch_id,
        s1_0.course_id,
        s1_0.created_at,
        s1_0.district,
        s1_0.dob,
        s1_0.email,
        s1_0.father_name,
        s1_0.instructor,
        s1_0.joining_date,
        s1_0.last_login,
        s1_0.mobile,
        s1_0.name,
        s1_0.parent_mobile,
        s1_0.password,
        s1_0.qualification,
        s1_0.referral_profession,
        s1_0.referred_by,
        s1_0.reg_number,
        s1_0.start_date,
        s1_0.status,
        s1_0.timing,
        s1_0.token 
    from
        students s1_0 
    where
        s1_0.course_id=?
Hibernate: 
    select
        f1_0.id,
        f1_0.balance_amount,
        f1_0.last_payment_date,
        f1_0.paid_amount,
        f1_0.status,
        f1_0.student_id,
        f1_0.total_amount 
    from
        fees f1_0 
    where
        f1_0.student_id=?
Hibernate: 
    select
        f1_0.id,
        f1_0.balance_amount,
        f1_0.last_payment_date,
        f1_0.paid_amount,
        f1_0.status,
        f1_0.student_id,
        f1_0.total_amount 
    from
        fees f1_0
Hibernate: 
    select
        count(s1_0.id) 
    from
        students s1_0 
    where
        s1_0.status=?
Hibernate: 
    select
        s1_0.id,
        s1_0.batch_id,
        s1_0.course_id,
        s1_0.created_at,
        s1_0.district,
        s1_0.dob,
        s1_0.email,
        s1_0.father_name,
        s1_0.instructor,
        s1_0.joining_date,
        s1_0.last_login,
        s1_0.mobile,
        s1_0.name,
        s1_0.parent_mobile,
        s1_0.password,
        s1_0.qualification,
        s1_0.referral_profession,
        s1_0.referred_by,
        s1_0.reg_number,
        s1_0.start_date,
        s1_0.status,
        s1_0.timing,
        s1_0.token 
    from
        students s1_0 
    where
        s1_0.id=?
Hibernate: 
    select
        f1_0.id,
        f1_0.balance_amount,
        f1_0.last_payment_date,
        f1_0.paid_amount,
        f1_0.status,
        f1_0.student_id,
        f1_0.total_amount 
    from
        fees f1_0 
    where
        f1_0.student_id=?
Hibernate: 
    select
        s1_0.id,
        s1_0.batch_id,
        s1_0.course_id,
        s1_0.created_at,
        s1_0.district,
        s1_0.dob,
        s1_0.email,
        s1_0.father_name,
        s1_0.instructor,
        s1_0.joining_date,
        s1_0.last_login,
        s1_0.mobile,
        s1_0.name,
        s1_0.parent_mobile,
        s1_0.password,
        s1_0.qualification,
        s1_0.referral_profession,
        s1_0.referred_by,
        s1_0.reg_number,
        s1_0.start_date,
        s1_0.status,
        s1_0.timing,
        s1_0.token 
    from
        students s1_0 
    where
        s1_0.id=?
Hibernate: 
    select
        f1_0.id,
        f1_0.balance_amount,
        f1_0.last_payment_date,
        f1_0.paid_amount,
        f1_0.status,
        f1_0.student_id,
        f1_0.total_amount 
    from
        fees f1_0 
    where
        f1_0.student_id=?
Hibernate: 
    select
        count(*) 
    from
        batches b1_0
Hibernate: 
    select
        f1_0.id,
        f1_0.balance_amount,
        f1_0.last_payment_date,
        f1_0.paid_amount,
        f1_0.status,
        f1_0.student_id,
        f1_0.total_amount 
    from
        fees f1_0 
    where
        f1_0.student_id=?
Hibernate: 
    select
        s1_0.id,
        s1_0.batch_id,
        s1_0.course_id,
        s1_0.created_at,
        s1_0.district,
        s1_0.dob,
        s1_0.email,
        s1_0.father_name,
        s1_0.instructor,
        s1_0.joining_date,
        s1_0.last_login,
        s1_0.mobile,
        s1_0.name,
        s1_0.parent_mobile,
        s1_0.password,
        s1_0.qualification,
        s1_0.referral_profession,
        s1_0.referred_by,
        s1_0.reg_number,
        s1_0.start_date,
        s1_0.status,
        s1_0.timing,
        s1_0.token 
    from
        students s1_0 
    where
        s1_0.id=?
Hibernate: 
    select
        f1_0.id,
        f1_0.balance_amount,
        f1_0.last_payment_date,
        f1_0.paid_amount,
        f1_0.status,
        f1_0.student_id,
        f1_0.total_amount 
    from
        fees f1_0 
    where
        f1_0.student_id=?
Hibernate: 
    select
        f1_0.id,
        f1_0.balance_amount,
        f1_0.last_payment_date,
        f1_0.paid_amount,
        f1_0.status,
        f1_0.student_id,
        f1_0.total_amount 
    from
        fees f1_0 
    where
        f1_0.student_id=?
Hibernate: 
    select
        count(*) 
    from
        courses c1_0
Hibernate: 
    select
        s1_0.id,
        s1_0.batch_id,
        s1_0.course_id,
        s1_0.created_at,
        s1_0.district,
        s1_0.dob,
        s1_0.email,
        s1_0.father_name,
        s1_0.instructor,
        s1_0.joining_date,
        s1_0.last_login,
        s1_0.mobile,
        s1_0.name,
        s1_0.parent_mobile,
        s1_0.password,
        s1_0.qualification,
        s1_0.referral_profession,
        s1_0.referred_by,
        s1_0.reg_number,
        s1_0.start_date,
        s1_0.status,
        s1_0.timing,
        s1_0.token 
    from
        students s1_0 
    where
        s1_0.id=?
Hibernate: 
    select
        f1_0.id,
        f1_0.balance_amount,
        f1_0.last_payment_date,
        f1_0.paid_amount,
        f1_0.status,
        f1_0.student_id,
        f1_0.total_amount 
    from
        fees f1_0 
    where
        f1_0.student_id=?
Hibernate: 
    select
        f1_0.id,
        f1_0.balance_amount,
        f1_0.last_payment_date,
        f1_0.paid_amount,
        f1_0.status,
        f1_0.student_id,
        f1_0.total_amount 
    from
        fees f1_0 
    where
        f1_0.student_id=?
Hibernate: 
    select
        s1_0.id,
        s1_0.batch_id,
        s1_0.course_id,
        s1_0.created_at,
        s1_0.district,
        s1_0.dob,
        s1_0.email,
        s1_0.father_name,
        s1_0.instructor,
        s1_0.joining_date,
        s1_0.last_login,
        s1_0.mobile,
        s1_0.name,
        s1_0.parent_mobile,
        s1_0.password,
        s1_0.qualification,
        s1_0.referral_profession,
        s1_0.referred_by,
        s1_0.reg_number,
        s1_0.start_date,
        s1_0.status,
        s1_0.timing,
        s1_0.token 
    from
        students s1_0 
    where
        s1_0.id=?
Hibernate: 
    select
        s1_0.id,
        s1_0.batch_id,
        s1_0.course_id,
        s1_0.created_at,
        s1_0.district,
        s1_0.dob,
        s1_0.email,
        s1_0.father_name,
        s1_0.instructor,
        s1_0.joining_date,
        s1_0.last_login,
        s1_0.mobile,
        s1_0.name,
        s1_0.parent_mobile,
        s1_0.password,
        s1_0.qualification,
        s1_0.referral_profession,
        s1_0.referred_by,
        s1_0.reg_number,
        s1_0.start_date,
        s1_0.status,
        s1_0.timing,
        s1_0.token 
    from
        students s1_0 
    where
        s1_0.id=?
Hibernate: 
    select
        coalesce(sum(f1_0.paid_amount), 0) 
    from
        fees f1_0
Hibernate: 
    select
        s1_0.id,
        s1_0.batch_id,
        s1_0.course_id,
        s1_0.created_at,
        s1_0.district,
        s1_0.dob,
        s1_0.email,
        s1_0.father_name,
        s1_0.instructor,
        s1_0.joining_date,
        s1_0.last_login,
        s1_0.mobile,
        s1_0.name,
        s1_0.parent_mobile,
        s1_0.password,
        s1_0.qualification,
        s1_0.referral_profession,
        s1_0.referred_by,
        s1_0.reg_number,
        s1_0.start_date,
        s1_0.status,
        s1_0.timing,
        s1_0.token 
    from
        students s1_0 
    where
        s1_0.id=?
Hibernate: 
    select
        s1_0.id,
        s1_0.batch_id,
        s1_0.course_id,
        s1_0.created_at,
        s1_0.district,
        s1_0.dob,
        s1_0.email,
        s1_0.father_name,
        s1_0.instructor,
        s1_0.joining_date,
        s1_0.last_login,
        s1_0.mobile,
        s1_0.name,
        s1_0.parent_mobile,
        s1_0.password,
        s1_0.qualification,
        s1_0.referral_profession,
        s1_0.referred_by,
        s1_0.reg_number,
        s1_0.start_date,
        s1_0.status,
        s1_0.timing,
        s1_0.token 
    from
        students s1_0 
    where
        s1_0.id=?
Hibernate: 
    select
        s1_0.id,
        s1_0.batch_id,
        s1_0.course_id,
        s1_0.created_at,
        s1_0.district,
        s1_0.dob,
        s1_0.email,
        s1_0.father_name,
        s1_0.instructor,
        s1_0.joining_date,
        s1_0.last_login,
        s1_0.mobile,
        s1_0.name,
        s1_0.parent_mobile,
        s1_0.password,
        s1_0.qualification,
        s1_0.referral_profession,
        s1_0.referred_by,
        s1_0.reg_number,
        s1_0.start_date,
        s1_0.status,
        s1_0.timing,
        s1_0.token 
    from
        students s1_0 
    where
        s1_0.id=?
Hibernate: 
    select
        f1_0.id,
        f1_0.balance_amount,
        f1_0.last_payment_date,
        f1_0.paid_amount,
        f1_0.status,
        f1_0.student_id,
        f1_0.total_amount 
    from
        fees f1_0 
    where
        f1_0.student_id=?
Hibernate: 
    select
        s1_0.id,
        s1_0.batch_id,
        s1_0.course_id,
        s1_0.created_at,
        s1_0.district,
        s1_0.dob,
        s1_0.email,
        s1_0.father_name,
        s1_0.instructor,
        s1_0.joining_date,
        s1_0.last_login,
        s1_0.mobile,
        s1_0.name,
        s1_0.parent_mobile,
        s1_0.password,
        s1_0.qualification,
        s1_0.referral_profession,
        s1_0.referred_by,
        s1_0.reg_number,
        s1_0.start_date,
        s1_0.status,
        s1_0.timing,
        s1_0.token 
    from
        students s1_0 
    where
        s1_0.id=?
Hibernate: 
    select
        f1_0.id,
        f1_0.balance_amount,
        f1_0.last_payment_date,
        f1_0.paid_amount,
        f1_0.status,
        f1_0.student_id,
        f1_0.total_amount 
    from
        fees f1_0 
    where
        f1_0.student_id=?
Hibernate: 
    select
        f1_0.id,
        f1_0.balance_amount,
        f1_0.last_payment_date,
        f1_0.paid_amount,
        f1_0.status,
        f1_0.student_id,
        f1_0.total_amount 
    from
        fees f1_0 
    where
        f1_0.student_id=?
Hibernate: 
    select
        f1_0.id,
        f1_0.balance_amount,
        f1_0.last_payment_date,
        f1_0.paid_amount,
        f1_0.status,
        f1_0.student_id,
        f1_0.total_amount 
    from
        fees f1_0 
    where
        f1_0.student_id=?
Hibernate: 
    select
        s1_0.id,
        s1_0.batch_id,
        s1_0.course_id,
        s1_0.created_at,
        s1_0.district,
        s1_0.dob,
        s1_0.email,
        s1_0.father_name,
        s1_0.instructor,
        s1_0.joining_date,
        s1_0.last_login,
        s1_0.mobile,
        s1_0.name,
        s1_0.parent_mobile,
        s1_0.password,
        s1_0.qualification,
        s1_0.referral_profession,
        s1_0.referred_by,
        s1_0.reg_number,
        s1_0.start_date,
        s1_0.status,
        s1_0.timing,
        s1_0.token 
    from
        students s1_0 
    where
        s1_0.id=?
Hibernate: 
    select
        f1_0.id,
        f1_0.balance_amount,
        f1_0.last_payment_date,
        f1_0.paid_amount,
        f1_0.status,
        f1_0.student_id,
        f1_0.total_amount 
    from
        fees f1_0 
    where
        f1_0.student_id=?
Hibernate: 
    select
        f1_0.id,
        f1_0.balance_amount,
        f1_0.last_payment_date,
        f1_0.paid_amount,
        f1_0.status,
        f1_0.student_id,
        f1_0.total_amount 
    from
        fees f1_0 
    where
        f1_0.student_id=?
Hibernate: 
    select
        s1_0.id,
        s1_0.batch_id,
        s1_0.course_id,
        s1_0.created_at,
        s1_0.district,
        s1_0.dob,
        s1_0.email,
        s1_0.father_name,
        s1_0.instructor,
        s1_0.joining_date,
        s1_0.last_login,
        s1_0.mobile,
        s1_0.name,
        s1_0.parent_mobile,
        s1_0.password,
        s1_0.qualification,
        s1_0.referral_profession,
        s1_0.referred_by,
        s1_0.reg_number,
        s1_0.start_date,
        s1_0.status,
        s1_0.timing,
        s1_0.token 
    from
        students s1_0 
    where
        s1_0.id=?
Hibernate: 
    select
        f1_0.id,
        f1_0.balance_amount,
        f1_0.last_payment_date,
        f1_0.paid_amount,
        f1_0.status,
        f1_0.student_id,
        f1_0.total_amount 
    from
        fees f1_0 
    where
        f1_0.student_id=?
Hibernate: 
    select
        f1_0.id,
        f1_0.balance_amount,
        f1_0.last_payment_date,
        f1_0.paid_amount,
        f1_0.status,
        f1_0.student_id,
        f1_0.total_amount 
    from
        fees f1_0 
    where
        f1_0.student_id=?
Hibernate: 
    select
        s1_0.id,
        s1_0.batch_id,
        s1_0.course_id,
        s1_0.created_at,
        s1_0.district,
        s1_0.dob,
        s1_0.email,
        s1_0.father_name,
        s1_0.instructor,
        s1_0.joining_date,
        s1_0.last_login,
        s1_0.mobile,
        s1_0.name,
        s1_0.parent_mobile,
        s1_0.password,
        s1_0.qualification,
        s1_0.referral_profession,
        s1_0.referred_by,
        s1_0.reg_number,
        s1_0.start_date,
        s1_0.status,
        s1_0.timing,
        s1_0.token 
    from
        students s1_0 
    where
        s1_0.id=?
Hibernate: 
    select
        s1_0.id,
        s1_0.batch_id,
        s1_0.course_id,
        s1_0.created_at,
        s1_0.district,
        s1_0.dob,
        s1_0.email,
        s1_0.father_name,
        s1_0.instructor,
        s1_0.joining_date,
        s1_0.last_login,
        s1_0.mobile,
        s1_0.name,
        s1_0.parent_mobile,
        s1_0.password,
        s1_0.qualification,
        s1_0.referral_profession,
        s1_0.referred_by,
        s1_0.reg_number,
        s1_0.start_date,
        s1_0.status,
        s1_0.timing,
        s1_0.token 
    from
        students s1_0 
    where
        s1_0.course_id=?
Hibernate: 
    select
        s1_0.id,
        s1_0.batch_id,
        s1_0.course_id,
        s1_0.created_at,
        s1_0.district,
        s1_0.dob,
        s1_0.email,
        s1_0.father_name,
        s1_0.instructor,
        s1_0.joining_date,
        s1_0.last_login,
        s1_0.mobile,
        s1_0.name,
        s1_0.parent_mobile,
        s1_0.password,
        s1_0.qualification,
        s1_0.referral_profession,
        s1_0.referred_by,
        s1_0.reg_number,
        s1_0.start_date,
        s1_0.status,
        s1_0.timing,
        s1_0.token 
    from
        students s1_0 
    where
        s1_0.course_id=?
Hibernate: 
    select
        f1_0.id,
        f1_0.balance_amount,
        f1_0.last_payment_date,
        f1_0.paid_amount,
        f1_0.status,
        f1_0.student_id,
        f1_0.total_amount 
    from
        fees f1_0 
    where
        f1_0.student_id=?
Hibernate: 
    select
        s1_0.id,
        s1_0.batch_id,
        s1_0.course_id,
        s1_0.created_at,
        s1_0.district,
        s1_0.dob,
        s1_0.email,
        s1_0.father_name,
        s1_0.instructor,
        s1_0.joining_date,
        s1_0.last_login,
        s1_0.mobile,
        s1_0.name,
        s1_0.parent_mobile,
        s1_0.password,
        s1_0.qualification,
        s1_0.referral_profession,
        s1_0.referred_by,
        s1_0.reg_number,
        s1_0.start_date,
        s1_0.status,
        s1_0.timing,
        s1_0.token 
    from
        students s1_0 
    where
        s1_0.id=?
Hibernate: 
    select
        f1_0.id,
        f1_0.balance_amount,
        f1_0.last_payment_date,
        f1_0.paid_amount,
        f1_0.status,
        f1_0.student_id,
        f1_0.total_amount 
    from
        fees f1_0 
    where
        f1_0.student_id=?
Hibernate: 
    select
        s1_0.id,
        s1_0.batch_id,
        s1_0.course_id,
        s1_0.created_at,
        s1_0.district,
        s1_0.dob,
        s1_0.email,
        s1_0.father_name,
        s1_0.instructor,
        s1_0.joining_date,
        s1_0.last_login,
        s1_0.mobile,
        s1_0.name,
        s1_0.parent_mobile,
        s1_0.password,
        s1_0.qualification,
        s1_0.referral_profession,
        s1_0.referred_by,
        s1_0.reg_number,
        s1_0.start_date,
        s1_0.status,
        s1_0.timing,
        s1_0.token 
    from
        students s1_0 
    where
        s1_0.course_id=?
Hibernate: 
    select
        s1_0.id,
        s1_0.batch_id,
        s1_0.course_id,
        s1_0.created_at,
        s1_0.district,
        s1_0.dob,
        s1_0.email,
        s1_0.father_name,
        s1_0.instructor,
        s1_0.joining_date,
        s1_0.last_login,
        s1_0.mobile,
        s1_0.name,
        s1_0.parent_mobile,
        s1_0.password,
        s1_0.qualification,
        s1_0.referral_profession,
        s1_0.referred_by,
        s1_0.reg_number,
        s1_0.start_date,
        s1_0.status,
        s1_0.timing,
        s1_0.token 
    from
        students s1_0 
    where
        s1_0.course_id=?
Hibernate: 
    select
        f1_0.id,
        f1_0.balance_amount,
        f1_0.last_payment_date,
        f1_0.paid_amount,
        f1_0.status,
        f1_0.student_id,
        f1_0.total_amount 
    from
        fees f1_0 
    where
        f1_0.student_id=?
Hibernate: 
    select
        f1_0.id,
        f1_0.balance_amount,
        f1_0.last_payment_date,
        f1_0.paid_amount,
        f1_0.status,
        f1_0.student_id,
        f1_0.total_amount 
    from
        fees f1_0 
    where
        f1_0.student_id=?
Hibernate: 
    select
        s1_0.id,
        s1_0.batch_id,
        s1_0.course_id,
        s1_0.created_at,
        s1_0.district,
        s1_0.dob,
        s1_0.email,
        s1_0.father_name,
        s1_0.instructor,
        s1_0.joining_date,
        s1_0.last_login,
        s1_0.mobile,
        s1_0.name,
        s1_0.parent_mobile,
        s1_0.password,
        s1_0.qualification,
        s1_0.referral_profession,
        s1_0.referred_by,
        s1_0.reg_number,
        s1_0.start_date,
        s1_0.status,
        s1_0.timing,
        s1_0.token 
    from
        students s1_0 
    where
        s1_0.course_id=?
Hibernate: 
    select
        s1_0.id,
        s1_0.batch_id,
        s1_0.course_id,
        s1_0.created_at,
        s1_0.district,
        s1_0.dob,
        s1_0.email,
        s1_0.father_name,
        s1_0.instructor,
        s1_0.joining_date,
        s1_0.last_login,
        s1_0.mobile,
        s1_0.name,
        s1_0.parent_mobile,
        s1_0.password,
        s1_0.qualification,
        s1_0.referral_profession,
        s1_0.referred_by,
        s1_0.reg_number,
        s1_0.start_date,
        s1_0.status,
        s1_0.timing,
        s1_0.token 
    from
        students s1_0 
    where
        s1_0.course_id=?
Hibernate: 
    select
        u1_0.id,
        u1_0.created_at,
        u1_0.email,
        u1_0.full_name,
        u1_0.last_login,
        u1_0.password,
        u1_0.role_id,
        u1_0.status,
        u1_0.token,
        u1_0.username 
    from
        users u1_0 
    where
        u1_0.token=?
Hibernate: 
    select
        u1_0.id,
        u1_0.created_at,
        u1_0.email,
        u1_0.full_name,
        u1_0.last_login,
        u1_0.password,
        u1_0.role_id,
        u1_0.status,
        u1_0.token,
        u1_0.username 
    from
        users u1_0 
    where
        u1_0.token=?
Hibernate: 
    select
        u1_0.id,
        u1_0.created_at,
        u1_0.email,
        u1_0.full_name,
        u1_0.last_login,
        u1_0.password,
        u1_0.role_id,
        u1_0.status,
        u1_0.token,
        u1_0.username 
    from
        users u1_0 
    where
        u1_0.token=?
Hibernate: 
    select
        u1_0.id,
        u1_0.created_at,
        u1_0.email,
        u1_0.full_name,
        u1_0.last_login,
        u1_0.password,
        u1_0.role_id,
        u1_0.status,
        u1_0.token,
        u1_0.username 
    from
        users u1_0 
    where
        u1_0.token=?
Hibernate: 
    select
        r1_0.id,
        r1_0.created_at,
        r1_0.role_name 
    from
        roles r1_0 
    where
        r1_0.id=?
Hibernate: 
    select
        u1_0.id,
        u1_0.created_at,
        u1_0.email,
        u1_0.full_name,
        u1_0.last_login,
        u1_0.password,
        u1_0.role_id,
        u1_0.status,
        u1_0.token,
        u1_0.username 
    from
        users u1_0 
    where
        u1_0.token=?
Hibernate: 
    select
        r1_0.id,
        r1_0.created_at,
        r1_0.role_name 
    from
        roles r1_0 
    where
        r1_0.id=?
Hibernate: 
    select
        r1_0.id,
        r1_0.created_at,
        r1_0.role_name 
    from
        roles r1_0 
    where
        r1_0.id=?
Hibernate: 
    select
        r1_0.id,
        r1_0.created_at,
        r1_0.role_name 
    from
        roles r1_0 
    where
        r1_0.id=?
Hibernate: 
    select
        c1_0.id,
        c1_0.category,
        c1_0.course_id,
        c1_0.created_at,
        c1_0.description,
        c1_0.duration,
        c1_0.fees,
        c1_0.image_path,
        c1_0.name,
        c1_0.status,
        c1_0.syllabus_path 
    from
        courses c1_0
Hibernate: 
    select
        r1_0.id,
        r1_0.created_at,
        r1_0.role_name 
    from
        roles r1_0 
    where
        r1_0.id=?
Hibernate: 
    select
        b1_0.id,
        b1_0.batch_name,
        b1_0.course_id,
        b1_0.created_at,
        b1_0.instructor,
        b1_0.start_date,
        b1_0.status,
        b1_0.timing 
    from
        batches b1_0
Hibernate: 
    select
        s1_0.id,
        s1_0.batch_id,
        s1_0.course_id,
        s1_0.created_at,
        s1_0.district,
        s1_0.dob,
        s1_0.email,
        s1_0.father_name,
        s1_0.instructor,
        s1_0.joining_date,
        s1_0.last_login,
        s1_0.mobile,
        s1_0.name,
        s1_0.parent_mobile,
        s1_0.password,
        s1_0.qualification,
        s1_0.referral_profession,
        s1_0.referred_by,
        s1_0.reg_number,
        s1_0.start_date,
        s1_0.status,
        s1_0.timing,
        s1_0.token 
    from
        students s1_0 
    order by
        s1_0.reg_number
Hibernate: 
    select
        s1_0.id,
        s1_0.created_at,
        s1_0.designation,
        s1_0.email,
        s1_0.experience,
        s1_0.joining_date,
        s1_0.last_login,
        s1_0.mobile,
        s1_0.name,
        s1_0.qualification,
        s1_0.salary,
        s1_0.staff_id,
        s1_0.status,
        s1_0.token 
    from
        staff s1_0
Hibernate: 
    select
        c1_0.id,
        c1_0.category,
        c1_0.course_id,
        c1_0.created_at,
        c1_0.description,
        c1_0.duration,
        c1_0.fees,
        c1_0.image_path,
        c1_0.name,
        c1_0.status,
        c1_0.syllabus_path 
    from
        courses c1_0 
    where
        c1_0.id=?
Hibernate: 
    select
        f1_0.id,
        f1_0.balance_amount,
        f1_0.last_payment_date,
        f1_0.paid_amount,
        f1_0.status,
        f1_0.student_id,
        f1_0.total_amount 
    from
        fees f1_0 
    where
        f1_0.student_id=?
Hibernate: 
    select
        c1_0.id,
        c1_0.category,
        c1_0.course_id,
        c1_0.created_at,
        c1_0.description,
        c1_0.duration,
        c1_0.fees,
        c1_0.image_path,
        c1_0.name,
        c1_0.status,
        c1_0.syllabus_path 
    from
        courses c1_0 
    where
        c1_0.id=?
Hibernate: 
    select
        s1_0.id,
        s1_0.created_at,
        s1_0.designation,
        s1_0.email,
        s1_0.experience,
        s1_0.joining_date,
        s1_0.last_login,
        s1_0.mobile,
        s1_0.name,
        s1_0.qualification,
        s1_0.salary,
        s1_0.staff_id,
        s1_0.status,
        s1_0.token 
    from
        staff s1_0 
    where
        s1_0.id=?
Hibernate: 
    select
        u1_0.id,
        u1_0.created_at,
        u1_0.email,
        u1_0.full_name,
        u1_0.last_login,
        u1_0.password,
        r1_0.id,
        r1_0.created_at,
        r1_0.role_name,
        u1_0.role_id,
        u1_0.status,
        u1_0.token,
        u1_0.username 
    from
        users u1_0 
    left join
        roles r1_0 
            on r1_0.id=u1_0.role_id 
    where
        u1_0.id=?
Hibernate: 
    select
        u1_0.id,
        u1_0.created_at,
        u1_0.email,
        u1_0.full_name,
        u1_0.last_login,
        u1_0.password,
        u1_0.role_id,
        u1_0.status,
        u1_0.token,
        u1_0.username 
    from
        users u1_0 
    join
        roles r1_0 
            on r1_0.id=u1_0.role_id 
    where
        lower(r1_0.role_name) in ('admin', 'super admin') 
        or lower(u1_0.username)='admin'
Hibernate: 
    select
        f1_0.id,
        f1_0.balance_amount,
        f1_0.last_payment_date,
        f1_0.paid_amount,
        f1_0.status,
        f1_0.student_id,
        f1_0.total_amount 
    from
        fees f1_0 
    where
        f1_0.student_id=?
Hibernate: 
    select
        cf1_0.id,
        cf1_0.created_at,
        cf1_0.field_label,
        cf1_0.field_type,
        cf1_0.is_required,
        cf1_0.location,
        cf1_0.options,
        cf1_0.updated_at 
    from
        custom_fields cf1_0 
    where
        cf1_0.location=?
Hibernate: 
    select
        r1_0.id,
        r1_0.created_at,
        r1_0.role_name 
    from
        roles r1_0 
    where
        r1_0.id=?
Hibernate: 
    select
        c1_0.id,
        c1_0.category,
        c1_0.course_id,
        c1_0.created_at,
        c1_0.description,
        c1_0.duration,
        c1_0.fees,
        c1_0.image_path,
        c1_0.name,
        c1_0.status,
        c1_0.syllabus_path 
    from
        courses c1_0 
    where
        c1_0.id=?
Hibernate: 
    select
        b1_0.id,
        b1_0.batch_name,
        b1_0.course_id,
        b1_0.created_at,
        b1_0.instructor,
        b1_0.start_date,
        b1_0.status,
        b1_0.timing 
    from
        batches b1_0 
    where
        b1_0.id=?
Hibernate: 
    select
        f1_0.id,
        f1_0.balance_amount,
        f1_0.last_payment_date,
        f1_0.paid_amount,
        f1_0.status,
        f1_0.student_id,
        f1_0.total_amount 
    from
        fees f1_0 
    where
        f1_0.student_id=?
Hibernate: 
    select
        f1_0.id,
        f1_0.balance_amount,
        f1_0.last_payment_date,
        f1_0.paid_amount,
        f1_0.status,
        f1_0.student_id,
        f1_0.total_amount 
    from
        fees f1_0 
    where
        f1_0.student_id=?
Hibernate: 
    select
        s1_0.id,
        s1_0.created_at,
        s1_0.designation,
        s1_0.email,
        s1_0.experience,
        s1_0.joining_date,
        s1_0.last_login,
        s1_0.mobile,
        s1_0.name,
        s1_0.qualification,
        s1_0.salary,
        s1_0.staff_id,
        s1_0.status,
        s1_0.token 
    from
        staff s1_0 
    where
        s1_0.id=?
Hibernate: 
    select
        s1_0.id,
        s1_0.batch_id,
        s1_0.course_id,
        s1_0.created_at,
        s1_0.district,
        s1_0.dob,
        s1_0.email,
        s1_0.father_name,
        s1_0.instructor,
        s1_0.joining_date,
        s1_0.last_login,
        s1_0.mobile,
        s1_0.name,
        s1_0.parent_mobile,
        s1_0.password,
        s1_0.qualification,
        s1_0.referral_profession,
        s1_0.referred_by,
        s1_0.reg_number,
        s1_0.start_date,
        s1_0.status,
        s1_0.timing,
        s1_0.token 
    from
        students s1_0 
    where
        s1_0.batch_id=?
Hibernate: 
    select
        b1_0.id,
        b1_0.batch_name,
        b1_0.course_id,
        b1_0.created_at,
        b1_0.instructor,
        b1_0.start_date,
        b1_0.status,
        b1_0.timing 
    from
        batches b1_0 
    where
        b1_0.id=?
Hibernate: 
    select
        c1_0.id,
        c1_0.category,
        c1_0.course_id,
        c1_0.created_at,
        c1_0.description,
        c1_0.duration,
        c1_0.fees,
        c1_0.image_path,
        c1_0.name,
        c1_0.status,
        c1_0.syllabus_path 
    from
        courses c1_0 
    where
        c1_0.id=?
Hibernate: 
    select
        f1_0.id,
        f1_0.balance_amount,
        f1_0.last_payment_date,
        f1_0.paid_amount,
        f1_0.status,
        f1_0.student_id,
        f1_0.total_amount 
    from
        fees f1_0 
    where
        f1_0.student_id=?
Hibernate: 
    select
        s1_0.id,
        s1_0.created_at,
        s1_0.designation,
        s1_0.email,
        s1_0.experience,
        s1_0.joining_date,
        s1_0.last_login,
        s1_0.mobile,
        s1_0.name,
        s1_0.qualification,
        s1_0.salary,
        s1_0.staff_id,
        s1_0.status,
        s1_0.token 
    from
        staff s1_0 
    where
        s1_0.id=?
Hibernate: 
    select
        s1_0.id,
        s1_0.batch_id,
        s1_0.course_id,
        s1_0.created_at,
        s1_0.district,
        s1_0.dob,
        s1_0.email,
        s1_0.father_name,
        s1_0.instructor,
        s1_0.joining_date,
        s1_0.last_login,
        s1_0.mobile,
        s1_0.name,
        s1_0.parent_mobile,
        s1_0.password,
        s1_0.qualification,
        s1_0.referral_profession,
        s1_0.referred_by,
        s1_0.reg_number,
        s1_0.start_date,
        s1_0.status,
        s1_0.timing,
        s1_0.token 
    from
        students s1_0 
    where
        s1_0.batch_id=?
Hibernate: 
    select
        f1_0.id,
        f1_0.balance_amount,
        f1_0.last_payment_date,
        f1_0.paid_amount,
        f1_0.status,
        f1_0.student_id,
        f1_0.total_amount 
    from
        fees f1_0 
    where
        f1_0.student_id=?
Hibernate: 
    select
        c1_0.id,
        c1_0.category,
        c1_0.course_id,
        c1_0.created_at,
        c1_0.description,
        c1_0.duration,
        c1_0.fees,
        c1_0.image_path,
        c1_0.name,
        c1_0.status,
        c1_0.syllabus_path 
    from
        courses c1_0 
    where
        c1_0.id=?
Hibernate: 
    select
        s1_0.id,
        s1_0.created_at,
        s1_0.designation,
        s1_0.email,
        s1_0.experience,
        s1_0.joining_date,
        s1_0.last_login,
        s1_0.mobile,
        s1_0.name,
        s1_0.qualification,
        s1_0.salary,
        s1_0.staff_id,
        s1_0.status,
        s1_0.token 
    from
        staff s1_0 
    where
        s1_0.id=?
Hibernate: 
    select
        f1_0.id,
        f1_0.balance_amount,
        f1_0.last_payment_date,
        f1_0.paid_amount,
        f1_0.status,
        f1_0.student_id,
        f1_0.total_amount 
    from
        fees f1_0 
    where
        f1_0.student_id=?
Hibernate: 
    select
        s1_0.id,
        s1_0.batch_id,
        s1_0.course_id,
        s1_0.created_at,
        s1_0.district,
        s1_0.dob,
        s1_0.email,
        s1_0.father_name,
        s1_0.instructor,
        s1_0.joining_date,
        s1_0.last_login,
        s1_0.mobile,
        s1_0.name,
        s1_0.parent_mobile,
        s1_0.password,
        s1_0.qualification,
        s1_0.referral_profession,
        s1_0.referred_by,
        s1_0.reg_number,
        s1_0.start_date,
        s1_0.status,
        s1_0.timing,
        s1_0.token 
    from
        students s1_0 
    where
        s1_0.batch_id=?
Hibernate: 
    select
        f1_0.id,
        f1_0.balance_amount,
        f1_0.last_payment_date,
        f1_0.paid_amount,
        f1_0.status,
        f1_0.student_id,
        f1_0.total_amount 
    from
        fees f1_0 
    where
        f1_0.student_id=?
Hibernate: 
    select
        f1_0.id,
        f1_0.balance_amount,
        f1_0.last_payment_date,
        f1_0.paid_amount,
        f1_0.status,
        f1_0.student_id,
        f1_0.total_amount 
    from
        fees f1_0 
    where
        f1_0.student_id=?
Hibernate: 
    select
        s1_0.id,
        s1_0.created_at,
        s1_0.designation,
        s1_0.email,
        s1_0.experience,
        s1_0.joining_date,
        s1_0.last_login,
        s1_0.mobile,
        s1_0.name,
        s1_0.qualification,
        s1_0.salary,
        s1_0.staff_id,
        s1_0.status,
        s1_0.token 
    from
        staff s1_0 
    where
        s1_0.id=?
Hibernate: 
    select
        c1_0.id,
        c1_0.category,
        c1_0.course_id,
        c1_0.created_at,
        c1_0.description,
        c1_0.duration,
        c1_0.fees,
        c1_0.image_path,
        c1_0.name,
        c1_0.status,
        c1_0.syllabus_path 
    from
        courses c1_0 
    where
        c1_0.id=?
Hibernate: 
    select
        b1_0.id,
        b1_0.batch_name,
        b1_0.course_id,
        b1_0.created_at,
        b1_0.instructor,
        b1_0.start_date,
        b1_0.status,
        b1_0.timing 
    from
        batches b1_0 
    where
        b1_0.id=?
Hibernate: 
    select
        f1_0.id,
        f1_0.balance_amount,
        f1_0.last_payment_date,
        f1_0.paid_amount,
        f1_0.status,
        f1_0.student_id,
        f1_0.total_amount 
    from
        fees f1_0 
    where
        f1_0.student_id=?
Hibernate: 
    select
        f1_0.id,
        f1_0.balance_amount,
        f1_0.last_payment_date,
        f1_0.paid_amount,
        f1_0.status,
        f1_0.student_id,
        f1_0.total_amount 
    from
        fees f1_0 
    where
        f1_0.student_id=?
Hibernate: 
    select
        f1_0.id,
        f1_0.balance_amount,
        f1_0.last_payment_date,
        f1_0.paid_amount,
        f1_0.status,
        f1_0.student_id,
        f1_0.total_amount 
    from
        fees f1_0 
    where
        f1_0.student_id=?
Hibernate: 
    select
        f1_0.id,
        f1_0.balance_amount,
        f1_0.last_payment_date,
        f1_0.paid_amount,
        f1_0.status,
        f1_0.student_id,
        f1_0.total_amount 
    from
        fees f1_0 
    where
        f1_0.student_id=?
Hibernate: 
    select
        f1_0.id,
        f1_0.balance_amount,
        f1_0.last_payment_date,
        f1_0.paid_amount,
        f1_0.status,
        f1_0.student_id,
        f1_0.total_amount 
    from
        fees f1_0 
    where
        f1_0.student_id=?
Hibernate: 
    select
        f1_0.id,
        f1_0.balance_amount,
        f1_0.last_payment_date,
        f1_0.paid_amount,
        f1_0.status,
        f1_0.student_id,
        f1_0.total_amount 
    from
        fees f1_0 
    where
        f1_0.student_id=?
Hibernate: 
    select
        f1_0.id,
        f1_0.balance_amount,
        f1_0.last_payment_date,
        f1_0.paid_amount,
        f1_0.status,
        f1_0.student_id,
        f1_0.total_amount 
    from
        fees f1_0 
    where
        f1_0.student_id=?
Hibernate: 
    select
        f1_0.id,
        f1_0.balance_amount,
        f1_0.last_payment_date,
        f1_0.paid_amount,
        f1_0.status,
        f1_0.student_id,
        f1_0.total_amount 
    from
        fees f1_0 
    where
        f1_0.student_id=?
Hibernate: 
    select
        f1_0.id,
        f1_0.balance_amount,
        f1_0.last_payment_date,
        f1_0.paid_amount,
        f1_0.status,
        f1_0.student_id,
        f1_0.total_amount 
    from
        fees f1_0 
    where
        f1_0.student_id=?
Hibernate: 
    select
        f1_0.id,
        f1_0.balance_amount,
        f1_0.last_payment_date,
        f1_0.paid_amount,
        f1_0.status,
        f1_0.student_id,
        f1_0.total_amount 
    from
        fees f1_0 
    where
        f1_0.student_id=?
Hibernate: 
    select
        f1_0.id,
        f1_0.balance_amount,
        f1_0.last_payment_date,
        f1_0.paid_amount,
        f1_0.status,
        f1_0.student_id,
        f1_0.total_amount 
    from
        fees f1_0 
    where
        f1_0.student_id=?
Hibernate: 
    select
        u1_0.id,
        u1_0.created_at,
        u1_0.email,
        u1_0.full_name,
        u1_0.last_login,
        u1_0.password,
        u1_0.role_id,
        u1_0.status,
        u1_0.token,
        u1_0.username 
    from
        users u1_0 
    where
        u1_0.token=?
Hibernate: 
    select
        u1_0.id,
        u1_0.created_at,
        u1_0.email,
        u1_0.full_name,
        u1_0.last_login,
        u1_0.password,
        u1_0.role_id,
        u1_0.status,
        u1_0.token,
        u1_0.username 
    from
        users u1_0 
    where
        u1_0.token=?
Hibernate: 
    select
        u1_0.id,
        u1_0.created_at,
        u1_0.email,
        u1_0.full_name,
        u1_0.last_login,
        u1_0.password,
        u1_0.role_id,
        u1_0.status,
        u1_0.token,
        u1_0.username 
    from
        users u1_0 
    where
        u1_0.token=?
Hibernate: 
    select
        u1_0.id,
        u1_0.created_at,
        u1_0.email,
        u1_0.full_name,
        u1_0.last_login,
        u1_0.password,
        u1_0.role_id,
        u1_0.status,
        u1_0.token,
        u1_0.username 
    from
        users u1_0 
    where
        u1_0.token=?
Hibernate: 
    select
        r1_0.id,
        r1_0.created_at,
        r1_0.role_name 
    from
        roles r1_0 
    where
        r1_0.id=?
Hibernate: 
    select
        r1_0.id,
        r1_0.created_at,
        r1_0.role_name 
    from
        roles r1_0 
    where
        r1_0.id=?
Hibernate: 
    select
        al1_0.id,
        al1_0.action,
        al1_0.created_at,
        al1_0.description,
        al1_0.user_id,
        al1_0.user_type 
    from
        activity_log al1_0 
    order by
        al1_0.created_at desc 
    limit
        ?
Hibernate: 
    select
        f1_0.id,
        f1_0.balance_amount,
        f1_0.last_payment_date,
        f1_0.paid_amount,
        f1_0.status,
        f1_0.student_id,
        f1_0.total_amount 
    from
        fees f1_0
Hibernate: 
    select
        u1_0.id,
        u1_0.created_at,
        u1_0.email,
        u1_0.full_name,
        u1_0.last_login,
        u1_0.password,
        u1_0.role_id,
        u1_0.status,
        u1_0.token,
        u1_0.username 
    from
        users u1_0 
    where
        u1_0.token=?
Hibernate: 
    select
        u1_0.id,
        u1_0.created_at,
        u1_0.email,
        u1_0.full_name,
        u1_0.last_login,
        u1_0.password,
        u1_0.role_id,
        u1_0.status,
        u1_0.token,
        u1_0.username 
    from
        users u1_0 
    where
        u1_0.token=?
Hibernate: 
    select
        r1_0.id,
        r1_0.created_at,
        r1_0.role_name 
    from
        roles r1_0 
    where
        r1_0.id=?
Hibernate: 
    select
        r1_0.id,
        r1_0.created_at,
        r1_0.role_name 
    from
        roles r1_0 
    where
        r1_0.id=?
Hibernate: 
    select
        s1_0.id,
        s1_0.batch_id,
        s1_0.course_id,
        s1_0.created_at,
        s1_0.district,
        s1_0.dob,
        s1_0.email,
        s1_0.father_name,
        s1_0.instructor,
        s1_0.joining_date,
        s1_0.last_login,
        s1_0.mobile,
        s1_0.name,
        s1_0.parent_mobile,
        s1_0.password,
        s1_0.qualification,
        s1_0.referral_profession,
        s1_0.referred_by,
        s1_0.reg_number,
        s1_0.start_date,
        s1_0.status,
        s1_0.timing,
        s1_0.token 
    from
        students s1_0 
    where
        s1_0.id=?
Hibernate: 
    select
        s1_0.id,
        s1_0.batch_id,
        s1_0.course_id,
        s1_0.created_at,
        s1_0.district,
        s1_0.dob,
        s1_0.email,
        s1_0.father_name,
        s1_0.instructor,
        s1_0.joining_date,
        s1_0.last_login,
        s1_0.mobile,
        s1_0.name,
        s1_0.parent_mobile,
        s1_0.password,
        s1_0.qualification,
        s1_0.referral_profession,
        s1_0.referred_by,
        s1_0.reg_number,
        s1_0.start_date,
        s1_0.status,
        s1_0.timing,
        s1_0.token 
    from
        students s1_0 
    where
        s1_0.id=?
Hibernate: 
    select
        count(*) 
    from
        students s1_0
Hibernate: 
    select
        e1_0.category,
        sum(e1_0.amount) 
    from
        expenses e1_0 
    group by
        e1_0.category
Hibernate: 
    select
        count(s1_0.id) 
    from
        students s1_0 
    where
        s1_0.status=?
Hibernate: 
    select
        s1_0.id,
        s1_0.batch_id,
        s1_0.course_id,
        s1_0.created_at,
        s1_0.district,
        s1_0.dob,
        s1_0.email,
        s1_0.father_name,
        s1_0.instructor,
        s1_0.joining_date,
        s1_0.last_login,
        s1_0.mobile,
        s1_0.name,
        s1_0.parent_mobile,
        s1_0.password,
        s1_0.qualification,
        s1_0.referral_profession,
        s1_0.referred_by,
        s1_0.reg_number,
        s1_0.start_date,
        s1_0.status,
        s1_0.timing,
        s1_0.token 
    from
        students s1_0 
    where
        s1_0.id=?
Hibernate: 
    select
        count(s1_0.id) 
    from
        students s1_0 
    where
        s1_0.status=?
Hibernate: 
    select
        count(*) 
    from
        batches b1_0
Hibernate: 
    select
        r1_0.id,
        r1_0.created_at,
        r1_0.role_name 
    from
        roles r1_0 
    where
        r1_0.id=?
Hibernate: 
    select
        r1_0.id,
        r1_0.created_at,
        r1_0.role_name 
    from
        roles r1_0 
    where
        r1_0.id=?
Hibernate: 
    select
        s1_0.id,
        s1_0.batch_id,
        s1_0.course_id,
        s1_0.created_at,
        s1_0.district,
        s1_0.dob,
        s1_0.email,
        s1_0.father_name,
        s1_0.instructor,
        s1_0.joining_date,
        s1_0.last_login,
        s1_0.mobile,
        s1_0.name,
        s1_0.parent_mobile,
        s1_0.password,
        s1_0.qualification,
        s1_0.referral_profession,
        s1_0.referred_by,
        s1_0.reg_number,
        s1_0.start_date,
        s1_0.status,
        s1_0.timing,
        s1_0.token 
    from
        students s1_0 
    where
        s1_0.id=?
Hibernate: 
    select
        s1_0.id,
        s1_0.batch_id,
        s1_0.course_id,
        s1_0.created_at,
        s1_0.district,
        s1_0.dob,
        s1_0.email,
        s1_0.father_name,
        s1_0.instructor,
        s1_0.joining_date,
        s1_0.last_login,
        s1_0.mobile,
        s1_0.name,
        s1_0.parent_mobile,
        s1_0.password,
        s1_0.qualification,
        s1_0.referral_profession,
        s1_0.referred_by,
        s1_0.reg_number,
        s1_0.start_date,
        s1_0.status,
        s1_0.timing,
        s1_0.token 
    from
        students s1_0 
    where
        s1_0.id=?
Hibernate: 
    select
        c1_0.id,
        c1_0.category,
        c1_0.course_id,
        c1_0.created_at,
        c1_0.description,
        c1_0.duration,
        c1_0.fees,
        c1_0.image_path,
        c1_0.name,
        c1_0.status,
        c1_0.syllabus_path 
    from
        courses c1_0
Hibernate: 
    select
        s1_0.id,
        s1_0.batch_id,
        s1_0.course_id,
        s1_0.created_at,
        s1_0.district,
        s1_0.dob,
        s1_0.email,
        s1_0.father_name,
        s1_0.instructor,
        s1_0.joining_date,
        s1_0.last_login,
        s1_0.mobile,
        s1_0.name,
        s1_0.parent_mobile,
        s1_0.password,
        s1_0.qualification,
        s1_0.referral_profession,
        s1_0.referred_by,
        s1_0.reg_number,
        s1_0.start_date,
        s1_0.status,
        s1_0.timing,
        s1_0.token 
    from
        students s1_0 
    where
        s1_0.id=?
Hibernate: 
    SELECT
        DATE_FORMAT(joining_date, '%b') as month,
        COUNT(*) as count 
    FROM
        students 
    WHERE
        joining_date >= ? 
    GROUP BY
        DATE_FORMAT(joining_date, '%Y-%m') 
    ORDER BY
        joining_date ASC
Hibernate: 
    select
        s1_0.id,
        s1_0.batch_id,
        s1_0.course_id,
        s1_0.created_at,
        s1_0.district,
        s1_0.dob,
        s1_0.email,
        s1_0.father_name,
        s1_0.instructor,
        s1_0.joining_date,
        s1_0.last_login,
        s1_0.mobile,
        s1_0.name,
        s1_0.parent_mobile,
        s1_0.password,
        s1_0.qualification,
        s1_0.referral_profession,
        s1_0.referred_by,
        s1_0.reg_number,
        s1_0.start_date,
        s1_0.status,
        s1_0.timing,
        s1_0.token 
    from
        students s1_0 
    where
        s1_0.course_id=?
Hibernate: 
    select
        count(*) 
    from
        courses c1_0
Hibernate: 
    select
        coalesce(sum(f1_0.paid_amount), 0) 
    from
        fees f1_0
Hibernate: 
    select
        s1_0.id,
        s1_0.batch_id,
        s1_0.course_id,
        s1_0.created_at,
        s1_0.district,
        s1_0.dob,
        s1_0.email,
        s1_0.father_name,
        s1_0.instructor,
        s1_0.joining_date,
        s1_0.last_login,
        s1_0.mobile,
        s1_0.name,
        s1_0.parent_mobile,
        s1_0.password,
        s1_0.qualification,
        s1_0.referral_profession,
        s1_0.referred_by,
        s1_0.reg_number,
        s1_0.start_date,
        s1_0.status,
        s1_0.timing,
        s1_0.token 
    from
        students s1_0 
    where
        s1_0.course_id=?
Hibernate: 
    select
        s1_0.id,
        s1_0.batch_id,
        s1_0.course_id,
        s1_0.created_at,
        s1_0.district,
        s1_0.dob,
        s1_0.email,
        s1_0.father_name,
        s1_0.instructor,
        s1_0.joining_date,
        s1_0.last_login,
        s1_0.mobile,
        s1_0.name,
        s1_0.parent_mobile,
        s1_0.password,
        s1_0.qualification,
        s1_0.referral_profession,
        s1_0.referred_by,
        s1_0.reg_number,
        s1_0.start_date,
        s1_0.status,
        s1_0.timing,
        s1_0.token 
    from
        students s1_0 
    where
        s1_0.id=?
Hibernate: 
    select
        f1_0.id,
        f1_0.balance_amount,
        f1_0.last_payment_date,
        f1_0.paid_amount,
        f1_0.status,
        f1_0.student_id,
        f1_0.total_amount 
    from
        fees f1_0 
    where
        f1_0.student_id=?
Hibernate: 
    select
        f1_0.id,
        f1_0.balance_amount,
        f1_0.last_payment_date,
        f1_0.paid_amount,
        f1_0.status,
        f1_0.student_id,
        f1_0.total_amount 
    from
        fees f1_0 
    where
        f1_0.student_id=?
Hibernate: 
    select
        f1_0.id,
        f1_0.balance_amount,
        f1_0.last_payment_date,
        f1_0.paid_amount,
        f1_0.status,
        f1_0.student_id,
        f1_0.total_amount 
    from
        fees f1_0 
    where
        f1_0.student_id=?
Hibernate: 
    select
        s1_0.id,
        s1_0.batch_id,
        s1_0.course_id,
        s1_0.created_at,
        s1_0.district,
        s1_0.dob,
        s1_0.email,
        s1_0.father_name,
        s1_0.instructor,
        s1_0.joining_date,
        s1_0.last_login,
        s1_0.mobile,
        s1_0.name,
        s1_0.parent_mobile,
        s1_0.password,
        s1_0.qualification,
        s1_0.referral_profession,
        s1_0.referred_by,
        s1_0.reg_number,
        s1_0.start_date,
        s1_0.status,
        s1_0.timing,
        s1_0.token 
    from
        students s1_0 
    where
        s1_0.id=?
Hibernate: 
    select
        f1_0.id,
        f1_0.balance_amount,
        f1_0.last_payment_date,
        f1_0.paid_amount,
        f1_0.status,
        f1_0.student_id,
        f1_0.total_amount 
    from
        fees f1_0 
    where
        f1_0.student_id=?
Hibernate: 
    select
        s1_0.id,
        s1_0.batch_id,
        s1_0.course_id,
        s1_0.created_at,
        s1_0.district,
        s1_0.dob,
        s1_0.email,
        s1_0.father_name,
        s1_0.instructor,
        s1_0.joining_date,
        s1_0.last_login,
        s1_0.mobile,
        s1_0.name,
        s1_0.parent_mobile,
        s1_0.password,
        s1_0.qualification,
        s1_0.referral_profession,
        s1_0.referred_by,
        s1_0.reg_number,
        s1_0.start_date,
        s1_0.status,
        s1_0.timing,
        s1_0.token 
    from
        students s1_0 
    where
        s1_0.id=?
Hibernate: 
    select
        f1_0.id,
        f1_0.balance_amount,
        f1_0.last_payment_date,
        f1_0.paid_amount,
        f1_0.status,
        f1_0.student_id,
        f1_0.total_amount 
    from
        fees f1_0 
    where
        f1_0.student_id=?
Hibernate: 
    select
        f1_0.id,
        f1_0.balance_amount,
        f1_0.last_payment_date,
        f1_0.paid_amount,
        f1_0.status,
        f1_0.student_id,
        f1_0.total_amount 
    from
        fees f1_0 
    where
        f1_0.student_id=?
Hibernate: 
    select
        f1_0.id,
        f1_0.balance_amount,
        f1_0.last_payment_date,
        f1_0.paid_amount,
        f1_0.status,
        f1_0.student_id,
        f1_0.total_amount 
    from
        fees f1_0 
    where
        f1_0.student_id=?
Hibernate: 
    select
        s1_0.id,
        s1_0.batch_id,
        s1_0.course_id,
        s1_0.created_at,
        s1_0.district,
        s1_0.dob,
        s1_0.email,
        s1_0.father_name,
        s1_0.instructor,
        s1_0.joining_date,
        s1_0.last_login,
        s1_0.mobile,
        s1_0.name,
        s1_0.parent_mobile,
        s1_0.password,
        s1_0.qualification,
        s1_0.referral_profession,
        s1_0.referred_by,
        s1_0.reg_number,
        s1_0.start_date,
        s1_0.status,
        s1_0.timing,
        s1_0.token 
    from
        students s1_0 
    where
        s1_0.id=?
Hibernate: 
    select
        f1_0.id,
        f1_0.balance_amount,
        f1_0.last_payment_date,
        f1_0.paid_amount,
        f1_0.status,
        f1_0.student_id,
        f1_0.total_amount 
    from
        fees f1_0 
    where
        f1_0.student_id=?
Hibernate: 
    select
        s1_0.id,
        s1_0.batch_id,
        s1_0.course_id,
        s1_0.created_at,
        s1_0.district,
        s1_0.dob,
        s1_0.email,
        s1_0.father_name,
        s1_0.instructor,
        s1_0.joining_date,
        s1_0.last_login,
        s1_0.mobile,
        s1_0.name,
        s1_0.parent_mobile,
        s1_0.password,
        s1_0.qualification,
        s1_0.referral_profession,
        s1_0.referred_by,
        s1_0.reg_number,
        s1_0.start_date,
        s1_0.status,
        s1_0.timing,
        s1_0.token 
    from
        students s1_0 
    where
        s1_0.id=?
Hibernate: 
    select
        f1_0.id,
        f1_0.balance_amount,
        f1_0.last_payment_date,
        f1_0.paid_amount,
        f1_0.status,
        f1_0.student_id,
        f1_0.total_amount 
    from
        fees f1_0 
    where
        f1_0.student_id=?
Hibernate: 
    select
        s1_0.id,
        s1_0.batch_id,
        s1_0.course_id,
        s1_0.created_at,
        s1_0.district,
        s1_0.dob,
        s1_0.email,
        s1_0.father_name,
        s1_0.instructor,
        s1_0.joining_date,
        s1_0.last_login,
        s1_0.mobile,
        s1_0.name,
        s1_0.parent_mobile,
        s1_0.password,
        s1_0.qualification,
        s1_0.referral_profession,
        s1_0.referred_by,
        s1_0.reg_number,
        s1_0.start_date,
        s1_0.status,
        s1_0.timing,
        s1_0.token 
    from
        students s1_0 
    where
        s1_0.id=?
Hibernate: 
    select
        f1_0.id,
        f1_0.balance_amount,
        f1_0.last_payment_date,
        f1_0.paid_amount,
        f1_0.status,
        f1_0.student_id,
        f1_0.total_amount 
    from
        fees f1_0 
    where
        f1_0.student_id=?
Hibernate: 
    select
        s1_0.id,
        s1_0.batch_id,
        s1_0.course_id,
        s1_0.created_at,
        s1_0.district,
        s1_0.dob,
        s1_0.email,
        s1_0.father_name,
        s1_0.instructor,
        s1_0.joining_date,
        s1_0.last_login,
        s1_0.mobile,
        s1_0.name,
        s1_0.parent_mobile,
        s1_0.password,
        s1_0.qualification,
        s1_0.referral_profession,
        s1_0.referred_by,
        s1_0.reg_number,
        s1_0.start_date,
        s1_0.status,
        s1_0.timing,
        s1_0.token 
    from
        students s1_0 
    where
        s1_0.id=?
Hibernate: 
    select
        s1_0.id,
        s1_0.batch_id,
        s1_0.course_id,
        s1_0.created_at,
        s1_0.district,
        s1_0.dob,
        s1_0.email,
        s1_0.father_name,
        s1_0.instructor,
        s1_0.joining_date,
        s1_0.last_login,
        s1_0.mobile,
        s1_0.name,
        s1_0.parent_mobile,
        s1_0.password,
        s1_0.qualification,
        s1_0.referral_profession,
        s1_0.referred_by,
        s1_0.reg_number,
        s1_0.start_date,
        s1_0.status,
        s1_0.timing,
        s1_0.token 
    from
        students s1_0 
    where
        s1_0.id=?
Hibernate: 
    select
        f1_0.id,
        f1_0.balance_amount,
        f1_0.last_payment_date,
        f1_0.paid_amount,
        f1_0.status,
        f1_0.student_id,
        f1_0.total_amount 
    from
        fees f1_0 
    where
        f1_0.student_id=?
Hibernate: 
    select
        f1_0.id,
        f1_0.balance_amount,
        f1_0.last_payment_date,
        f1_0.paid_amount,
        f1_0.status,
        f1_0.student_id,
        f1_0.total_amount 
    from
        fees f1_0 
    where
        f1_0.student_id=?
Hibernate: 
    select
        f1_0.id,
        f1_0.balance_amount,
        f1_0.last_payment_date,
        f1_0.paid_amount,
        f1_0.status,
        f1_0.student_id,
        f1_0.total_amount 
    from
        fees f1_0 
    where
        f1_0.student_id=?
Hibernate: 
    select
        f1_0.id,
        f1_0.balance_amount,
        f1_0.last_payment_date,
        f1_0.paid_amount,
        f1_0.status,
        f1_0.student_id,
        f1_0.total_amount 
    from
        fees f1_0 
    where
        f1_0.student_id=?
Hibernate: 
    select
        f1_0.id,
        f1_0.balance_amount,
        f1_0.last_payment_date,
        f1_0.paid_amount,
        f1_0.status,
        f1_0.student_id,
        f1_0.total_amount 
    from
        fees f1_0 
    where
        f1_0.student_id=?
Hibernate: 
    select
        f1_0.id,
        f1_0.balance_amount,
        f1_0.last_payment_date,
        f1_0.paid_amount,
        f1_0.status,
        f1_0.student_id,
        f1_0.total_amount 
    from
        fees f1_0 
    where
        f1_0.student_id=?
Hibernate: 
    select
        s1_0.id,
        s1_0.batch_id,
        s1_0.course_id,
        s1_0.created_at,
        s1_0.district,
        s1_0.dob,
        s1_0.email,
        s1_0.father_name,
        s1_0.instructor,
        s1_0.joining_date,
        s1_0.last_login,
        s1_0.mobile,
        s1_0.name,
        s1_0.parent_mobile,
        s1_0.password,
        s1_0.qualification,
        s1_0.referral_profession,
        s1_0.referred_by,
        s1_0.reg_number,
        s1_0.start_date,
        s1_0.status,
        s1_0.timing,
        s1_0.token 
    from
        students s1_0 
    where
        s1_0.course_id=?
Hibernate: 
    select
        s1_0.id,
        s1_0.batch_id,
        s1_0.course_id,
        s1_0.created_at,
        s1_0.district,
        s1_0.dob,
        s1_0.email,
        s1_0.father_name,
        s1_0.instructor,
        s1_0.joining_date,
        s1_0.last_login,
        s1_0.mobile,
        s1_0.name,
        s1_0.parent_mobile,
        s1_0.password,
        s1_0.qualification,
        s1_0.referral_profession,
        s1_0.referred_by,
        s1_0.reg_number,
        s1_0.start_date,
        s1_0.status,
        s1_0.timing,
        s1_0.token 
    from
        students s1_0 
    where
        s1_0.course_id=?
Hibernate: 
    select
        f1_0.id,
        f1_0.balance_amount,
        f1_0.last_payment_date,
        f1_0.paid_amount,
        f1_0.status,
        f1_0.student_id,
        f1_0.total_amount 
    from
        fees f1_0 
    where
        f1_0.student_id=?
Hibernate: 
    select
        f1_0.id,
        f1_0.balance_amount,
        f1_0.last_payment_date,
        f1_0.paid_amount,
        f1_0.status,
        f1_0.student_id,
        f1_0.total_amount 
    from
        fees f1_0 
    where
        f1_0.student_id=?
Hibernate: 
    select
        s1_0.id,
        s1_0.batch_id,
        s1_0.course_id,
        s1_0.created_at,
        s1_0.district,
        s1_0.dob,
        s1_0.email,
        s1_0.father_name,
        s1_0.instructor,
        s1_0.joining_date,
        s1_0.last_login,
        s1_0.mobile,
        s1_0.name,
        s1_0.parent_mobile,
        s1_0.password,
        s1_0.qualification,
        s1_0.referral_profession,
        s1_0.referred_by,
        s1_0.reg_number,
        s1_0.start_date,
        s1_0.status,
        s1_0.timing,
        s1_0.token 
    from
        students s1_0 
    where
        s1_0.course_id=?
Hibernate: 
    select
        s1_0.id,
        s1_0.batch_id,
        s1_0.course_id,
        s1_0.created_at,
        s1_0.district,
        s1_0.dob,
        s1_0.email,
        s1_0.father_name,
        s1_0.instructor,
        s1_0.joining_date,
        s1_0.last_login,
        s1_0.mobile,
        s1_0.name,
        s1_0.parent_mobile,
        s1_0.password,
        s1_0.qualification,
        s1_0.referral_profession,
        s1_0.referred_by,
        s1_0.reg_number,
        s1_0.start_date,
        s1_0.status,
        s1_0.timing,
        s1_0.token 
    from
        students s1_0 
    where
        s1_0.course_id=?
Hibernate: 
    select
        f1_0.id,
        f1_0.balance_amount,
        f1_0.last_payment_date,
        f1_0.paid_amount,
        f1_0.status,
        f1_0.student_id,
        f1_0.total_amount 
    from
        fees f1_0 
    where
        f1_0.student_id=?
Hibernate: 
    select
        f1_0.id,
        f1_0.balance_amount,
        f1_0.last_payment_date,
        f1_0.paid_amount,
        f1_0.status,
        f1_0.student_id,
        f1_0.total_amount 
    from
        fees f1_0 
    where
        f1_0.student_id=?
Hibernate: 
    select
        s1_0.id,
        s1_0.batch_id,
        s1_0.course_id,
        s1_0.created_at,
        s1_0.district,
        s1_0.dob,
        s1_0.email,
        s1_0.father_name,
        s1_0.instructor,
        s1_0.joining_date,
        s1_0.last_login,
        s1_0.mobile,
        s1_0.name,
        s1_0.parent_mobile,
        s1_0.password,
        s1_0.qualification,
        s1_0.referral_profession,
        s1_0.referred_by,
        s1_0.reg_number,
        s1_0.start_date,
        s1_0.status,
        s1_0.timing,
        s1_0.token 
    from
        students s1_0 
    where
        s1_0.course_id=?
Hibernate: 
    select
        s1_0.id,
        s1_0.batch_id,
        s1_0.course_id,
        s1_0.created_at,
        s1_0.district,
        s1_0.dob,
        s1_0.email,
        s1_0.father_name,
        s1_0.instructor,
        s1_0.joining_date,
        s1_0.last_login,
        s1_0.mobile,
        s1_0.name,
        s1_0.parent_mobile,
        s1_0.password,
        s1_0.qualification,
        s1_0.referral_profession,
        s1_0.referred_by,
        s1_0.reg_number,
        s1_0.start_date,
        s1_0.status,
        s1_0.timing,
        s1_0.token 
    from
        students s1_0 
    where
        s1_0.course_id=?
Hibernate: 
    select
        u1_0.id,
        u1_0.created_at,
        u1_0.email,
        u1_0.full_name,
        u1_0.last_login,
        u1_0.password,
        u1_0.role_id,
        u1_0.status,
        u1_0.token,
        u1_0.username 
    from
        users u1_0 
    where
        u1_0.token=?
Hibernate: 
    select
        r1_0.id,
        r1_0.created_at,
        r1_0.role_name 
    from
        roles r1_0 
    where
        r1_0.id=?
Hibernate: 
    select
        n1_0.id,
        n1_0.created_at,
        n1_0.is_read,
        n1_0.message,
        n1_0.title,
        n1_0.type,
        n1_0.user_id,
        n1_0.user_type 
    from
        notifications n1_0 
    where
        (
            n1_0.user_id=? 
            or lower(n1_0.user_type)=lower(?) 
            or n1_0.user_type='all'
        ) 
    order by
        n1_0.created_at desc
Hibernate: 
    select
        u1_0.id,
        u1_0.created_at,
        u1_0.email,
        u1_0.full_name,
        u1_0.last_login,
        u1_0.password,
        u1_0.role_id,
        u1_0.status,
        u1_0.token,
        u1_0.username 
    from
        users u1_0 
    where
        u1_0.token=?
Hibernate: 
    select
        u1_0.id,
        u1_0.created_at,
        u1_0.email,
        u1_0.full_name,
        u1_0.last_login,
        u1_0.password,
        u1_0.role_id,
        u1_0.status,
        u1_0.token,
        u1_0.username 
    from
        users u1_0 
    where
        u1_0.token=?
Hibernate: 
    select
        r1_0.id,
        r1_0.created_at,
        r1_0.role_name 
    from
        roles r1_0 
    where
        r1_0.id=?
Hibernate: 
    select
        r1_0.id,
        r1_0.created_at,
        r1_0.role_name 
    from
        roles r1_0 
    where
        r1_0.id=?
Hibernate: 
    select
        u1_0.id,
        u1_0.created_at,
        u1_0.email,
        u1_0.full_name,
        u1_0.last_login,
        u1_0.password,
        u1_0.role_id,
        u1_0.status,
        u1_0.token,
        u1_0.username 
    from
        users u1_0 
    where
        u1_0.token=?
Hibernate: 
    select
        s1_0.id,
        s1_0.batch_id,
        s1_0.course_id,
        s1_0.created_at,
        s1_0.district,
        s1_0.dob,
        s1_0.email,
        s1_0.father_name,
        s1_0.instructor,
        s1_0.joining_date,
        s1_0.last_login,
        s1_0.mobile,
        s1_0.name,
        s1_0.parent_mobile,
        s1_0.password,
        s1_0.qualification,
        s1_0.referral_profession,
        s1_0.referred_by,
        s1_0.reg_number,
        s1_0.start_date,
        s1_0.status,
        s1_0.timing,
        s1_0.token 
    from
        students s1_0 
    order by
        s1_0.reg_number
Hibernate: 
    select
        u1_0.id,
        u1_0.created_at,
        u1_0.email,
        u1_0.full_name,
        u1_0.last_login,
        u1_0.password,
        u1_0.role_id,
        u1_0.status,
        u1_0.token,
        u1_0.username 
    from
        users u1_0 
    where
        u1_0.token=?
Hibernate: 
    select
        is1_0.id,
        is1_0.address,
        is1_0.admin_as_staff,
        is1_0.allow_performance_exams,
        is1_0.appearance_color,
        is1_0.appearance_mode,
        is1_0.course_id_last_number,
        is1_0.course_id_mode,
        is1_0.course_id_prefix,
        is1_0.course_id_start_from,
        is1_0.course_id_suffix,
        is1_0.email,
        is1_0.institute_name,
        is1_0.logo_path,
        is1_0.name,
        is1_0.phone,
        is1_0.reg_last_number,
        is1_0.reg_mode,
        is1_0.reg_prefix,
        is1_0.reg_start_from,
        is1_0.reg_suffix,
        is1_0.registration_id,
        is1_0.staff_id_last_number,
        is1_0.staff_id_mode,
        is1_0.staff_id_prefix,
        is1_0.staff_id_start_from,
        is1_0.staff_id_suffix,
        is1_0.updated_at 
    from
        institute_settings is1_0 
    where
        is1_0.id=?
Hibernate: 
    select
        r1_0.id,
        r1_0.created_at,
        r1_0.role_name 
    from
        roles r1_0 
    where
        r1_0.id=?
Hibernate: 
    select
        cf1_0.id,
        cf1_0.created_at,
        cf1_0.field_label,
        cf1_0.field_type,
        cf1_0.is_required,
        cf1_0.location,
        cf1_0.options,
        cf1_0.updated_at 
    from
        custom_fields cf1_0 
    where
        cf1_0.location=?
Hibernate: 
    select
        r1_0.id,
        r1_0.created_at,
        r1_0.role_name 
    from
        roles r1_0 
    where
        r1_0.id=?
Hibernate: 
    select
        c1_0.id,
        c1_0.category,
        c1_0.course_id,
        c1_0.created_at,
        c1_0.description,
        c1_0.duration,
        c1_0.fees,
        c1_0.image_path,
        c1_0.name,
        c1_0.status,
        c1_0.syllabus_path 
    from
        courses c1_0 
    where
        c1_0.id=?
Hibernate: 
    select
        c1_0.id,
        c1_0.category,
        c1_0.course_id,
        c1_0.created_at,
        c1_0.description,
        c1_0.duration,
        c1_0.fees,
        c1_0.image_path,
        c1_0.name,
        c1_0.status,
        c1_0.syllabus_path 
    from
        courses c1_0
Hibernate: 
    select
        u1_0.id,
        u1_0.created_at,
        u1_0.email,
        u1_0.full_name,
        u1_0.last_login,
        u1_0.password,
        u1_0.role_id,
        u1_0.status,
        u1_0.token,
        u1_0.username 
    from
        users u1_0 
    where
        u1_0.token=?
Hibernate: 
    select
        r1_0.id,
        r1_0.created_at,
        r1_0.role_name 
    from
        roles r1_0 
    where
        r1_0.id=?
Hibernate: 
    select
        cf1_0.id,
        cf1_0.created_at,
        cf1_0.field_label,
        cf1_0.field_type,
        cf1_0.is_required,
        cf1_0.location,
        cf1_0.options,
        cf1_0.updated_at 
    from
        custom_fields cf1_0 
    where
        cf1_0.location=?
Hibernate: 
    select
        u1_0.id,
        u1_0.created_at,
        u1_0.email,
        u1_0.full_name,
        u1_0.last_login,
        u1_0.password,
        u1_0.role_id,
        u1_0.status,
        u1_0.token,
        u1_0.username 
    from
        users u1_0 
    where
        u1_0.token=?
Hibernate: 
    select
        f1_0.id,
        f1_0.balance_amount,
        f1_0.last_payment_date,
        f1_0.paid_amount,
        f1_0.status,
        f1_0.student_id,
        f1_0.total_amount 
    from
        fees f1_0 
    where
        f1_0.student_id=?
Hibernate: 
    select
        r1_0.id,
        r1_0.created_at,
        r1_0.role_name 
    from
        roles r1_0 
    where
        r1_0.id=?
Hibernate: 
    select
        c1_0.id,
        c1_0.category,
        c1_0.course_id,
        c1_0.created_at,
        c1_0.description,
        c1_0.duration,
        c1_0.fees,
        c1_0.image_path,
        c1_0.name,
        c1_0.status,
        c1_0.syllabus_path 
    from
        courses c1_0
Hibernate: 
    select
        s1_0.id,
        s1_0.created_at,
        s1_0.designation,
        s1_0.email,
        s1_0.experience,
        s1_0.joining_date,
        s1_0.last_login,
        s1_0.mobile,
        s1_0.name,
        s1_0.qualification,
        s1_0.salary,
        s1_0.staff_id,
        s1_0.status,
        s1_0.token 
    from
        staff s1_0 
    where
        s1_0.id=?
Hibernate: 
    select
        f1_0.id,
        f1_0.balance_amount,
        f1_0.last_payment_date,
        f1_0.paid_amount,
        f1_0.status,
        f1_0.student_id,
        f1_0.total_amount 
    from
        fees f1_0 
    where
        f1_0.student_id=?
Hibernate: 
    select
        c1_0.id,
        c1_0.category,
        c1_0.course_id,
        c1_0.created_at,
        c1_0.description,
        c1_0.duration,
        c1_0.fees,
        c1_0.image_path,
        c1_0.name,
        c1_0.status,
        c1_0.syllabus_path 
    from
        courses c1_0 
    where
        c1_0.id=?
Hibernate: 
    select
        b1_0.id,
        b1_0.batch_name,
        b1_0.course_id,
        b1_0.created_at,
        b1_0.instructor,
        b1_0.start_date,
        b1_0.status,
        b1_0.timing 
    from
        batches b1_0 
    where
        b1_0.id=?
Hibernate: 
    select
        f1_0.id,
        f1_0.balance_amount,
        f1_0.last_payment_date,
        f1_0.paid_amount,
        f1_0.status,
        f1_0.student_id,
        f1_0.total_amount 
    from
        fees f1_0 
    where
        f1_0.student_id=?
Hibernate: 
    select
        f1_0.id,
        f1_0.balance_amount,
        f1_0.last_payment_date,
        f1_0.paid_amount,
        f1_0.status,
        f1_0.student_id,
        f1_0.total_amount 
    from
        fees f1_0 
    where
        f1_0.student_id=?
Hibernate: 
    select
        s1_0.id,
        s1_0.created_at,
        s1_0.designation,
        s1_0.email,
        s1_0.experience,
        s1_0.joining_date,
        s1_0.last_login,
        s1_0.mobile,
        s1_0.name,
        s1_0.qualification,
        s1_0.salary,
        s1_0.staff_id,
        s1_0.status,
        s1_0.token 
    from
        staff s1_0 
    where
        s1_0.id=?
Hibernate: 
    select
        b1_0.id,
        b1_0.batch_name,
        b1_0.course_id,
        b1_0.created_at,
        b1_0.instructor,
        b1_0.start_date,
        b1_0.status,
        b1_0.timing 
    from
        batches b1_0 
    where
        b1_0.id=?
Hibernate: 
    select
        f1_0.id,
        f1_0.balance_amount,
        f1_0.last_payment_date,
        f1_0.paid_amount,
        f1_0.status,
        f1_0.student_id,
        f1_0.total_amount 
    from
        fees f1_0 
    where
        f1_0.student_id=?
Hibernate: 
    select
        f1_0.id,
        f1_0.balance_amount,
        f1_0.last_payment_date,
        f1_0.paid_amount,
        f1_0.status,
        f1_0.student_id,
        f1_0.total_amount 
    from
        fees f1_0 
    where
        f1_0.student_id=?
Hibernate: 
    select
        f1_0.id,
        f1_0.balance_amount,
        f1_0.last_payment_date,
        f1_0.paid_amount,
        f1_0.status,
        f1_0.student_id,
        f1_0.total_amount 
    from
        fees f1_0 
    where
        f1_0.student_id=?
Hibernate: 
    select
        f1_0.id,
        f1_0.balance_amount,
        f1_0.last_payment_date,
        f1_0.paid_amount,
        f1_0.status,
        f1_0.student_id,
        f1_0.total_amount 
    from
        fees f1_0 
    where
        f1_0.student_id=?
Hibernate: 
    select
        f1_0.id,
        f1_0.balance_amount,
        f1_0.last_payment_date,
        f1_0.paid_amount,
        f1_0.status,
        f1_0.student_id,
        f1_0.total_amount 
    from
        fees f1_0 
    where
        f1_0.student_id=?
Hibernate: 
    select
        s1_0.id,
        s1_0.created_at,
        s1_0.designation,
        s1_0.email,
        s1_0.experience,
        s1_0.joining_date,
        s1_0.last_login,
        s1_0.mobile,
        s1_0.name,
        s1_0.qualification,
        s1_0.salary,
        s1_0.staff_id,
        s1_0.status,
        s1_0.token 
    from
        staff s1_0 
    where
        s1_0.id=?
Hibernate: 
    select
        c1_0.id,
        c1_0.category,
        c1_0.course_id,
        c1_0.created_at,
        c1_0.description,
        c1_0.duration,
        c1_0.fees,
        c1_0.image_path,
        c1_0.name,
        c1_0.status,
        c1_0.syllabus_path 
    from
        courses c1_0 
    where
        c1_0.id=?
Hibernate: 
    select
        b1_0.id,
        b1_0.batch_name,
        b1_0.course_id,
        b1_0.created_at,
        b1_0.instructor,
        b1_0.start_date,
        b1_0.status,
        b1_0.timing 
    from
        batches b1_0 
    where
        b1_0.id=?
Hibernate: 
    select
        f1_0.id,
        f1_0.balance_amount,
        f1_0.last_payment_date,
        f1_0.paid_amount,
        f1_0.status,
        f1_0.student_id,
        f1_0.total_amount 
    from
        fees f1_0 
    where
        f1_0.student_id=?
Hibernate: 
    select
        f1_0.id,
        f1_0.balance_amount,
        f1_0.last_payment_date,
        f1_0.paid_amount,
        f1_0.status,
        f1_0.student_id,
        f1_0.total_amount 
    from
        fees f1_0 
    where
        f1_0.student_id=?
Hibernate: 
    select
        f1_0.id,
        f1_0.balance_amount,
        f1_0.last_payment_date,
        f1_0.paid_amount,
        f1_0.status,
        f1_0.student_id,
        f1_0.total_amount 
    from
        fees f1_0 
    where
        f1_0.student_id=?
Hibernate: 
    select
        f1_0.id,
        f1_0.balance_amount,
        f1_0.last_payment_date,
        f1_0.paid_amount,
        f1_0.status,
        f1_0.student_id,
        f1_0.total_amount 
    from
        fees f1_0 
    where
        f1_0.student_id=?
Hibernate: 
    select
        f1_0.id,
        f1_0.balance_amount,
        f1_0.last_payment_date,
        f1_0.paid_amount,
        f1_0.status,
        f1_0.student_id,
        f1_0.total_amount 
    from
        fees f1_0 
    where
        f1_0.student_id=?
Hibernate: 
    select
        f1_0.id,
        f1_0.balance_amount,
        f1_0.last_payment_date,
        f1_0.paid_amount,
        f1_0.status,
        f1_0.student_id,
        f1_0.total_amount 
    from
        fees f1_0 
    where
        f1_0.student_id=?
Hibernate: 
    select
        f1_0.id,
        f1_0.balance_amount,
        f1_0.last_payment_date,
        f1_0.paid_amount,
        f1_0.status,
        f1_0.student_id,
        f1_0.total_amount 
    from
        fees f1_0 
    where
        f1_0.student_id=?
Hibernate: 
    select
        f1_0.id,
        f1_0.balance_amount,
        f1_0.last_payment_date,
        f1_0.paid_amount,
        f1_0.status,
        f1_0.student_id,
        f1_0.total_amount 
    from
        fees f1_0 
    where
        f1_0.student_id=?
Hibernate: 
    select
        f1_0.id,
        f1_0.balance_amount,
        f1_0.last_payment_date,
        f1_0.paid_amount,
        f1_0.status,
        f1_0.student_id,
        f1_0.total_amount 
    from
        fees f1_0 
    where
        f1_0.student_id=?
Hibernate: 
    select
        f1_0.id,
        f1_0.balance_amount,
        f1_0.last_payment_date,
        f1_0.paid_amount,
        f1_0.status,
        f1_0.student_id,
        f1_0.total_amount 
    from
        fees f1_0 
    where
        f1_0.student_id=?
Hibernate: 
    select
        f1_0.id,
        f1_0.balance_amount,
        f1_0.last_payment_date,
        f1_0.paid_amount,
        f1_0.status,
        f1_0.student_id,
        f1_0.total_amount 
    from
        fees f1_0 
    where
        f1_0.student_id=?
Hibernate: 
    select
        u1_0.id,
        u1_0.created_at,
        u1_0.email,
        u1_0.full_name,
        u1_0.last_login,
        u1_0.password,
        u1_0.role_id,
        u1_0.status,
        u1_0.token,
        u1_0.username 
    from
        users u1_0 
    where
        u1_0.token=?
Hibernate: 
    select
        r1_0.id,
        r1_0.created_at,
        r1_0.role_name 
    from
        roles r1_0 
    where
        r1_0.id=?
Hibernate: 
    select
        n1_0.id,
        n1_0.created_at,
        n1_0.is_read,
        n1_0.message,
        n1_0.title,
        n1_0.type,
        n1_0.user_id,
        n1_0.user_type 
    from
        notifications n1_0 
    where
        (
            n1_0.user_id=? 
            or lower(n1_0.user_type)=lower(?) 
            or n1_0.user_type='all'
        ) 
    order by
        n1_0.created_at desc
Hibernate: 
    select
        u1_0.id,
        u1_0.created_at,
        u1_0.email,
        u1_0.full_name,
        u1_0.last_login,
        u1_0.password,
        u1_0.role_id,
        u1_0.status,
        u1_0.token,
        u1_0.username 
    from
        users u1_0 
    where
        u1_0.token=?
Hibernate: 
    select
        r1_0.id,
        r1_0.created_at,
        r1_0.role_name 
    from
        roles r1_0 
    where
        r1_0.id=?
Hibernate: 
    select
        n1_0.id,
        n1_0.created_at,
        n1_0.is_read,
        n1_0.message,
        n1_0.title,
        n1_0.type,
        n1_0.user_id,
        n1_0.user_type 
    from
        notifications n1_0 
    where
        (
            n1_0.user_id=? 
            or lower(n1_0.user_type)=lower(?) 
            or n1_0.user_type='all'
        ) 
    order by
        n1_0.created_at desc
Hibernate: 
    select
        u1_0.id,
        u1_0.created_at,
        u1_0.email,
        u1_0.full_name,
        u1_0.last_login,
        u1_0.password,
        u1_0.role_id,
        u1_0.status,
        u1_0.token,
        u1_0.username 
    from
        users u1_0 
    where
        u1_0.token=?
Hibernate: 
    select
        r1_0.id,
        r1_0.created_at,
        r1_0.role_name 
    from
        roles r1_0 
    where
        r1_0.id=?
Hibernate: 
    select
        n1_0.id,
        n1_0.created_at,
        n1_0.is_read,
        n1_0.message,
        n1_0.title,
        n1_0.type,
        n1_0.user_id,
        n1_0.user_type 
    from
        notifications n1_0 
    where
        (
            n1_0.user_id=? 
            or lower(n1_0.user_type)=lower(?) 
            or n1_0.user_type='all'
        ) 
    order by
        n1_0.created_at desc
Hibernate: 
    select
        u1_0.id,
        u1_0.created_at,
        u1_0.email,
        u1_0.full_name,
        u1_0.last_login,
        u1_0.password,
        u1_0.role_id,
        u1_0.status,
        u1_0.token,
        u1_0.username 
    from
        users u1_0 
    where
        u1_0.token=?
Hibernate: 
    select
        r1_0.id,
        r1_0.created_at,
        r1_0.role_name 
    from
        roles r1_0 
    where
        r1_0.id=?
Hibernate: 
    select
        n1_0.id,
        n1_0.created_at,
        n1_0.is_read,
        n1_0.message,
        n1_0.title,
        n1_0.type,
        n1_0.user_id,
        n1_0.user_type 
    from
        notifications n1_0 
    where
        (
            n1_0.user_id=? 
            or lower(n1_0.user_type)=lower(?) 
            or n1_0.user_type='all'
        ) 
    order by
        n1_0.created_at desc
Hibernate: 
    select
        u1_0.id,
        u1_0.created_at,
        u1_0.email,
        u1_0.full_name,
        u1_0.last_login,
        u1_0.password,
        u1_0.role_id,
        u1_0.status,
        u1_0.token,
        u1_0.username 
    from
        users u1_0 
    where
        u1_0.token=?
Hibernate: 
    select
        r1_0.id,
        r1_0.created_at,
        r1_0.role_name 
    from
        roles r1_0 
    where
        r1_0.id=?
Hibernate: 
    select
        n1_0.id,
        n1_0.created_at,
        n1_0.is_read,
        n1_0.message,
        n1_0.title,
        n1_0.type,
        n1_0.user_id,
        n1_0.user_type 
    from
        notifications n1_0 
    where
        (
            n1_0.user_id=? 
            or lower(n1_0.user_type)=lower(?) 
            or n1_0.user_type='all'
        ) 
    order by
        n1_0.created_at desc
Hibernate: 
    select
        u1_0.id,
        u1_0.created_at,
        u1_0.email,
        u1_0.full_name,
        u1_0.last_login,
        u1_0.password,
        u1_0.role_id,
        u1_0.status,
        u1_0.token,
        u1_0.username 
    from
        users u1_0 
    where
        u1_0.token=?
Hibernate: 
    select
        r1_0.id,
        r1_0.created_at,
        r1_0.role_name 
    from
        roles r1_0 
    where
        r1_0.id=?
Hibernate: 
    select
        n1_0.id,
        n1_0.created_at,
        n1_0.is_read,
        n1_0.message,
        n1_0.title,
        n1_0.type,
        n1_0.user_id,
        n1_0.user_type 
    from
        notifications n1_0 
    where
        (
            n1_0.user_id=? 
            or lower(n1_0.user_type)=lower(?) 
            or n1_0.user_type='all'
        ) 
    order by
        n1_0.created_at desc
Hibernate: 
    select
        u1_0.id,
        u1_0.created_at,
        u1_0.email,
        u1_0.full_name,
        u1_0.last_login,
        u1_0.password,
        u1_0.role_id,
        u1_0.status,
        u1_0.token,
        u1_0.username 
    from
        users u1_0 
    where
        u1_0.token=?
Hibernate: 
    select
        u1_0.id,
        u1_0.created_at,
        u1_0.email,
        u1_0.full_name,
        u1_0.last_login,
        u1_0.password,
        u1_0.role_id,
        u1_0.status,
        u1_0.token,
        u1_0.username 
    from
        users u1_0 
    where
        u1_0.token=?
Hibernate: 
    select
        u1_0.id,
        u1_0.created_at,
        u1_0.email,
        u1_0.full_name,
        u1_0.last_login,
        u1_0.password,
        u1_0.role_id,
        u1_0.status,
        u1_0.token,
        u1_0.username 
    from
        users u1_0 
    where
        u1_0.token=?
Hibernate: 
    select
        u1_0.id,
        u1_0.created_at,
        u1_0.email,
        u1_0.full_name,
        u1_0.last_login,
        u1_0.password,
        u1_0.role_id,
        u1_0.status,
        u1_0.token,
        u1_0.username 
    from
        users u1_0 
    where
        u1_0.token=?
Hibernate: 
    select
        u1_0.id,
        u1_0.created_at,
        u1_0.email,
        u1_0.full_name,
        u1_0.last_login,
        u1_0.password,
        u1_0.role_id,
        u1_0.status,
        u1_0.token,
        u1_0.username 
    from
        users u1_0 
    where
        u1_0.token=?
Hibernate: 
    select
        r1_0.id,
        r1_0.created_at,
        r1_0.role_name 
    from
        roles r1_0 
    where
        r1_0.id=?
Hibernate: 
    select
        r1_0.id,
        r1_0.created_at,
        r1_0.role_name 
    from
        roles r1_0 
    where
        r1_0.id=?
Hibernate: 
    select
        r1_0.id,
        r1_0.created_at,
        r1_0.role_name 
    from
        roles r1_0 
    where
        r1_0.id=?
Hibernate: 
    select
        r1_0.id,
        r1_0.created_at,
        r1_0.role_name 
    from
        roles r1_0 
    where
        r1_0.id=?
Hibernate: 
    select
        al1_0.id,
        al1_0.action,
        al1_0.created_at,
        al1_0.description,
        al1_0.user_id,
        al1_0.user_type 
    from
        activity_log al1_0 
    order by
        al1_0.created_at desc 
    limit
        ?
Hibernate: 
    select
        u1_0.id,
        u1_0.created_at,
        u1_0.email,
        u1_0.full_name,
        u1_0.last_login,
        u1_0.password,
        u1_0.role_id,
        u1_0.status,
        u1_0.token,
        u1_0.username 
    from
        users u1_0 
    where
        u1_0.token=?
Hibernate: 
    select
        r1_0.id,
        r1_0.created_at,
        r1_0.role_name 
    from
        roles r1_0 
    where
        r1_0.id=?
Hibernate: 
    select
        e1_0.category,
        sum(e1_0.amount) 
    from
        expenses e1_0 
    group by
        e1_0.category
Hibernate: 
    SELECT
        DATE_FORMAT(joining_date, '%b') as month,
        COUNT(*) as count 
    FROM
        students 
    WHERE
        joining_date >= ? 
    GROUP BY
        DATE_FORMAT(joining_date, '%Y-%m') 
    ORDER BY
        joining_date ASC
Hibernate: 
    select
        c1_0.id,
        c1_0.category,
        c1_0.course_id,
        c1_0.created_at,
        c1_0.description,
        c1_0.duration,
        c1_0.fees,
        c1_0.image_path,
        c1_0.name,
        c1_0.status,
        c1_0.syllabus_path 
    from
        courses c1_0
Hibernate: 
    select
        count(*) 
    from
        students s1_0
Hibernate: 
    select
        s1_0.id,
        s1_0.batch_id,
        s1_0.course_id,
        s1_0.created_at,
        s1_0.district,
        s1_0.dob,
        s1_0.email,
        s1_0.father_name,
        s1_0.instructor,
        s1_0.joining_date,
        s1_0.last_login,
        s1_0.mobile,
        s1_0.name,
        s1_0.parent_mobile,
        s1_0.password,
        s1_0.qualification,
        s1_0.referral_profession,
        s1_0.referred_by,
        s1_0.reg_number,
        s1_0.start_date,
        s1_0.status,
        s1_0.timing,
        s1_0.token 
    from
        students s1_0 
    where
        s1_0.course_id=?
Hibernate: 
    select
        count(s1_0.id) 
    from
        students s1_0 
    where
        s1_0.status=?
Hibernate: 
    select
        count(s1_0.id) 
    from
        students s1_0 
    where
        s1_0.status=?
Hibernate: 
    select
        count(*) 
    from
        batches b1_0
Hibernate: 
    select
        count(*) 
    from
        courses c1_0
Hibernate: 
    select
        s1_0.id,
        s1_0.batch_id,
        s1_0.course_id,
        s1_0.created_at,
        s1_0.district,
        s1_0.dob,
        s1_0.email,
        s1_0.father_name,
        s1_0.instructor,
        s1_0.joining_date,
        s1_0.last_login,
        s1_0.mobile,
        s1_0.name,
        s1_0.parent_mobile,
        s1_0.password,
        s1_0.qualification,
        s1_0.referral_profession,
        s1_0.referred_by,
        s1_0.reg_number,
        s1_0.start_date,
        s1_0.status,
        s1_0.timing,
        s1_0.token 
    from
        students s1_0 
    where
        s1_0.course_id=?
Hibernate: 
    select
        coalesce(sum(f1_0.paid_amount), 0) 
    from
        fees f1_0
Hibernate: 
    select
        f1_0.id,
        f1_0.balance_amount,
        f1_0.last_payment_date,
        f1_0.paid_amount,
        f1_0.status,
        f1_0.student_id,
        f1_0.total_amount 
    from
        fees f1_0 
    where
        f1_0.student_id=?
Hibernate: 
    select
        r1_0.id,
        r1_0.created_at,
        r1_0.role_name 
    from
        roles r1_0 
    where
        r1_0.id=?
Hibernate: 
    select
        f1_0.id,
        f1_0.balance_amount,
        f1_0.last_payment_date,
        f1_0.paid_amount,
        f1_0.status,
        f1_0.student_id,
        f1_0.total_amount 
    from
        fees f1_0 
    where
        f1_0.student_id=?
Hibernate: 
    select
        f1_0.id,
        f1_0.balance_amount,
        f1_0.last_payment_date,
        f1_0.paid_amount,
        f1_0.status,
        f1_0.student_id,
        f1_0.total_amount 
    from
        fees f1_0 
    where
        f1_0.student_id=?
Hibernate: 
    select
        f1_0.id,
        f1_0.balance_amount,
        f1_0.last_payment_date,
        f1_0.paid_amount,
        f1_0.status,
        f1_0.student_id,
        f1_0.total_amount 
    from
        fees f1_0
Hibernate: 
    select
        f1_0.id,
        f1_0.balance_amount,
        f1_0.last_payment_date,
        f1_0.paid_amount,
        f1_0.status,
        f1_0.student_id,
        f1_0.total_amount 
    from
        fees f1_0 
    where
        f1_0.student_id=?
Hibernate: 
    select
        f1_0.id,
        f1_0.balance_amount,
        f1_0.last_payment_date,
        f1_0.paid_amount,
        f1_0.status,
        f1_0.student_id,
        f1_0.total_amount 
    from
        fees f1_0 
    where
        f1_0.student_id=?
Hibernate: 
    select
        s1_0.id,
        s1_0.batch_id,
        s1_0.course_id,
        s1_0.created_at,
        s1_0.district,
        s1_0.dob,
        s1_0.email,
        s1_0.father_name,
        s1_0.instructor,
        s1_0.joining_date,
        s1_0.last_login,
        s1_0.mobile,
        s1_0.name,
        s1_0.parent_mobile,
        s1_0.password,
        s1_0.qualification,
        s1_0.referral_profession,
        s1_0.referred_by,
        s1_0.reg_number,
        s1_0.start_date,
        s1_0.status,
        s1_0.timing,
        s1_0.token 
    from
        students s1_0 
    where
        s1_0.id=?
Hibernate: 
    select
        f1_0.id,
        f1_0.balance_amount,
        f1_0.last_payment_date,
        f1_0.paid_amount,
        f1_0.status,
        f1_0.student_id,
        f1_0.total_amount 
    from
        fees f1_0 
    where
        f1_0.student_id=?
Hibernate: 
    select
        f1_0.id,
        f1_0.balance_amount,
        f1_0.last_payment_date,
        f1_0.paid_amount,
        f1_0.status,
        f1_0.student_id,
        f1_0.total_amount 
    from
        fees f1_0 
    where
        f1_0.student_id=?
Hibernate: 
    select
        s1_0.id,
        s1_0.batch_id,
        s1_0.course_id,
        s1_0.created_at,
        s1_0.district,
        s1_0.dob,
        s1_0.email,
        s1_0.father_name,
        s1_0.instructor,
        s1_0.joining_date,
        s1_0.last_login,
        s1_0.mobile,
        s1_0.name,
        s1_0.parent_mobile,
        s1_0.password,
        s1_0.qualification,
        s1_0.referral_profession,
        s1_0.referred_by,
        s1_0.reg_number,
        s1_0.start_date,
        s1_0.status,
        s1_0.timing,
        s1_0.token 
    from
        students s1_0 
    where
        s1_0.id=?
Hibernate: 
    select
        f1_0.id,
        f1_0.balance_amount,
        f1_0.last_payment_date,
        f1_0.paid_amount,
        f1_0.status,
        f1_0.student_id,
        f1_0.total_amount 
    from
        fees f1_0 
    where
        f1_0.student_id=?
Hibernate: 
    select
        f1_0.id,
        f1_0.balance_amount,
        f1_0.last_payment_date,
        f1_0.paid_amount,
        f1_0.status,
        f1_0.student_id,
        f1_0.total_amount 
    from
        fees f1_0 
    where
        f1_0.student_id=?
Hibernate: 
    select
        f1_0.id,
        f1_0.balance_amount,
        f1_0.last_payment_date,
        f1_0.paid_amount,
        f1_0.status,
        f1_0.student_id,
        f1_0.total_amount 
    from
        fees f1_0 
    where
        f1_0.student_id=?
Hibernate: 
    select
        s1_0.id,
        s1_0.batch_id,
        s1_0.course_id,
        s1_0.created_at,
        s1_0.district,
        s1_0.dob,
        s1_0.email,
        s1_0.father_name,
        s1_0.instructor,
        s1_0.joining_date,
        s1_0.last_login,
        s1_0.mobile,
        s1_0.name,
        s1_0.parent_mobile,
        s1_0.password,
        s1_0.qualification,
        s1_0.referral_profession,
        s1_0.referred_by,
        s1_0.reg_number,
        s1_0.start_date,
        s1_0.status,
        s1_0.timing,
        s1_0.token 
    from
        students s1_0 
    where
        s1_0.id=?
Hibernate: 
    select
        f1_0.id,
        f1_0.balance_amount,
        f1_0.last_payment_date,
        f1_0.paid_amount,
        f1_0.status,
        f1_0.student_id,
        f1_0.total_amount 
    from
        fees f1_0 
    where
        f1_0.student_id=?
Hibernate: 
    select
        f1_0.id,
        f1_0.balance_amount,
        f1_0.last_payment_date,
        f1_0.paid_amount,
        f1_0.status,
        f1_0.student_id,
        f1_0.total_amount 
    from
        fees f1_0 
    where
        f1_0.student_id=?
Hibernate: 
    select
        s1_0.id,
        s1_0.batch_id,
        s1_0.course_id,
        s1_0.created_at,
        s1_0.district,
        s1_0.dob,
        s1_0.email,
        s1_0.father_name,
        s1_0.instructor,
        s1_0.joining_date,
        s1_0.last_login,
        s1_0.mobile,
        s1_0.name,
        s1_0.parent_mobile,
        s1_0.password,
        s1_0.qualification,
        s1_0.referral_profession,
        s1_0.referred_by,
        s1_0.reg_number,
        s1_0.start_date,
        s1_0.status,
        s1_0.timing,
        s1_0.token 
    from
        students s1_0 
    where
        s1_0.id=?
Hibernate: 
    select
        f1_0.id,
        f1_0.balance_amount,
        f1_0.last_payment_date,
        f1_0.paid_amount,
        f1_0.status,
        f1_0.student_id,
        f1_0.total_amount 
    from
        fees f1_0 
    where
        f1_0.student_id=?
Hibernate: 
    select
        f1_0.id,
        f1_0.balance_amount,
        f1_0.last_payment_date,
        f1_0.paid_amount,
        f1_0.status,
        f1_0.student_id,
        f1_0.total_amount 
    from
        fees f1_0 
    where
        f1_0.student_id=?
Hibernate: 
    select
        s1_0.id,
        s1_0.batch_id,
        s1_0.course_id,
        s1_0.created_at,
        s1_0.district,
        s1_0.dob,
        s1_0.email,
        s1_0.father_name,
        s1_0.instructor,
        s1_0.joining_date,
        s1_0.last_login,
        s1_0.mobile,
        s1_0.name,
        s1_0.parent_mobile,
        s1_0.password,
        s1_0.qualification,
        s1_0.referral_profession,
        s1_0.referred_by,
        s1_0.reg_number,
        s1_0.start_date,
        s1_0.status,
        s1_0.timing,
        s1_0.token 
    from
        students s1_0 
    where
        s1_0.id=?
Hibernate: 
    select
        f1_0.id,
        f1_0.balance_amount,
        f1_0.last_payment_date,
        f1_0.paid_amount,
        f1_0.status,
        f1_0.student_id,
        f1_0.total_amount 
    from
        fees f1_0 
    where
        f1_0.student_id=?
Hibernate: 
    select
        f1_0.id,
        f1_0.balance_amount,
        f1_0.last_payment_date,
        f1_0.paid_amount,
        f1_0.status,
        f1_0.student_id,
        f1_0.total_amount 
    from
        fees f1_0 
    where
        f1_0.student_id=?
Hibernate: 
    select
        s1_0.id,
        s1_0.batch_id,
        s1_0.course_id,
        s1_0.created_at,
        s1_0.district,
        s1_0.dob,
        s1_0.email,
        s1_0.father_name,
        s1_0.instructor,
        s1_0.joining_date,
        s1_0.last_login,
        s1_0.mobile,
        s1_0.name,
        s1_0.parent_mobile,
        s1_0.password,
        s1_0.qualification,
        s1_0.referral_profession,
        s1_0.referred_by,
        s1_0.reg_number,
        s1_0.start_date,
        s1_0.status,
        s1_0.timing,
        s1_0.token 
    from
        students s1_0 
    where
        s1_0.id=?
Hibernate: 
    select
        s1_0.id,
        s1_0.batch_id,
        s1_0.course_id,
        s1_0.created_at,
        s1_0.district,
        s1_0.dob,
        s1_0.email,
        s1_0.father_name,
        s1_0.instructor,
        s1_0.joining_date,
        s1_0.last_login,
        s1_0.mobile,
        s1_0.name,
        s1_0.parent_mobile,
        s1_0.password,
        s1_0.qualification,
        s1_0.referral_profession,
        s1_0.referred_by,
        s1_0.reg_number,
        s1_0.start_date,
        s1_0.status,
        s1_0.timing,
        s1_0.token 
    from
        students s1_0 
    where
        s1_0.course_id=?
Hibernate: 
    select
        s1_0.id,
        s1_0.batch_id,
        s1_0.course_id,
        s1_0.created_at,
        s1_0.district,
        s1_0.dob,
        s1_0.email,
        s1_0.father_name,
        s1_0.instructor,
        s1_0.joining_date,
        s1_0.last_login,
        s1_0.mobile,
        s1_0.name,
        s1_0.parent_mobile,
        s1_0.password,
        s1_0.qualification,
        s1_0.referral_profession,
        s1_0.referred_by,
        s1_0.reg_number,
        s1_0.start_date,
        s1_0.status,
        s1_0.timing,
        s1_0.token 
    from
        students s1_0 
    where
        s1_0.id=?
Hibernate: 
    select
        s1_0.id,
        s1_0.batch_id,
        s1_0.course_id,
        s1_0.created_at,
        s1_0.district,
        s1_0.dob,
        s1_0.email,
        s1_0.father_name,
        s1_0.instructor,
        s1_0.joining_date,
        s1_0.last_login,
        s1_0.mobile,
        s1_0.name,
        s1_0.parent_mobile,
        s1_0.password,
        s1_0.qualification,
        s1_0.referral_profession,
        s1_0.referred_by,
        s1_0.reg_number,
        s1_0.start_date,
        s1_0.status,
        s1_0.timing,
        s1_0.token 
    from
        students s1_0 
    where
        s1_0.course_id=?
Hibernate: 
    select
        s1_0.id,
        s1_0.batch_id,
        s1_0.course_id,
        s1_0.created_at,
        s1_0.district,
        s1_0.dob,
        s1_0.email,
        s1_0.father_name,
        s1_0.instructor,
        s1_0.joining_date,
        s1_0.last_login,
        s1_0.mobile,
        s1_0.name,
        s1_0.parent_mobile,
        s1_0.password,
        s1_0.qualification,
        s1_0.referral_profession,
        s1_0.referred_by,
        s1_0.reg_number,
        s1_0.start_date,
        s1_0.status,
        s1_0.timing,
        s1_0.token 
    from
        students s1_0 
    where
        s1_0.id=?
Hibernate: 
    select
        f1_0.id,
        f1_0.balance_amount,
        f1_0.last_payment_date,
        f1_0.paid_amount,
        f1_0.status,
        f1_0.student_id,
        f1_0.total_amount 
    from
        fees f1_0 
    where
        f1_0.student_id=?
Hibernate: 
    select
        f1_0.id,
        f1_0.balance_amount,
        f1_0.last_payment_date,
        f1_0.paid_amount,
        f1_0.status,
        f1_0.student_id,
        f1_0.total_amount 
    from
        fees f1_0 
    where
        f1_0.student_id=?
Hibernate: 
    select
        s1_0.id,
        s1_0.batch_id,
        s1_0.course_id,
        s1_0.created_at,
        s1_0.district,
        s1_0.dob,
        s1_0.email,
        s1_0.father_name,
        s1_0.instructor,
        s1_0.joining_date,
        s1_0.last_login,
        s1_0.mobile,
        s1_0.name,
        s1_0.parent_mobile,
        s1_0.password,
        s1_0.qualification,
        s1_0.referral_profession,
        s1_0.referred_by,
        s1_0.reg_number,
        s1_0.start_date,
        s1_0.status,
        s1_0.timing,
        s1_0.token 
    from
        students s1_0 
    where
        s1_0.id=?
Hibernate: 
    select
        s1_0.id,
        s1_0.batch_id,
        s1_0.course_id,
        s1_0.created_at,
        s1_0.district,
        s1_0.dob,
        s1_0.email,
        s1_0.father_name,
        s1_0.instructor,
        s1_0.joining_date,
        s1_0.last_login,
        s1_0.mobile,
        s1_0.name,
        s1_0.parent_mobile,
        s1_0.password,
        s1_0.qualification,
        s1_0.referral_profession,
        s1_0.referred_by,
        s1_0.reg_number,
        s1_0.start_date,
        s1_0.status,
        s1_0.timing,
        s1_0.token 
    from
        students s1_0 
    where
        s1_0.course_id=?
Hibernate: 
    select
        s1_0.id,
        s1_0.batch_id,
        s1_0.course_id,
        s1_0.created_at,
        s1_0.district,
        s1_0.dob,
        s1_0.email,
        s1_0.father_name,
        s1_0.instructor,
        s1_0.joining_date,
        s1_0.last_login,
        s1_0.mobile,
        s1_0.name,
        s1_0.parent_mobile,
        s1_0.password,
        s1_0.qualification,
        s1_0.referral_profession,
        s1_0.referred_by,
        s1_0.reg_number,
        s1_0.start_date,
        s1_0.status,
        s1_0.timing,
        s1_0.token 
    from
        students s1_0 
    where
        s1_0.id=?
Hibernate: 
    select
        s1_0.id,
        s1_0.batch_id,
        s1_0.course_id,
        s1_0.created_at,
        s1_0.district,
        s1_0.dob,
        s1_0.email,
        s1_0.father_name,
        s1_0.instructor,
        s1_0.joining_date,
        s1_0.last_login,
        s1_0.mobile,
        s1_0.name,
        s1_0.parent_mobile,
        s1_0.password,
        s1_0.qualification,
        s1_0.referral_profession,
        s1_0.referred_by,
        s1_0.reg_number,
        s1_0.start_date,
        s1_0.status,
        s1_0.timing,
        s1_0.token 
    from
        students s1_0 
    where
        s1_0.course_id=?
Hibernate: 
    select
        f1_0.id,
        f1_0.balance_amount,
        f1_0.last_payment_date,
        f1_0.paid_amount,
        f1_0.status,
        f1_0.student_id,
        f1_0.total_amount 
    from
        fees f1_0 
    where
        f1_0.student_id=?
Hibernate: 
    select
        s1_0.id,
        s1_0.batch_id,
        s1_0.course_id,
        s1_0.created_at,
        s1_0.district,
        s1_0.dob,
        s1_0.email,
        s1_0.father_name,
        s1_0.instructor,
        s1_0.joining_date,
        s1_0.last_login,
        s1_0.mobile,
        s1_0.name,
        s1_0.parent_mobile,
        s1_0.password,
        s1_0.qualification,
        s1_0.referral_profession,
        s1_0.referred_by,
        s1_0.reg_number,
        s1_0.start_date,
        s1_0.status,
        s1_0.timing,
        s1_0.token 
    from
        students s1_0 
    where
        s1_0.id=?
Hibernate: 
    select
        f1_0.id,
        f1_0.balance_amount,
        f1_0.last_payment_date,
        f1_0.paid_amount,
        f1_0.status,
        f1_0.student_id,
        f1_0.total_amount 
    from
        fees f1_0 
    where
        f1_0.student_id=?
Hibernate: 
    select
        s1_0.id,
        s1_0.batch_id,
        s1_0.course_id,
        s1_0.created_at,
        s1_0.district,
        s1_0.dob,
        s1_0.email,
        s1_0.father_name,
        s1_0.instructor,
        s1_0.joining_date,
        s1_0.last_login,
        s1_0.mobile,
        s1_0.name,
        s1_0.parent_mobile,
        s1_0.password,
        s1_0.qualification,
        s1_0.referral_profession,
        s1_0.referred_by,
        s1_0.reg_number,
        s1_0.start_date,
        s1_0.status,
        s1_0.timing,
        s1_0.token 
    from
        students s1_0 
    where
        s1_0.course_id=?
Hibernate: 
    select
        s1_0.id,
        s1_0.batch_id,
        s1_0.course_id,
        s1_0.created_at,
        s1_0.district,
        s1_0.dob,
        s1_0.email,
        s1_0.father_name,
        s1_0.instructor,
        s1_0.joining_date,
        s1_0.last_login,
        s1_0.mobile,
        s1_0.name,
        s1_0.parent_mobile,
        s1_0.password,
        s1_0.qualification,
        s1_0.referral_profession,
        s1_0.referred_by,
        s1_0.reg_number,
        s1_0.start_date,
        s1_0.status,
        s1_0.timing,
        s1_0.token 
    from
        students s1_0 
    where
        s1_0.id=?
Hibernate: 
    select
        s1_0.id,
        s1_0.batch_id,
        s1_0.course_id,
        s1_0.created_at,
        s1_0.district,
        s1_0.dob,
        s1_0.email,
        s1_0.father_name,
        s1_0.instructor,
        s1_0.joining_date,
        s1_0.last_login,
        s1_0.mobile,
        s1_0.name,
        s1_0.parent_mobile,
        s1_0.password,
        s1_0.qualification,
        s1_0.referral_profession,
        s1_0.referred_by,
        s1_0.reg_number,
        s1_0.start_date,
        s1_0.status,
        s1_0.timing,
        s1_0.token 
    from
        students s1_0 
    where
        s1_0.course_id=?
Hibernate: 
    select
        s1_0.id,
        s1_0.batch_id,
        s1_0.course_id,
        s1_0.created_at,
        s1_0.district,
        s1_0.dob,
        s1_0.email,
        s1_0.father_name,
        s1_0.instructor,
        s1_0.joining_date,
        s1_0.last_login,
        s1_0.mobile,
        s1_0.name,
        s1_0.parent_mobile,
        s1_0.password,
        s1_0.qualification,
        s1_0.referral_profession,
        s1_0.referred_by,
        s1_0.reg_number,
        s1_0.start_date,
        s1_0.status,
        s1_0.timing,
        s1_0.token 
    from
        students s1_0 
    where
        s1_0.id=?
Hibernate: 
    select
        s1_0.id,
        s1_0.batch_id,
        s1_0.course_id,
        s1_0.created_at,
        s1_0.district,
        s1_0.dob,
        s1_0.email,
        s1_0.father_name,
        s1_0.instructor,
        s1_0.joining_date,
        s1_0.last_login,
        s1_0.mobile,
        s1_0.name,
        s1_0.parent_mobile,
        s1_0.password,
        s1_0.qualification,
        s1_0.referral_profession,
        s1_0.referred_by,
        s1_0.reg_number,
        s1_0.start_date,
        s1_0.status,
        s1_0.timing,
        s1_0.token 
    from
        students s1_0 
    where
        s1_0.id=?
Hibernate: 
    select
        u1_0.id,
        u1_0.created_at,
        u1_0.email,
        u1_0.full_name,
        u1_0.last_login,
        u1_0.password,
        u1_0.role_id,
        u1_0.status,
        u1_0.token,
        u1_0.username 
    from
        users u1_0 
    where
        u1_0.token=?
Hibernate: 
    select
        r1_0.id,
        r1_0.created_at,
        r1_0.role_name 
    from
        roles r1_0 
    where
        r1_0.id=?
Hibernate: 
    select
        n1_0.id,
        n1_0.created_at,
        n1_0.is_read,
        n1_0.message,
        n1_0.title,
        n1_0.type,
        n1_0.user_id,
        n1_0.user_type 
    from
        notifications n1_0 
    where
        (
            n1_0.user_id=? 
            or lower(n1_0.user_type)=lower(?) 
            or n1_0.user_type='all'
        ) 
    order by
        n1_0.created_at desc
Hibernate: 
    select
        u1_0.id,
        u1_0.created_at,
        u1_0.email,
        u1_0.full_name,
        u1_0.last_login,
        u1_0.password,
        u1_0.role_id,
        u1_0.status,
        u1_0.token,
        u1_0.username 
    from
        users u1_0 
    where
        u1_0.token=?
Hibernate: 
    select
        u1_0.id,
        u1_0.created_at,
        u1_0.email,
        u1_0.full_name,
        u1_0.last_login,
        u1_0.password,
        u1_0.role_id,
        u1_0.status,
        u1_0.token,
        u1_0.username 
    from
        users u1_0 
    where
        u1_0.token=?
Hibernate: 
    select
        u1_0.id,
        u1_0.created_at,
        u1_0.email,
        u1_0.full_name,
        u1_0.last_login,
        u1_0.password,
        u1_0.role_id,
        u1_0.status,
        u1_0.token,
        u1_0.username 
    from
        users u1_0 
    where
        u1_0.token=?
Hibernate: 
    select
        r1_0.id,
        r1_0.created_at,
        r1_0.role_name 
    from
        roles r1_0 
    where
        r1_0.id=?
Hibernate: 
    select
        u1_0.id,
        u1_0.created_at,
        u1_0.email,
        u1_0.full_name,
        u1_0.last_login,
        u1_0.password,
        u1_0.role_id,
        u1_0.status,
        u1_0.token,
        u1_0.username 
    from
        users u1_0 
    where
        u1_0.token=?
Hibernate: 
    select
        r1_0.id,
        r1_0.created_at,
        r1_0.role_name 
    from
        roles r1_0 
    where
        r1_0.id=?
Hibernate: 
    select
        c1_0.id,
        c1_0.category,
        c1_0.course_id,
        c1_0.created_at,
        c1_0.description,
        c1_0.duration,
        c1_0.fees,
        c1_0.image_path,
        c1_0.name,
        c1_0.status,
        c1_0.syllabus_path 
    from
        courses c1_0
Hibernate: 
    select
        u1_0.id,
        u1_0.created_at,
        u1_0.email,
        u1_0.full_name,
        u1_0.last_login,
        u1_0.password,
        u1_0.role_id,
        u1_0.status,
        u1_0.token,
        u1_0.username 
    from
        users u1_0 
    where
        u1_0.token=?
Hibernate: 
    select
        r1_0.id,
        r1_0.created_at,
        r1_0.role_name 
    from
        roles r1_0 
    where
        r1_0.id=?
Hibernate: 
    select
        c1_0.id,
        c1_0.category,
        c1_0.course_id,
        c1_0.created_at,
        c1_0.description,
        c1_0.duration,
        c1_0.fees,
        c1_0.image_path,
        c1_0.name,
        c1_0.status,
        c1_0.syllabus_path 
    from
        courses c1_0
Hibernate: 
    select
        cf1_0.id,
        cf1_0.created_at,
        cf1_0.field_label,
        cf1_0.field_type,
        cf1_0.is_required,
        cf1_0.location,
        cf1_0.options,
        cf1_0.updated_at 
    from
        custom_fields cf1_0 
    where
        cf1_0.location=?
Hibernate: 
    select
        r1_0.id,
        r1_0.created_at,
        r1_0.role_name 
    from
        roles r1_0 
    where
        r1_0.id=?
Hibernate: 
    select
        is1_0.id,
        is1_0.address,
        is1_0.admin_as_staff,
        is1_0.allow_performance_exams,
        is1_0.appearance_color,
        is1_0.appearance_mode,
        is1_0.course_id_last_number,
        is1_0.course_id_mode,
        is1_0.course_id_prefix,
        is1_0.course_id_start_from,
        is1_0.course_id_suffix,
        is1_0.email,
        is1_0.institute_name,
        is1_0.logo_path,
        is1_0.name,
        is1_0.phone,
        is1_0.reg_last_number,
        is1_0.reg_mode,
        is1_0.reg_prefix,
        is1_0.reg_start_from,
        is1_0.reg_suffix,
        is1_0.registration_id,
        is1_0.staff_id_last_number,
        is1_0.staff_id_mode,
        is1_0.staff_id_prefix,
        is1_0.staff_id_start_from,
        is1_0.staff_id_suffix,
        is1_0.updated_at 
    from
        institute_settings is1_0 
    where
        is1_0.id=?
Hibernate: 
    select
        u1_0.id,
        u1_0.created_at,
        u1_0.email,
        u1_0.full_name,
        u1_0.last_login,
        u1_0.password,
        u1_0.role_id,
        u1_0.status,
        u1_0.token,
        u1_0.username 
    from
        users u1_0 
    where
        u1_0.token=?
Hibernate: 
    select
        r1_0.id,
        r1_0.created_at,
        r1_0.role_name 
    from
        roles r1_0 
    where
        r1_0.id=?
Hibernate: 
    select
        r1_0.id,
        r1_0.created_at,
        r1_0.role_name 
    from
        roles r1_0 
    where
        r1_0.id=?
Hibernate: 
    select
        cf1_0.id,
        cf1_0.created_at,
        cf1_0.field_label,
        cf1_0.field_type,
        cf1_0.is_required,
        cf1_0.location,
        cf1_0.options,
        cf1_0.updated_at 
    from
        custom_fields cf1_0 
    where
        cf1_0.location=?
Hibernate: 
    select
        s1_0.id,
        s1_0.batch_id,
        s1_0.course_id,
        s1_0.created_at,
        s1_0.district,
        s1_0.dob,
        s1_0.email,
        s1_0.father_name,
        s1_0.instructor,
        s1_0.joining_date,
        s1_0.last_login,
        s1_0.mobile,
        s1_0.name,
        s1_0.parent_mobile,
        s1_0.password,
        s1_0.qualification,
        s1_0.referral_profession,
        s1_0.referred_by,
        s1_0.reg_number,
        s1_0.start_date,
        s1_0.status,
        s1_0.timing,
        s1_0.token 
    from
        students s1_0 
    order by
        s1_0.reg_number
Hibernate: 
    select
        c1_0.id,
        c1_0.category,
        c1_0.course_id,
        c1_0.created_at,
        c1_0.description,
        c1_0.duration,
        c1_0.fees,
        c1_0.image_path,
        c1_0.name,
        c1_0.status,
        c1_0.syllabus_path 
    from
        courses c1_0 
    where
        c1_0.id=?
Hibernate: 
    select
        f1_0.id,
        f1_0.balance_amount,
        f1_0.last_payment_date,
        f1_0.paid_amount,
        f1_0.status,
        f1_0.student_id,
        f1_0.total_amount 
    from
        fees f1_0 
    where
        f1_0.student_id=?
Hibernate: 
    select
        s1_0.id,
        s1_0.created_at,
        s1_0.designation,
        s1_0.email,
        s1_0.experience,
        s1_0.joining_date,
        s1_0.last_login,
        s1_0.mobile,
        s1_0.name,
        s1_0.qualification,
        s1_0.salary,
        s1_0.staff_id,
        s1_0.status,
        s1_0.token 
    from
        staff s1_0 
    where
        s1_0.id=?
Hibernate: 
    select
        f1_0.id,
        f1_0.balance_amount,
        f1_0.last_payment_date,
        f1_0.paid_amount,
        f1_0.status,
        f1_0.student_id,
        f1_0.total_amount 
    from
        fees f1_0 
    where
        f1_0.student_id=?
Hibernate: 
    select
        c1_0.id,
        c1_0.category,
        c1_0.course_id,
        c1_0.created_at,
        c1_0.description,
        c1_0.duration,
        c1_0.fees,
        c1_0.image_path,
        c1_0.name,
        c1_0.status,
        c1_0.syllabus_path 
    from
        courses c1_0 
    where
        c1_0.id=?
Hibernate: 
    select
        b1_0.id,
        b1_0.batch_name,
        b1_0.course_id,
        b1_0.created_at,
        b1_0.instructor,
        b1_0.start_date,
        b1_0.status,
        b1_0.timing 
    from
        batches b1_0 
    where
        b1_0.id=?
Hibernate: 
    select
        f1_0.id,
        f1_0.balance_amount,
        f1_0.last_payment_date,
        f1_0.paid_amount,
        f1_0.status,
        f1_0.student_id,
        f1_0.total_amount 
    from
        fees f1_0 
    where
        f1_0.student_id=?
Hibernate: 
    select
        f1_0.id,
        f1_0.balance_amount,
        f1_0.last_payment_date,
        f1_0.paid_amount,
        f1_0.status,
        f1_0.student_id,
        f1_0.total_amount 
    from
        fees f1_0 
    where
        f1_0.student_id=?
Hibernate: 
    select
        s1_0.id,
        s1_0.created_at,
        s1_0.designation,
        s1_0.email,
        s1_0.experience,
        s1_0.joining_date,
        s1_0.last_login,
        s1_0.mobile,
        s1_0.name,
        s1_0.qualification,
        s1_0.salary,
        s1_0.staff_id,
        s1_0.status,
        s1_0.token 
    from
        staff s1_0 
    where
        s1_0.id=?
Hibernate: 
    select
        b1_0.id,
        b1_0.batch_name,
        b1_0.course_id,
        b1_0.created_at,
        b1_0.instructor,
        b1_0.start_date,
        b1_0.status,
        b1_0.timing 
    from
        batches b1_0 
    where
        b1_0.id=?
Hibernate: 
    select
        f1_0.id,
        f1_0.balance_amount,
        f1_0.last_payment_date,
        f1_0.paid_amount,
        f1_0.status,
        f1_0.student_id,
        f1_0.total_amount 
    from
        fees f1_0 
    where
        f1_0.student_id=?
Hibernate: 
    select
        f1_0.id,
        f1_0.balance_amount,
        f1_0.last_payment_date,
        f1_0.paid_amount,
        f1_0.status,
        f1_0.student_id,
        f1_0.total_amount 
    from
        fees f1_0 
    where
        f1_0.student_id=?
Hibernate: 
    select
        f1_0.id,
        f1_0.balance_amount,
        f1_0.last_payment_date,
        f1_0.paid_amount,
        f1_0.status,
        f1_0.student_id,
        f1_0.total_amount 
    from
        fees f1_0 
    where
        f1_0.student_id=?
Hibernate: 
    select
        f1_0.id,
        f1_0.balance_amount,
        f1_0.last_payment_date,
        f1_0.paid_amount,
        f1_0.status,
        f1_0.student_id,
        f1_0.total_amount 
    from
        fees f1_0 
    where
        f1_0.student_id=?
Hibernate: 
    select
        f1_0.id,
        f1_0.balance_amount,
        f1_0.last_payment_date,
        f1_0.paid_amount,
        f1_0.status,
        f1_0.student_id,
        f1_0.total_amount 
    from
        fees f1_0 
    where
        f1_0.student_id=?
Hibernate: 
    select
        s1_0.id,
        s1_0.created_at,
        s1_0.designation,
        s1_0.email,
        s1_0.experience,
        s1_0.joining_date,
        s1_0.last_login,
        s1_0.mobile,
        s1_0.name,
        s1_0.qualification,
        s1_0.salary,
        s1_0.staff_id,
        s1_0.status,
        s1_0.token 
    from
        staff s1_0 
    where
        s1_0.id=?
Hibernate: 
    select
        c1_0.id,
        c1_0.category,
        c1_0.course_id,
        c1_0.created_at,
        c1_0.description,
        c1_0.duration,
        c1_0.fees,
        c1_0.image_path,
        c1_0.name,
        c1_0.status,
        c1_0.syllabus_path 
    from
        courses c1_0 
    where
        c1_0.id=?
Hibernate: 
    select
        b1_0.id,
        b1_0.batch_name,
        b1_0.course_id,
        b1_0.created_at,
        b1_0.instructor,
        b1_0.start_date,
        b1_0.status,
        b1_0.timing 
    from
        batches b1_0 
    where
        b1_0.id=?
Hibernate: 
    select
        f1_0.id,
        f1_0.balance_amount,
        f1_0.last_payment_date,
        f1_0.paid_amount,
        f1_0.status,
        f1_0.student_id,
        f1_0.total_amount 
    from
        fees f1_0 
    where
        f1_0.student_id=?
Hibernate: 
    select
        f1_0.id,
        f1_0.balance_amount,
        f1_0.last_payment_date,
        f1_0.paid_amount,
        f1_0.status,
        f1_0.student_id,
        f1_0.total_amount 
    from
        fees f1_0 
    where
        f1_0.student_id=?
Hibernate: 
    select
        f1_0.id,
        f1_0.balance_amount,
        f1_0.last_payment_date,
        f1_0.paid_amount,
        f1_0.status,
        f1_0.student_id,
        f1_0.total_amount 
    from
        fees f1_0 
    where
        f1_0.student_id=?
Hibernate: 
    select
        f1_0.id,
        f1_0.balance_amount,
        f1_0.last_payment_date,
        f1_0.paid_amount,
        f1_0.status,
        f1_0.student_id,
        f1_0.total_amount 
    from
        fees f1_0 
    where
        f1_0.student_id=?
Hibernate: 
    select
        f1_0.id,
        f1_0.balance_amount,
        f1_0.last_payment_date,
        f1_0.paid_amount,
        f1_0.status,
        f1_0.student_id,
        f1_0.total_amount 
    from
        fees f1_0 
    where
        f1_0.student_id=?
Hibernate: 
    select
        f1_0.id,
        f1_0.balance_amount,
        f1_0.last_payment_date,
        f1_0.paid_amount,
        f1_0.status,
        f1_0.student_id,
        f1_0.total_amount 
    from
        fees f1_0 
    where
        f1_0.student_id=?
Hibernate: 
    select
        f1_0.id,
        f1_0.balance_amount,
        f1_0.last_payment_date,
        f1_0.paid_amount,
        f1_0.status,
        f1_0.student_id,
        f1_0.total_amount 
    from
        fees f1_0 
    where
        f1_0.student_id=?
Hibernate: 
    select
        f1_0.id,
        f1_0.balance_amount,
        f1_0.last_payment_date,
        f1_0.paid_amount,
        f1_0.status,
        f1_0.student_id,
        f1_0.total_amount 
    from
        fees f1_0 
    where
        f1_0.student_id=?
Hibernate: 
    select
        f1_0.id,
        f1_0.balance_amount,
        f1_0.last_payment_date,
        f1_0.paid_amount,
        f1_0.status,
        f1_0.student_id,
        f1_0.total_amount 
    from
        fees f1_0 
    where
        f1_0.student_id=?
Hibernate: 
    select
        f1_0.id,
        f1_0.balance_amount,
        f1_0.last_payment_date,
        f1_0.paid_amount,
        f1_0.status,
        f1_0.student_id,
        f1_0.total_amount 
    from
        fees f1_0 
    where
        f1_0.student_id=?
Hibernate: 
    select
        f1_0.id,
        f1_0.balance_amount,
        f1_0.last_payment_date,
        f1_0.paid_amount,
        f1_0.status,
        f1_0.student_id,
        f1_0.total_amount 
    from
        fees f1_0 
    where
        f1_0.student_id=?
Hibernate: 
    select
        u1_0.id,
        u1_0.created_at,
        u1_0.email,
        u1_0.full_name,
        u1_0.last_login,
        u1_0.password,
        u1_0.role_id,
        u1_0.status,
        u1_0.token,
        u1_0.username 
    from
        users u1_0 
    where
        u1_0.token=?
Hibernate: 
    select
        r1_0.id,
        r1_0.created_at,
        r1_0.role_name 
    from
        roles r1_0 
    where
        r1_0.id=?
Hibernate: 
    select
        n1_0.id,
        n1_0.created_at,
        n1_0.is_read,
        n1_0.message,
        n1_0.title,
        n1_0.type,
        n1_0.user_id,
        n1_0.user_type 
    from
        notifications n1_0 
    where
        (
            n1_0.user_id=? 
            or lower(n1_0.user_type)=lower(?) 
            or n1_0.user_type='all'
        ) 
    order by
        n1_0.created_at desc
Hibernate: 
    select
        u1_0.id,
        u1_0.created_at,
        u1_0.email,
        u1_0.full_name,
        u1_0.last_login,
        u1_0.password,
        u1_0.role_id,
        u1_0.status,
        u1_0.token,
        u1_0.username 
    from
        users u1_0 
    where
        u1_0.token=?
Hibernate: 
    select
        r1_0.id,
        r1_0.created_at,
        r1_0.role_name 
    from
        roles r1_0 
    where
        r1_0.id=?
Hibernate: 
    select
        n1_0.id,
        n1_0.created_at,
        n1_0.is_read,
        n1_0.message,
        n1_0.title,
        n1_0.type,
        n1_0.user_id,
        n1_0.user_type 
    from
        notifications n1_0 
    where
        (
            n1_0.user_id=? 
            or lower(n1_0.user_type)=lower(?) 
            or n1_0.user_type='all'
        ) 
    order by
        n1_0.created_at desc
Hibernate: 
    select
        u1_0.id,
        u1_0.created_at,
        u1_0.email,
        u1_0.full_name,
        u1_0.last_login,
        u1_0.password,
        u1_0.role_id,
        u1_0.status,
        u1_0.token,
        u1_0.username 
    from
        users u1_0 
    where
        u1_0.token=?
Hibernate: 
    select
        s1_0.id,
        s1_0.created_at,
        s1_0.designation,
        s1_0.email,
        s1_0.experience,
        s1_0.joining_date,
        s1_0.last_login,
        s1_0.mobile,
        s1_0.name,
        s1_0.qualification,
        s1_0.salary,
        s1_0.staff_id,
        s1_0.status,
        s1_0.token 
    from
        staff s1_0 
    where
        s1_0.token=?
Hibernate: 
    select
        s1_0.id,
        s1_0.batch_id,
        s1_0.course_id,
        s1_0.created_at,
        s1_0.district,
        s1_0.dob,
        s1_0.email,
        s1_0.father_name,
        s1_0.instructor,
        s1_0.joining_date,
        s1_0.last_login,
        s1_0.mobile,
        s1_0.name,
        s1_0.parent_mobile,
        s1_0.password,
        s1_0.qualification,
        s1_0.referral_profession,
        s1_0.referred_by,
        s1_0.reg_number,
        s1_0.start_date,
        s1_0.status,
        s1_0.timing,
        s1_0.token 
    from
        students s1_0 
    where
        s1_0.token=?
Hibernate: 
    select
        u1_0.id,
        u1_0.created_at,
        u1_0.email,
        u1_0.full_name,
        u1_0.last_login,
        u1_0.password,
        u1_0.role_id,
        u1_0.status,
        u1_0.token,
        u1_0.username 
    from
        users u1_0 
    where
        u1_0.token=?
Hibernate: 
    select
        s1_0.id,
        s1_0.created_at,
        s1_0.designation,
        s1_0.email,
        s1_0.experience,
        s1_0.joining_date,
        s1_0.last_login,
        s1_0.mobile,
        s1_0.name,
        s1_0.qualification,
        s1_0.salary,
        s1_0.staff_id,
        s1_0.status,
        s1_0.token 
    from
        staff s1_0 
    where
        s1_0.token=?
Hibernate: 
    select
        s1_0.id,
        s1_0.batch_id,
        s1_0.course_id,
        s1_0.created_at,
        s1_0.district,
        s1_0.dob,
        s1_0.email,
        s1_0.father_name,
        s1_0.instructor,
        s1_0.joining_date,
        s1_0.last_login,
        s1_0.mobile,
        s1_0.name,
        s1_0.parent_mobile,
        s1_0.password,
        s1_0.qualification,
        s1_0.referral_profession,
        s1_0.referred_by,
        s1_0.reg_number,
        s1_0.start_date,
        s1_0.status,
        s1_0.timing,
        s1_0.token 
    from
        students s1_0 
    where
        s1_0.token=?
Hibernate: 
    select
        u1_0.id,
        u1_0.created_at,
        u1_0.email,
        u1_0.full_name,
        u1_0.last_login,
        u1_0.password,
        u1_0.role_id,
        u1_0.status,
        u1_0.token,
        u1_0.username 
    from
        users u1_0 
    where
        u1_0.username=?
Hibernate: 
    select
        r1_0.id,
        r1_0.created_at,
        r1_0.role_name 
    from
        roles r1_0 
    where
        r1_0.id=?
Hibernate: 
    update
        users 
    set
        created_at=?,
        email=?,
        full_name=?,
        last_login=?,
        password=?,
        role_id=?,
        status=?,
        token=?,
        username=? 
    where
        id=?
Hibernate: 
    select
        u1_0.id,
        u1_0.created_at,
        u1_0.email,
        u1_0.full_name,
        u1_0.last_login,
        u1_0.password,
        u1_0.role_id,
        u1_0.status,
        u1_0.token,
        u1_0.username 
    from
        users u1_0 
    where
        u1_0.token=?
Hibernate: 
    select
        r1_0.id,
        r1_0.created_at,
        r1_0.role_name 
    from
        roles r1_0 
    where
        r1_0.id=?
Hibernate: 
    select
        u1_0.id,
        u1_0.created_at,
        u1_0.email,
        u1_0.full_name,
        u1_0.last_login,
        u1_0.password,
        u1_0.role_id,
        u1_0.status,
        u1_0.token,
        u1_0.username 
    from
        users u1_0 
    where
        u1_0.username=?
Hibernate: 
    select
        r1_0.id,
        r1_0.created_at,
        r1_0.role_name 
    from
        roles r1_0 
    where
        r1_0.id=?
Hibernate: 
    update
        users 
    set
        created_at=?,
        email=?,
        full_name=?,
        last_login=?,
        password=?,
        role_id=?,
        status=?,
        token=?,
        username=? 
    where
        id=?
Hibernate: 
    select
        u1_0.id,
        u1_0.created_at,
        u1_0.email,
        u1_0.full_name,
        u1_0.last_login,
        u1_0.password,
        u1_0.role_id,
        u1_0.status,
        u1_0.token,
        u1_0.username 
    from
        users u1_0 
    where
        u1_0.token=?
Hibernate: 
    select
        r1_0.id,
        r1_0.created_at,
        r1_0.role_name 
    from
        roles r1_0 
    where
        r1_0.id=?
Hibernate: 
    select
        u1_0.id,
        u1_0.created_at,
        u1_0.email,
        u1_0.full_name,
        u1_0.last_login,
        u1_0.password,
        u1_0.role_id,
        u1_0.status,
        u1_0.token,
        u1_0.username 
    from
        users u1_0 
    where
        u1_0.token=?
Hibernate: 
    select
        r1_0.id,
        r1_0.created_at,
        r1_0.role_name 
    from
        roles r1_0 
    where
        r1_0.id=?
Hibernate: 
    select
        n1_0.id,
        n1_0.created_at,
        n1_0.is_read,
        n1_0.message,
        n1_0.title,
        n1_0.type,
        n1_0.user_id,
        n1_0.user_type 
    from
        notifications n1_0 
    where
        (
            n1_0.user_id=? 
            or lower(n1_0.user_type)=lower(?) 
            or n1_0.user_type='all'
        ) 
    order by
        n1_0.created_at desc
Hibernate: 
    select
        is1_0.id,
        is1_0.address,
        is1_0.admin_as_staff,
        is1_0.allow_performance_exams,
        is1_0.appearance_color,
        is1_0.appearance_mode,
        is1_0.course_id_last_number,
        is1_0.course_id_mode,
        is1_0.course_id_prefix,
        is1_0.course_id_start_from,
        is1_0.course_id_suffix,
        is1_0.email,
        is1_0.institute_name,
        is1_0.logo_path,
        is1_0.name,
        is1_0.phone,
        is1_0.reg_last_number,
        is1_0.reg_mode,
        is1_0.reg_prefix,
        is1_0.reg_start_from,
        is1_0.reg_suffix,
        is1_0.registration_id,
        is1_0.staff_id_last_number,
        is1_0.staff_id_mode,
        is1_0.staff_id_prefix,
        is1_0.staff_id_start_from,
        is1_0.staff_id_suffix,
        is1_0.updated_at 
    from
        institute_settings is1_0 
    where
        is1_0.id=?
Hibernate: 
    select
        u1_0.id,
        u1_0.created_at,
        u1_0.email,
        u1_0.full_name,
        u1_0.last_login,
        u1_0.password,
        u1_0.role_id,
        u1_0.status,
        u1_0.token,
        u1_0.username 
    from
        users u1_0 
    where
        u1_0.token=?
Hibernate: 
    select
        u1_0.id,
        u1_0.created_at,
        u1_0.email,
        u1_0.full_name,
        u1_0.last_login,
        u1_0.password,
        u1_0.role_id,
        u1_0.status,
        u1_0.token,
        u1_0.username 
    from
        users u1_0 
    where
        u1_0.token=?
Hibernate: 
    select
        r1_0.id,
        r1_0.created_at,
        r1_0.role_name 
    from
        roles r1_0 
    where
        r1_0.id=?
Hibernate: 
    select
        r1_0.id,
        r1_0.created_at,
        r1_0.role_name 
    from
        roles r1_0 
    where
        r1_0.id=?
Hibernate: 
    select
        u1_0.id,
        u1_0.created_at,
        u1_0.email,
        u1_0.full_name,
        u1_0.last_login,
        u1_0.password,
        u1_0.role_id,
        u1_0.status,
        u1_0.token,
        u1_0.username 
    from
        users u1_0 
    where
        u1_0.token=?
Hibernate: 
    select
        r1_0.id,
        r1_0.created_at,
        r1_0.role_name 
    from
        roles r1_0 
    where
        r1_0.id=?
Hibernate: 
    select
        u1_0.id,
        u1_0.created_at,
        u1_0.email,
        u1_0.full_name,
        u1_0.last_login,
        u1_0.password,
        u1_0.role_id,
        u1_0.status,
        u1_0.token,
        u1_0.username 
    from
        users u1_0 
    where
        u1_0.token=?
Hibernate: 
    select
        r1_0.id,
        r1_0.created_at,
        r1_0.role_name 
    from
        roles r1_0 
    where
        r1_0.id=?
Hibernate: 
    select
        c1_0.id,
        c1_0.category,
        c1_0.course_id,
        c1_0.created_at,
        c1_0.description,
        c1_0.duration,
        c1_0.fees,
        c1_0.image_path,
        c1_0.name,
        c1_0.status,
        c1_0.syllabus_path 
    from
        courses c1_0
Hibernate: 
    select
        f1_0.id,
        f1_0.balance_amount,
        f1_0.last_payment_date,
        f1_0.paid_amount,
        f1_0.status,
        f1_0.student_id,
        f1_0.total_amount 
    from
        fees f1_0
Hibernate: 
    select
        u1_0.id,
        u1_0.created_at,
        u1_0.email,
        u1_0.full_name,
        u1_0.last_login,
        u1_0.password,
        u1_0.role_id,
        u1_0.status,
        u1_0.token,
        u1_0.username 
    from
        users u1_0 
    where
        u1_0.token=?
Hibernate: 
    select
        u1_0.id,
        u1_0.created_at,
        u1_0.email,
        u1_0.full_name,
        u1_0.last_login,
        u1_0.password,
        u1_0.role_id,
        u1_0.status,
        u1_0.token,
        u1_0.username 
    from
        users u1_0 
    where
        u1_0.token=?
Hibernate: 
    select
        r1_0.id,
        r1_0.created_at,
        r1_0.role_name 
    from
        roles r1_0 
    where
        r1_0.id=?
Hibernate: 
    select
        s1_0.id,
        s1_0.batch_id,
        s1_0.course_id,
        s1_0.created_at,
        s1_0.district,
        s1_0.dob,
        s1_0.email,
        s1_0.father_name,
        s1_0.instructor,
        s1_0.joining_date,
        s1_0.last_login,
        s1_0.mobile,
        s1_0.name,
        s1_0.parent_mobile,
        s1_0.password,
        s1_0.qualification,
        s1_0.referral_profession,
        s1_0.referred_by,
        s1_0.reg_number,
        s1_0.start_date,
        s1_0.status,
        s1_0.timing,
        s1_0.token 
    from
        students s1_0 
    where
        s1_0.course_id=?
Hibernate: 
    select
        r1_0.id,
        r1_0.created_at,
        r1_0.role_name 
    from
        roles r1_0 
    where
        r1_0.id=?
Hibernate: 
    SELECT
        DATE_FORMAT(joining_date, '%b') as month,
        COUNT(*) as count 
    FROM
        students 
    WHERE
        joining_date >= ? 
    GROUP BY
        DATE_FORMAT(joining_date, '%Y-%m') 
    ORDER BY
        joining_date ASC
Hibernate: 
    select
        count(*) 
    from
        students s1_0
Hibernate: 
    select
        s1_0.id,
        s1_0.batch_id,
        s1_0.course_id,
        s1_0.created_at,
        s1_0.district,
        s1_0.dob,
        s1_0.email,
        s1_0.father_name,
        s1_0.instructor,
        s1_0.joining_date,
        s1_0.last_login,
        s1_0.mobile,
        s1_0.name,
        s1_0.parent_mobile,
        s1_0.password,
        s1_0.qualification,
        s1_0.referral_profession,
        s1_0.referred_by,
        s1_0.reg_number,
        s1_0.start_date,
        s1_0.status,
        s1_0.timing,
        s1_0.token 
    from
        students s1_0 
    where
        s1_0.id=?
Hibernate: 
    select
        e1_0.category,
        sum(e1_0.amount) 
    from
        expenses e1_0 
    group by
        e1_0.category
Hibernate: 
    select
        count(s1_0.id) 
    from
        students s1_0 
    where
        s1_0.status=?
Hibernate: 
    select
        al1_0.id,
        al1_0.action,
        al1_0.created_at,
        al1_0.description,
        al1_0.user_id,
        al1_0.user_type 
    from
        activity_log al1_0 
    order by
        al1_0.created_at desc 
    limit
        ?
Hibernate: 
    select
        s1_0.id,
        s1_0.batch_id,
        s1_0.course_id,
        s1_0.created_at,
        s1_0.district,
        s1_0.dob,
        s1_0.email,
        s1_0.father_name,
        s1_0.instructor,
        s1_0.joining_date,
        s1_0.last_login,
        s1_0.mobile,
        s1_0.name,
        s1_0.parent_mobile,
        s1_0.password,
        s1_0.qualification,
        s1_0.referral_profession,
        s1_0.referred_by,
        s1_0.reg_number,
        s1_0.start_date,
        s1_0.status,
        s1_0.timing,
        s1_0.token 
    from
        students s1_0 
    where
        s1_0.id=?
Hibernate: 
    select
        s1_0.id,
        s1_0.batch_id,
        s1_0.course_id,
        s1_0.created_at,
        s1_0.district,
        s1_0.dob,
        s1_0.email,
        s1_0.father_name,
        s1_0.instructor,
        s1_0.joining_date,
        s1_0.last_login,
        s1_0.mobile,
        s1_0.name,
        s1_0.parent_mobile,
        s1_0.password,
        s1_0.qualification,
        s1_0.referral_profession,
        s1_0.referred_by,
        s1_0.reg_number,
        s1_0.start_date,
        s1_0.status,
        s1_0.timing,
        s1_0.token 
    from
        students s1_0 
    where
        s1_0.id=?
Hibernate: 
    select
        s1_0.id,
        s1_0.batch_id,
        s1_0.course_id,
        s1_0.created_at,
        s1_0.district,
        s1_0.dob,
        s1_0.email,
        s1_0.father_name,
        s1_0.instructor,
        s1_0.joining_date,
        s1_0.last_login,
        s1_0.mobile,
        s1_0.name,
        s1_0.parent_mobile,
        s1_0.password,
        s1_0.qualification,
        s1_0.referral_profession,
        s1_0.referred_by,
        s1_0.reg_number,
        s1_0.start_date,
        s1_0.status,
        s1_0.timing,
        s1_0.token 
    from
        students s1_0 
    where
        s1_0.course_id=?
Hibernate: 
    select
        count(s1_0.id) 
    from
        students s1_0 
    where
        s1_0.status=?
Hibernate: 
    select
        count(*) 
    from
        batches b1_0
Hibernate: 
    select
        s1_0.id,
        s1_0.batch_id,
        s1_0.course_id,
        s1_0.created_at,
        s1_0.district,
        s1_0.dob,
        s1_0.email,
        s1_0.father_name,
        s1_0.instructor,
        s1_0.joining_date,
        s1_0.last_login,
        s1_0.mobile,
        s1_0.name,
        s1_0.parent_mobile,
        s1_0.password,
        s1_0.qualification,
        s1_0.referral_profession,
        s1_0.referred_by,
        s1_0.reg_number,
        s1_0.start_date,
        s1_0.status,
        s1_0.timing,
        s1_0.token 
    from
        students s1_0 
    where
        s1_0.id=?
Hibernate: 
    select
        f1_0.id,
        f1_0.balance_amount,
        f1_0.last_payment_date,
        f1_0.paid_amount,
        f1_0.status,
        f1_0.student_id,
        f1_0.total_amount 
    from
        fees f1_0 
    where
        f1_0.student_id=?
Hibernate: 
    select
        count(*) 
    from
        courses c1_0
Hibernate: 
    select
        f1_0.id,
        f1_0.balance_amount,
        f1_0.last_payment_date,
        f1_0.paid_amount,
        f1_0.status,
        f1_0.student_id,
        f1_0.total_amount 
    from
        fees f1_0 
    where
        f1_0.student_id=?
Hibernate: 
    select
        s1_0.id,
        s1_0.batch_id,
        s1_0.course_id,
        s1_0.created_at,
        s1_0.district,
        s1_0.dob,
        s1_0.email,
        s1_0.father_name,
        s1_0.instructor,
        s1_0.joining_date,
        s1_0.last_login,
        s1_0.mobile,
        s1_0.name,
        s1_0.parent_mobile,
        s1_0.password,
        s1_0.qualification,
        s1_0.referral_profession,
        s1_0.referred_by,
        s1_0.reg_number,
        s1_0.start_date,
        s1_0.status,
        s1_0.timing,
        s1_0.token 
    from
        students s1_0 
    where
        s1_0.id=?
Hibernate: 
    select
        f1_0.id,
        f1_0.balance_amount,
        f1_0.last_payment_date,
        f1_0.paid_amount,
        f1_0.status,
        f1_0.student_id,
        f1_0.total_amount 
    from
        fees f1_0 
    where
        f1_0.student_id=?
Hibernate: 
    select
        coalesce(sum(f1_0.paid_amount), 0) 
    from
        fees f1_0
Hibernate: 
    select
        s1_0.id,
        s1_0.batch_id,
        s1_0.course_id,
        s1_0.created_at,
        s1_0.district,
        s1_0.dob,
        s1_0.email,
        s1_0.father_name,
        s1_0.instructor,
        s1_0.joining_date,
        s1_0.last_login,
        s1_0.mobile,
        s1_0.name,
        s1_0.parent_mobile,
        s1_0.password,
        s1_0.qualification,
        s1_0.referral_profession,
        s1_0.referred_by,
        s1_0.reg_number,
        s1_0.start_date,
        s1_0.status,
        s1_0.timing,
        s1_0.token 
    from
        students s1_0 
    where
        s1_0.id=?
Hibernate: 
    select
        f1_0.id,
        f1_0.balance_amount,
        f1_0.last_payment_date,
        f1_0.paid_amount,
        f1_0.status,
        f1_0.student_id,
        f1_0.total_amount 
    from
        fees f1_0 
    where
        f1_0.student_id=?
Hibernate: 
    select
        f1_0.id,
        f1_0.balance_amount,
        f1_0.last_payment_date,
        f1_0.paid_amount,
        f1_0.status,
        f1_0.student_id,
        f1_0.total_amount 
    from
        fees f1_0 
    where
        f1_0.student_id=?
Hibernate: 
    select
        s1_0.id,
        s1_0.batch_id,
        s1_0.course_id,
        s1_0.created_at,
        s1_0.district,
        s1_0.dob,
        s1_0.email,
        s1_0.father_name,
        s1_0.instructor,
        s1_0.joining_date,
        s1_0.last_login,
        s1_0.mobile,
        s1_0.name,
        s1_0.parent_mobile,
        s1_0.password,
        s1_0.qualification,
        s1_0.referral_profession,
        s1_0.referred_by,
        s1_0.reg_number,
        s1_0.start_date,
        s1_0.status,
        s1_0.timing,
        s1_0.token 
    from
        students s1_0 
    where
        s1_0.id=?
Hibernate: 
    select
        f1_0.id,
        f1_0.balance_amount,
        f1_0.last_payment_date,
        f1_0.paid_amount,
        f1_0.status,
        f1_0.student_id,
        f1_0.total_amount 
    from
        fees f1_0 
    where
        f1_0.student_id=?
Hibernate: 
    select
        s1_0.id,
        s1_0.batch_id,
        s1_0.course_id,
        s1_0.created_at,
        s1_0.district,
        s1_0.dob,
        s1_0.email,
        s1_0.father_name,
        s1_0.instructor,
        s1_0.joining_date,
        s1_0.last_login,
        s1_0.mobile,
        s1_0.name,
        s1_0.parent_mobile,
        s1_0.password,
        s1_0.qualification,
        s1_0.referral_profession,
        s1_0.referred_by,
        s1_0.reg_number,
        s1_0.start_date,
        s1_0.status,
        s1_0.timing,
        s1_0.token 
    from
        students s1_0 
    where
        s1_0.id=?
Hibernate: 
    select
        f1_0.id,
        f1_0.balance_amount,
        f1_0.last_payment_date,
        f1_0.paid_amount,
        f1_0.status,
        f1_0.student_id,
        f1_0.total_amount 
    from
        fees f1_0 
    where
        f1_0.student_id=?
Hibernate: 
    select
        f1_0.id,
        f1_0.balance_amount,
        f1_0.last_payment_date,
        f1_0.paid_amount,
        f1_0.status,
        f1_0.student_id,
        f1_0.total_amount 
    from
        fees f1_0 
    where
        f1_0.student_id=?
Hibernate: 
    select
        s1_0.id,
        s1_0.batch_id,
        s1_0.course_id,
        s1_0.created_at,
        s1_0.district,
        s1_0.dob,
        s1_0.email,
        s1_0.father_name,
        s1_0.instructor,
        s1_0.joining_date,
        s1_0.last_login,
        s1_0.mobile,
        s1_0.name,
        s1_0.parent_mobile,
        s1_0.password,
        s1_0.qualification,
        s1_0.referral_profession,
        s1_0.referred_by,
        s1_0.reg_number,
        s1_0.start_date,
        s1_0.status,
        s1_0.timing,
        s1_0.token 
    from
        students s1_0 
    where
        s1_0.id=?
Hibernate: 
    select
        f1_0.id,
        f1_0.balance_amount,
        f1_0.last_payment_date,
        f1_0.paid_amount,
        f1_0.status,
        f1_0.student_id,
        f1_0.total_amount 
    from
        fees f1_0 
    where
        f1_0.student_id=?
Hibernate: 
    select
        s1_0.id,
        s1_0.batch_id,
        s1_0.course_id,
        s1_0.created_at,
        s1_0.district,
        s1_0.dob,
        s1_0.email,
        s1_0.father_name,
        s1_0.instructor,
        s1_0.joining_date,
        s1_0.last_login,
        s1_0.mobile,
        s1_0.name,
        s1_0.parent_mobile,
        s1_0.password,
        s1_0.qualification,
        s1_0.referral_profession,
        s1_0.referred_by,
        s1_0.reg_number,
        s1_0.start_date,
        s1_0.status,
        s1_0.timing,
        s1_0.token 
    from
        students s1_0 
    where
        s1_0.id=?
Hibernate: 
    select
        f1_0.id,
        f1_0.balance_amount,
        f1_0.last_payment_date,
        f1_0.paid_amount,
        f1_0.status,
        f1_0.student_id,
        f1_0.total_amount 
    from
        fees f1_0 
    where
        f1_0.student_id=?
Hibernate: 
    select
        s1_0.id,
        s1_0.batch_id,
        s1_0.course_id,
        s1_0.created_at,
        s1_0.district,
        s1_0.dob,
        s1_0.email,
        s1_0.father_name,
        s1_0.instructor,
        s1_0.joining_date,
        s1_0.last_login,
        s1_0.mobile,
        s1_0.name,
        s1_0.parent_mobile,
        s1_0.password,
        s1_0.qualification,
        s1_0.referral_profession,
        s1_0.referred_by,
        s1_0.reg_number,
        s1_0.start_date,
        s1_0.status,
        s1_0.timing,
        s1_0.token 
    from
        students s1_0 
    where
        s1_0.id=?
Hibernate: 
    select
        f1_0.id,
        f1_0.balance_amount,
        f1_0.last_payment_date,
        f1_0.paid_amount,
        f1_0.status,
        f1_0.student_id,
        f1_0.total_amount 
    from
        fees f1_0 
    where
        f1_0.student_id=?
Hibernate: 
    select
        s1_0.id,
        s1_0.batch_id,
        s1_0.course_id,
        s1_0.created_at,
        s1_0.district,
        s1_0.dob,
        s1_0.email,
        s1_0.father_name,
        s1_0.instructor,
        s1_0.joining_date,
        s1_0.last_login,
        s1_0.mobile,
        s1_0.name,
        s1_0.parent_mobile,
        s1_0.password,
        s1_0.qualification,
        s1_0.referral_profession,
        s1_0.referred_by,
        s1_0.reg_number,
        s1_0.start_date,
        s1_0.status,
        s1_0.timing,
        s1_0.token 
    from
        students s1_0 
    where
        s1_0.id=?
Hibernate: 
    select
        f1_0.id,
        f1_0.balance_amount,
        f1_0.last_payment_date,
        f1_0.paid_amount,
        f1_0.status,
        f1_0.student_id,
        f1_0.total_amount 
    from
        fees f1_0 
    where
        f1_0.student_id=?
Hibernate: 
    select
        s1_0.id,
        s1_0.batch_id,
        s1_0.course_id,
        s1_0.created_at,
        s1_0.district,
        s1_0.dob,
        s1_0.email,
        s1_0.father_name,
        s1_0.instructor,
        s1_0.joining_date,
        s1_0.last_login,
        s1_0.mobile,
        s1_0.name,
        s1_0.parent_mobile,
        s1_0.password,
        s1_0.qualification,
        s1_0.referral_profession,
        s1_0.referred_by,
        s1_0.reg_number,
        s1_0.start_date,
        s1_0.status,
        s1_0.timing,
        s1_0.token 
    from
        students s1_0 
    where
        s1_0.id=?
Hibernate: 
    select
        f1_0.id,
        f1_0.balance_amount,
        f1_0.last_payment_date,
        f1_0.paid_amount,
        f1_0.status,
        f1_0.student_id,
        f1_0.total_amount 
    from
        fees f1_0 
    where
        f1_0.student_id=?
Hibernate: 
    select
        s1_0.id,
        s1_0.batch_id,
        s1_0.course_id,
        s1_0.created_at,
        s1_0.district,
        s1_0.dob,
        s1_0.email,
        s1_0.father_name,
        s1_0.instructor,
        s1_0.joining_date,
        s1_0.last_login,
        s1_0.mobile,
        s1_0.name,
        s1_0.parent_mobile,
        s1_0.password,
        s1_0.qualification,
        s1_0.referral_profession,
        s1_0.referred_by,
        s1_0.reg_number,
        s1_0.start_date,
        s1_0.status,
        s1_0.timing,
        s1_0.token 
    from
        students s1_0 
    where
        s1_0.id=?
Hibernate: 
    select
        f1_0.id,
        f1_0.balance_amount,
        f1_0.last_payment_date,
        f1_0.paid_amount,
        f1_0.status,
        f1_0.student_id,
        f1_0.total_amount 
    from
        fees f1_0 
    where
        f1_0.student_id=?
Hibernate: 
    select
        f1_0.id,
        f1_0.balance_amount,
        f1_0.last_payment_date,
        f1_0.paid_amount,
        f1_0.status,
        f1_0.student_id,
        f1_0.total_amount 
    from
        fees f1_0 
    where
        f1_0.student_id=?
Hibernate: 
    select
        f1_0.id,
        f1_0.balance_amount,
        f1_0.last_payment_date,
        f1_0.paid_amount,
        f1_0.status,
        f1_0.student_id,
        f1_0.total_amount 
    from
        fees f1_0 
    where
        f1_0.student_id=?
Hibernate: 
    select
        s1_0.id,
        s1_0.batch_id,
        s1_0.course_id,
        s1_0.created_at,
        s1_0.district,
        s1_0.dob,
        s1_0.email,
        s1_0.father_name,
        s1_0.instructor,
        s1_0.joining_date,
        s1_0.last_login,
        s1_0.mobile,
        s1_0.name,
        s1_0.parent_mobile,
        s1_0.password,
        s1_0.qualification,
        s1_0.referral_profession,
        s1_0.referred_by,
        s1_0.reg_number,
        s1_0.start_date,
        s1_0.status,
        s1_0.timing,
        s1_0.token 
    from
        students s1_0 
    where
        s1_0.course_id=?
Hibernate: 
    select
        s1_0.id,
        s1_0.batch_id,
        s1_0.course_id,
        s1_0.created_at,
        s1_0.district,
        s1_0.dob,
        s1_0.email,
        s1_0.father_name,
        s1_0.instructor,
        s1_0.joining_date,
        s1_0.last_login,
        s1_0.mobile,
        s1_0.name,
        s1_0.parent_mobile,
        s1_0.password,
        s1_0.qualification,
        s1_0.referral_profession,
        s1_0.referred_by,
        s1_0.reg_number,
        s1_0.start_date,
        s1_0.status,
        s1_0.timing,
        s1_0.token 
    from
        students s1_0 
    where
        s1_0.course_id=?
Hibernate: 
    select
        f1_0.id,
        f1_0.balance_amount,
        f1_0.last_payment_date,
        f1_0.paid_amount,
        f1_0.status,
        f1_0.student_id,
        f1_0.total_amount 
    from
        fees f1_0 
    where
        f1_0.student_id=?
Hibernate: 
    select
        f1_0.id,
        f1_0.balance_amount,
        f1_0.last_payment_date,
        f1_0.paid_amount,
        f1_0.status,
        f1_0.student_id,
        f1_0.total_amount 
    from
        fees f1_0 
    where
        f1_0.student_id=?
Hibernate: 
    select
        s1_0.id,
        s1_0.batch_id,
        s1_0.course_id,
        s1_0.created_at,
        s1_0.district,
        s1_0.dob,
        s1_0.email,
        s1_0.father_name,
        s1_0.instructor,
        s1_0.joining_date,
        s1_0.last_login,
        s1_0.mobile,
        s1_0.name,
        s1_0.parent_mobile,
        s1_0.password,
        s1_0.qualification,
        s1_0.referral_profession,
        s1_0.referred_by,
        s1_0.reg_number,
        s1_0.start_date,
        s1_0.status,
        s1_0.timing,
        s1_0.token 
    from
        students s1_0 
    where
        s1_0.course_id=?
Hibernate: 
    select
        s1_0.id,
        s1_0.batch_id,
        s1_0.course_id,
        s1_0.created_at,
        s1_0.district,
        s1_0.dob,
        s1_0.email,
        s1_0.father_name,
        s1_0.instructor,
        s1_0.joining_date,
        s1_0.last_login,
        s1_0.mobile,
        s1_0.name,
        s1_0.parent_mobile,
        s1_0.password,
        s1_0.qualification,
        s1_0.referral_profession,
        s1_0.referred_by,
        s1_0.reg_number,
        s1_0.start_date,
        s1_0.status,
        s1_0.timing,
        s1_0.token 
    from
        students s1_0 
    where
        s1_0.course_id=?
Hibernate: 
    select
        f1_0.id,
        f1_0.balance_amount,
        f1_0.last_payment_date,
        f1_0.paid_amount,
        f1_0.status,
        f1_0.student_id,
        f1_0.total_amount 
    from
        fees f1_0 
    where
        f1_0.student_id=?
Hibernate: 
    select
        f1_0.id,
        f1_0.balance_amount,
        f1_0.last_payment_date,
        f1_0.paid_amount,
        f1_0.status,
        f1_0.student_id,
        f1_0.total_amount 
    from
        fees f1_0 
    where
        f1_0.student_id=?
Hibernate: 
    select
        s1_0.id,
        s1_0.batch_id,
        s1_0.course_id,
        s1_0.created_at,
        s1_0.district,
        s1_0.dob,
        s1_0.email,
        s1_0.father_name,
        s1_0.instructor,
        s1_0.joining_date,
        s1_0.last_login,
        s1_0.mobile,
        s1_0.name,
        s1_0.parent_mobile,
        s1_0.password,
        s1_0.qualification,
        s1_0.referral_profession,
        s1_0.referred_by,
        s1_0.reg_number,
        s1_0.start_date,
        s1_0.status,
        s1_0.timing,
        s1_0.token 
    from
        students s1_0 
    where
        s1_0.course_id=?
Hibernate: 
    select
        s1_0.id,
        s1_0.batch_id,
        s1_0.course_id,
        s1_0.created_at,
        s1_0.district,
        s1_0.dob,
        s1_0.email,
        s1_0.father_name,
        s1_0.instructor,
        s1_0.joining_date,
        s1_0.last_login,
        s1_0.mobile,
        s1_0.name,
        s1_0.parent_mobile,
        s1_0.password,
        s1_0.qualification,
        s1_0.referral_profession,
        s1_0.referred_by,
        s1_0.reg_number,
        s1_0.start_date,
        s1_0.status,
        s1_0.timing,
        s1_0.token 
    from
        students s1_0 
    where
        s1_0.course_id=?
Hibernate: 
    select
        u1_0.id,
        u1_0.created_at,
        u1_0.email,
        u1_0.full_name,
        u1_0.last_login,
        u1_0.password,
        u1_0.role_id,
        u1_0.status,
        u1_0.token,
        u1_0.username 
    from
        users u1_0 
    where
        u1_0.token=?
Hibernate: 
    select
        s1_0.id,
        s1_0.created_at,
        s1_0.designation,
        s1_0.email,
        s1_0.experience,
        s1_0.joining_date,
        s1_0.last_login,
        s1_0.mobile,
        s1_0.name,
        s1_0.qualification,
        s1_0.salary,
        s1_0.staff_id,
        s1_0.status,
        s1_0.token 
    from
        staff s1_0 
    where
        s1_0.token=?
Hibernate: 
    select
        s1_0.id,
        s1_0.batch_id,
        s1_0.course_id,
        s1_0.created_at,
        s1_0.district,
        s1_0.dob,
        s1_0.email,
        s1_0.father_name,
        s1_0.instructor,
        s1_0.joining_date,
        s1_0.last_login,
        s1_0.mobile,
        s1_0.name,
        s1_0.parent_mobile,
        s1_0.password,
        s1_0.qualification,
        s1_0.referral_profession,
        s1_0.referred_by,
        s1_0.reg_number,
        s1_0.start_date,
        s1_0.status,
        s1_0.timing,
        s1_0.token 
    from
        students s1_0 
    where
        s1_0.token=?
Hibernate: 
    select
        u1_0.id,
        u1_0.created_at,
        u1_0.email,
        u1_0.full_name,
        u1_0.last_login,
        u1_0.password,
        u1_0.role_id,
        u1_0.status,
        u1_0.token,
        u1_0.username 
    from
        users u1_0 
    where
        u1_0.token=?
Hibernate: 
    select
        s1_0.id,
        s1_0.created_at,
        s1_0.designation,
        s1_0.email,
        s1_0.experience,
        s1_0.joining_date,
        s1_0.last_login,
        s1_0.mobile,
        s1_0.name,
        s1_0.qualification,
        s1_0.salary,
        s1_0.staff_id,
        s1_0.status,
        s1_0.token 
    from
        staff s1_0 
    where
        s1_0.token=?
Hibernate: 
    select
        s1_0.id,
        s1_0.batch_id,
        s1_0.course_id,
        s1_0.created_at,
        s1_0.district,
        s1_0.dob,
        s1_0.email,
        s1_0.father_name,
        s1_0.instructor,
        s1_0.joining_date,
        s1_0.last_login,
        s1_0.mobile,
        s1_0.name,
        s1_0.parent_mobile,
        s1_0.password,
        s1_0.qualification,
        s1_0.referral_profession,
        s1_0.referred_by,
        s1_0.reg_number,
        s1_0.start_date,
        s1_0.status,
        s1_0.timing,
        s1_0.token 
    from
        students s1_0 
    where
        s1_0.token=?
Hibernate: 
    select
        u1_0.id,
        u1_0.created_at,
        u1_0.email,
        u1_0.full_name,
        u1_0.last_login,
        u1_0.password,
        u1_0.role_id,
        u1_0.status,
        u1_0.token,
        u1_0.username 
    from
        users u1_0 
    where
        u1_0.token=?
Hibernate: 
    select
        u1_0.id,
        u1_0.created_at,
        u1_0.email,
        u1_0.full_name,
        u1_0.last_login,
        u1_0.password,
        u1_0.role_id,
        u1_0.status,
        u1_0.token,
        u1_0.username 
    from
        users u1_0 
    where
        u1_0.token=?
Hibernate: 
    select
        u1_0.id,
        u1_0.created_at,
        u1_0.email,
        u1_0.full_name,
        u1_0.last_login,
        u1_0.password,
        u1_0.role_id,
        u1_0.status,
        u1_0.token,
        u1_0.username 
    from
        users u1_0 
    where
        u1_0.token=?
Hibernate: 
    select
        r1_0.id,
        r1_0.created_at,
        r1_0.role_name 
    from
        roles r1_0 
    where
        r1_0.id=?
Hibernate: 
    select
        r1_0.id,
        r1_0.created_at,
        r1_0.role_name 
    from
        roles r1_0 
    where
        r1_0.id=?
Hibernate: 
    select
        r1_0.id,
        r1_0.created_at,
        r1_0.role_name 
    from
        roles r1_0 
    where
        r1_0.id=?
Hibernate: 
    select
        is1_0.id,
        is1_0.address,
        is1_0.admin_as_staff,
        is1_0.allow_performance_exams,
        is1_0.appearance_color,
        is1_0.appearance_mode,
        is1_0.course_id_last_number,
        is1_0.course_id_mode,
        is1_0.course_id_prefix,
        is1_0.course_id_start_from,
        is1_0.course_id_suffix,
        is1_0.email,
        is1_0.institute_name,
        is1_0.logo_path,
        is1_0.name,
        is1_0.phone,
        is1_0.reg_last_number,
        is1_0.reg_mode,
        is1_0.reg_prefix,
        is1_0.reg_start_from,
        is1_0.reg_suffix,
        is1_0.registration_id,
        is1_0.staff_id_last_number,
        is1_0.staff_id_mode,
        is1_0.staff_id_prefix,
        is1_0.staff_id_start_from,
        is1_0.staff_id_suffix,
        is1_0.updated_at 
    from
        institute_settings is1_0 
    where
        is1_0.id=?
Hibernate: 
    select
        u1_0.id,
        u1_0.created_at,
        u1_0.email,
        u1_0.full_name,
        u1_0.last_login,
        u1_0.password,
        u1_0.role_id,
        u1_0.status,
        u1_0.token,
        u1_0.username 
    from
        users u1_0 
    where
        u1_0.token=?
Hibernate: 
    select
        c1_0.id,
        c1_0.category,
        c1_0.course_id,
        c1_0.created_at,
        c1_0.description,
        c1_0.duration,
        c1_0.fees,
        c1_0.image_path,
        c1_0.name,
        c1_0.status,
        c1_0.syllabus_path 
    from
        courses c1_0
Hibernate: 
    select
        r1_0.id,
        r1_0.created_at,
        r1_0.role_name 
    from
        roles r1_0 
    where
        r1_0.id=?
Hibernate: 
    select
        cf1_0.id,
        cf1_0.created_at,
        cf1_0.field_label,
        cf1_0.field_type,
        cf1_0.is_required,
        cf1_0.location,
        cf1_0.options,
        cf1_0.updated_at 
    from
        custom_fields cf1_0 
    where
        cf1_0.location=?
Hibernate: 
    select
        u1_0.id,
        u1_0.created_at,
        u1_0.email,
        u1_0.full_name,
        u1_0.last_login,
        u1_0.password,
        u1_0.role_id,
        u1_0.status,
        u1_0.token,
        u1_0.username 
    from
        users u1_0 
    where
        u1_0.token=?
Hibernate: 
    select
        u1_0.id,
        u1_0.created_at,
        u1_0.email,
        u1_0.full_name,
        u1_0.last_login,
        u1_0.password,
        u1_0.role_id,
        u1_0.status,
        u1_0.token,
        u1_0.username 
    from
        users u1_0 
    where
        u1_0.token=?
Hibernate: 
    select
        s1_0.id,
        s1_0.batch_id,
        s1_0.course_id,
        s1_0.created_at,
        s1_0.district,
        s1_0.dob,
        s1_0.email,
        s1_0.father_name,
        s1_0.instructor,
        s1_0.joining_date,
        s1_0.last_login,
        s1_0.mobile,
        s1_0.name,
        s1_0.parent_mobile,
        s1_0.password,
        s1_0.qualification,
        s1_0.referral_profession,
        s1_0.referred_by,
        s1_0.reg_number,
        s1_0.start_date,
        s1_0.status,
        s1_0.timing,
        s1_0.token 
    from
        students s1_0 
    order by
        s1_0.reg_number
Hibernate: 
    select
        r1_0.id,
        r1_0.created_at,
        r1_0.role_name 
    from
        roles r1_0 
    where
        r1_0.id=?
Hibernate: 
    select
        r1_0.id,
        r1_0.created_at,
        r1_0.role_name 
    from
        roles r1_0 
    where
        r1_0.id=?
Hibernate: 
    select
        cf1_0.id,
        cf1_0.created_at,
        cf1_0.field_label,
        cf1_0.field_type,
        cf1_0.is_required,
        cf1_0.location,
        cf1_0.options,
        cf1_0.updated_at 
    from
        custom_fields cf1_0 
    where
        cf1_0.location=?
Hibernate: 
    select
        c1_0.id,
        c1_0.category,
        c1_0.course_id,
        c1_0.created_at,
        c1_0.description,
        c1_0.duration,
        c1_0.fees,
        c1_0.image_path,
        c1_0.name,
        c1_0.status,
        c1_0.syllabus_path 
    from
        courses c1_0
Hibernate: 
    select
        c1_0.id,
        c1_0.category,
        c1_0.course_id,
        c1_0.created_at,
        c1_0.description,
        c1_0.duration,
        c1_0.fees,
        c1_0.image_path,
        c1_0.name,
        c1_0.status,
        c1_0.syllabus_path 
    from
        courses c1_0 
    where
        c1_0.id=?
Hibernate: 
    select
        f1_0.id,
        f1_0.balance_amount,
        f1_0.last_payment_date,
        f1_0.paid_amount,
        f1_0.status,
        f1_0.student_id,
        f1_0.total_amount 
    from
        fees f1_0 
    where
        f1_0.student_id=?
Hibernate: 
    select
        s1_0.id,
        s1_0.created_at,
        s1_0.designation,
        s1_0.email,
        s1_0.experience,
        s1_0.joining_date,
        s1_0.last_login,
        s1_0.mobile,
        s1_0.name,
        s1_0.qualification,
        s1_0.salary,
        s1_0.staff_id,
        s1_0.status,
        s1_0.token 
    from
        staff s1_0 
    where
        s1_0.id=?
Hibernate: 
    select
        f1_0.id,
        f1_0.balance_amount,
        f1_0.last_payment_date,
        f1_0.paid_amount,
        f1_0.status,
        f1_0.student_id,
        f1_0.total_amount 
    from
        fees f1_0 
    where
        f1_0.student_id=?
Hibernate: 
    select
        c1_0.id,
        c1_0.category,
        c1_0.course_id,
        c1_0.created_at,
        c1_0.description,
        c1_0.duration,
        c1_0.fees,
        c1_0.image_path,
        c1_0.name,
        c1_0.status,
        c1_0.syllabus_path 
    from
        courses c1_0 
    where
        c1_0.id=?
Hibernate: 
    select
        b1_0.id,
        b1_0.batch_name,
        b1_0.course_id,
        b1_0.created_at,
        b1_0.instructor,
        b1_0.start_date,
        b1_0.status,
        b1_0.timing 
    from
        batches b1_0 
    where
        b1_0.id=?
Hibernate: 
    select
        f1_0.id,
        f1_0.balance_amount,
        f1_0.last_payment_date,
        f1_0.paid_amount,
        f1_0.status,
        f1_0.student_id,
        f1_0.total_amount 
    from
        fees f1_0 
    where
        f1_0.student_id=?
Hibernate: 
    select
        f1_0.id,
        f1_0.balance_amount,
        f1_0.last_payment_date,
        f1_0.paid_amount,
        f1_0.status,
        f1_0.student_id,
        f1_0.total_amount 
    from
        fees f1_0 
    where
        f1_0.student_id=?
Hibernate: 
    select
        s1_0.id,
        s1_0.created_at,
        s1_0.designation,
        s1_0.email,
        s1_0.experience,
        s1_0.joining_date,
        s1_0.last_login,
        s1_0.mobile,
        s1_0.name,
        s1_0.qualification,
        s1_0.salary,
        s1_0.staff_id,
        s1_0.status,
        s1_0.token 
    from
        staff s1_0 
    where
        s1_0.id=?
Hibernate: 
    select
        b1_0.id,
        b1_0.batch_name,
        b1_0.course_id,
        b1_0.created_at,
        b1_0.instructor,
        b1_0.start_date,
        b1_0.status,
        b1_0.timing 
    from
        batches b1_0 
    where
        b1_0.id=?
Hibernate: 
    select
        f1_0.id,
        f1_0.balance_amount,
        f1_0.last_payment_date,
        f1_0.paid_amount,
        f1_0.status,
        f1_0.student_id,
        f1_0.total_amount 
    from
        fees f1_0 
    where
        f1_0.student_id=?
Hibernate: 
    select
        f1_0.id,
        f1_0.balance_amount,
        f1_0.last_payment_date,
        f1_0.paid_amount,
        f1_0.status,
        f1_0.student_id,
        f1_0.total_amount 
    from
        fees f1_0 
    where
        f1_0.student_id=?
Hibernate: 
    select
        f1_0.id,
        f1_0.balance_amount,
        f1_0.last_payment_date,
        f1_0.paid_amount,
        f1_0.status,
        f1_0.student_id,
        f1_0.total_amount 
    from
        fees f1_0 
    where
        f1_0.student_id=?
Hibernate: 
    select
        f1_0.id,
        f1_0.balance_amount,
        f1_0.last_payment_date,
        f1_0.paid_amount,
        f1_0.status,
        f1_0.student_id,
        f1_0.total_amount 
    from
        fees f1_0 
    where
        f1_0.student_id=?
Hibernate: 
    select
        f1_0.id,
        f1_0.balance_amount,
        f1_0.last_payment_date,
        f1_0.paid_amount,
        f1_0.status,
        f1_0.student_id,
        f1_0.total_amount 
    from
        fees f1_0 
    where
        f1_0.student_id=?
Hibernate: 
    select
        s1_0.id,
        s1_0.created_at,
        s1_0.designation,
        s1_0.email,
        s1_0.experience,
        s1_0.joining_date,
        s1_0.last_login,
        s1_0.mobile,
        s1_0.name,
        s1_0.qualification,
        s1_0.salary,
        s1_0.staff_id,
        s1_0.status,
        s1_0.token 
    from
        staff s1_0 
    where
        s1_0.id=?
Hibernate: 
    select
        c1_0.id,
        c1_0.category,
        c1_0.course_id,
        c1_0.created_at,
        c1_0.description,
        c1_0.duration,
        c1_0.fees,
        c1_0.image_path,
        c1_0.name,
        c1_0.status,
        c1_0.syllabus_path 
    from
        courses c1_0 
    where
        c1_0.id=?
Hibernate: 
    select
        b1_0.id,
        b1_0.batch_name,
        b1_0.course_id,
        b1_0.created_at,
        b1_0.instructor,
        b1_0.start_date,
        b1_0.status,
        b1_0.timing 
    from
        batches b1_0 
    where
        b1_0.id=?
Hibernate: 
    select
        f1_0.id,
        f1_0.balance_amount,
        f1_0.last_payment_date,
        f1_0.paid_amount,
        f1_0.status,
        f1_0.student_id,
        f1_0.total_amount 
    from
        fees f1_0 
    where
        f1_0.student_id=?
Hibernate: 
    select
        f1_0.id,
        f1_0.balance_amount,
        f1_0.last_payment_date,
        f1_0.paid_amount,
        f1_0.status,
        f1_0.student_id,
        f1_0.total_amount 
    from
        fees f1_0 
    where
        f1_0.student_id=?
Hibernate: 
    select
        f1_0.id,
        f1_0.balance_amount,
        f1_0.last_payment_date,
        f1_0.paid_amount,
        f1_0.status,
        f1_0.student_id,
        f1_0.total_amount 
    from
        fees f1_0 
    where
        f1_0.student_id=?
Hibernate: 
    select
        f1_0.id,
        f1_0.balance_amount,
        f1_0.last_payment_date,
        f1_0.paid_amount,
        f1_0.status,
        f1_0.student_id,
        f1_0.total_amount 
    from
        fees f1_0 
    where
        f1_0.student_id=?
Hibernate: 
    select
        f1_0.id,
        f1_0.balance_amount,
        f1_0.last_payment_date,
        f1_0.paid_amount,
        f1_0.status,
        f1_0.student_id,
        f1_0.total_amount 
    from
        fees f1_0 
    where
        f1_0.student_id=?
Hibernate: 
    select
        f1_0.id,
        f1_0.balance_amount,
        f1_0.last_payment_date,
        f1_0.paid_amount,
        f1_0.status,
        f1_0.student_id,
        f1_0.total_amount 
    from
        fees f1_0 
    where
        f1_0.student_id=?
Hibernate: 
    select
        f1_0.id,
        f1_0.balance_amount,
        f1_0.last_payment_date,
        f1_0.paid_amount,
        f1_0.status,
        f1_0.student_id,
        f1_0.total_amount 
    from
        fees f1_0 
    where
        f1_0.student_id=?
Hibernate: 
    select
        f1_0.id,
        f1_0.balance_amount,
        f1_0.last_payment_date,
        f1_0.paid_amount,
        f1_0.status,
        f1_0.student_id,
        f1_0.total_amount 
    from
        fees f1_0 
    where
        f1_0.student_id=?
Hibernate: 
    select
        f1_0.id,
        f1_0.balance_amount,
        f1_0.last_payment_date,
        f1_0.paid_amount,
        f1_0.status,
        f1_0.student_id,
        f1_0.total_amount 
    from
        fees f1_0 
    where
        f1_0.student_id=?
Hibernate: 
    select
        f1_0.id,
        f1_0.balance_amount,
        f1_0.last_payment_date,
        f1_0.paid_amount,
        f1_0.status,
        f1_0.student_id,
        f1_0.total_amount 
    from
        fees f1_0 
    where
        f1_0.student_id=?
Hibernate: 
    select
        f1_0.id,
        f1_0.balance_amount,
        f1_0.last_payment_date,
        f1_0.paid_amount,
        f1_0.status,
        f1_0.student_id,
        f1_0.total_amount 
    from
        fees f1_0 
    where
        f1_0.student_id=?
Hibernate: 
    select
        u1_0.id,
        u1_0.created_at,
        u1_0.email,
        u1_0.full_name,
        u1_0.last_login,
        u1_0.password,
        u1_0.role_id,
        u1_0.status,
        u1_0.token,
        u1_0.username 
    from
        users u1_0 
    where
        u1_0.token=?
Hibernate: 
    select
        r1_0.id,
        r1_0.created_at,
        r1_0.role_name 
    from
        roles r1_0 
    where
        r1_0.id=?
Hibernate: 
    select
        s1_0.id,
        s1_0.batch_id,
        s1_0.course_id,
        s1_0.created_at,
        s1_0.district,
        s1_0.dob,
        s1_0.email,
        s1_0.father_name,
        s1_0.instructor,
        s1_0.joining_date,
        s1_0.last_login,
        s1_0.mobile,
        s1_0.name,
        s1_0.parent_mobile,
        s1_0.password,
        s1_0.qualification,
        s1_0.referral_profession,
        s1_0.referred_by,
        s1_0.reg_number,
        s1_0.start_date,
        s1_0.status,
        s1_0.timing,
        s1_0.token 
    from
        students s1_0 
    where
        s1_0.reg_number=?
Hibernate: 
    insert 
    into
        activity_log
        (action, created_at, description, user_id, user_type) 
    values
        (?, ?, ?, ?, ?)
Hibernate: 
    update
        students 
    set
        batch_id=?,
        course_id=?,
        created_at=?,
        district=?,
        dob=?,
        email=?,
        father_name=?,
        instructor=?,
        joining_date=?,
        last_login=?,
        mobile=?,
        name=?,
        parent_mobile=?,
        password=?,
        qualification=?,
        referral_profession=?,
        referred_by=?,
        reg_number=?,
        start_date=?,
        status=?,
        timing=?,
        token=? 
    where
        id=?
2026-03-22T21:55:26.384+05:30  WARN 23636 --- [institute-api] [io-8080-exec-10] o.h.engine.jdbc.spi.SqlExceptionHelper   : SQL Error: 1265, SQLState: 01000
2026-03-22T21:55:26.419+05:30 ERROR 23636 --- [institute-api] [io-8080-exec-10] o.h.engine.jdbc.spi.SqlExceptionHelper   : Data truncated for column 'status' at row 1
